,,,,,,,,,,Last Refresh:,2026-09-28 08:10,,,RW Proj,DraftEdge,DFF Proj,FantsasyPros,NumberFire,SportsLine,RotoBaller,My Proj,Football Guys,FantasyLabs,Ceiling,Avg Proj,Max,Total
Source,Slate,Week Date,Projection Total,Result Total,Projection Error,Metric,Source,Value,Accuracy,History Date:,2026-09-01,,,0.08,0.05,0.2,0.14,0.1,0.07,0,0.04,0.16,0.1,0,0.06,0,1.0000000000000002
Weighted,Wed-Thu,2026-09-10 10:52,103.04675333333333,69.7,33.346753333333325,Best Accuracy (Lowest Avg Error),AI: Tournament (Ceiling),-18.06,1.1565199803519317,,,,,,,,,,,,,,,,,,
AVG,Wed-Thu,2026-09-10 10:52,103.56822222222223,69.7,33.86822222222223,Highest Average Result,AI: Tournament (Ceiling),133.42,,,,,,,,,,,,,,,,,,,
Best 5 Projection,Wed-Thu,2026-09-10 10:52,100.85940000000001,90.6,10.259400000000014,,,,,,,,,,,,,,,,,,,,,,
DFF,Wed-Thu,2026-09-10 10:52,107.60000000000001,65.80000000000001,41.8,Source,Avg Projection,Avg Result,Avg Error,Accuracy,Weeks Count,,,,,,,,,,,,,,,,
FantasyPros,Wed-Thu,2026-09-10 10:52,100.59599999999999,90.6,9.995999999999995,AI: Tournament (Ceiling),115.36333333333333,133.42000000000002,-18.056666666666686,1.1565199803519317,3,,,,,,,,,,,,,,,,
FootballGuys,Wed-Thu,2026-09-10 10:53,104.2236,61.72,42.503600000000006,AI: Cash,108.755,119.0325,-10.277500000000007,1.09450140223438,8,,,,,,,,,,,,,,,,
FantasyLabs,Wed-Thu,2026-09-10 10:53,102.39000000000001,95.9,6.490000000000009,FantasyPros,107.46911111111109,117.43222222222224,-9.963111111111113,1.0927067415753573,9,,,,,,,,,,,,,,,,
RotoWire,Wed-Thu,2026-09-10 10:53,107.60000000000001,65.80000000000001,41.8,FantasyLabs,110.63666666666667,119.08888888888889,-8.452222222222225,1.0763962118244905,9,,,,,,,,,,,,,,,,
NumberFire,Wed-Thu,2026-09-10 10:53,101.27,91.3,9.969999999999999,FootballGuys,97.68135555555556,105.09222222222223,-7.410866666666662,1.0758677705127853,9,,,,,,,,,,,,,,,,
DraftEdge,Wed-Thu,2026-09-10 10:53,124.30000000000001,44.1,80.20000000000002,Best 5 Projection,108.87563111111113,113.31555555555558,-4.439924444444445,1.0407797814729849,9,,,,,,,,,,,,,,,,
SportsLine,Wed-Thu,2026-09-10 10:53,106.08999999999999,84.7,21.389999999999986,NumberFire,110.22111111111111,114.26444444444445,-4.04333333333334,1.0366838375386849,9,,,,,,,,,,,,,,,,
Weighted,Main,2026-09-13 12:02,127.47888400000002,117.26,10.218884000000017,DFF,110.36111111111111,111.93444444444445,-1.5733333333333377,1.0142562295494588,9,,,,,,,,,,,,,,,,
AVG,Main,2026-09-13 12:02,128.2212,117.26,10.961200000000005,RotoWire,110.84444444444446,110.97444444444447,-0.13000000000000966,1.001172814755413,9,,,,,,,,,,,,,,,,
Best 5 Projection,Main,2026-09-13 12:03,127.46679999999999,117.26,10.206799999999987,AVG,110.11473185185187,109.1288888888889,0.985842962962961,0.9910471292407148,9,,,,,,,,,,,,,,,,
DFF,Main,2026-09-13 12:03,127.10000000000001,171.7,-44.59999999999998,Weighted,113.12219196666668,110.27375,2.8484419666666696,0.9748197774711967,8,,,,,,,,,,,,,,,,
FantasyPros,Main,2026-09-13 12:03,125.06000000000002,141.6,-16.539999999999978,AI: Tournament,107.49875,104.60375,2.8949999999999925,0.9730694542959802,8,,,,,,,,,,,,,,,,
FootballGuys,Main,2026-09-13 12:04,128.96400000000003,128.26,0.7040000000000362,AI: Friends League,126.01499999999999,122.86000000000001,3.154999999999987,0.9749632980200772,2,,,,,,,,,,,,,,,,
FantasyLabs,Main,2026-09-13 12:04,129.47,111.46000000000001,18.00999999999999,SportsLine,117.00444444444445,113.11222222222223,3.8922222222222143,0.9667344070500647,9,,,,,,,,,,,,,,,,
RotoWire,Main,2026-09-13 12:04,126.19999999999999,161.26000000000002,-35.06000000000003,DraftEdge,123.58333333333333,104.7088888888889,18.874444444444435,0.8472735446167678,9,,,,,,,,,,,,,,,,
NumberFire,Main,2026-09-13 12:04,131.89999999999998,114.72,17.17999999999998,,,,,,,,,,,,,,,,,,,,,,
DraftEdge,Main,2026-09-13 12:04,144.7,99.06,45.639999999999986,,,,,,,,,,,,,,,,,,,,,,
SportsLine,Main,2026-09-13 12:05,140,134.26000000000002,5.739999999999981,,,,,,,,,,,,,,,,,,,,,,
AI: Tournament,Main,2026-09-13 12:05,123.84,141.8,-17.960000000000008,,,,,,,,,,,,,,,,,,,,,,
AI: Tournament (Ceiling),Main,2026-09-13 12:05,122.96,133.90000000000003,-10.94000000000004,,,,,,,,,,,,,,,,,,,,,,
AI: Cash,Main,2026-09-13 12:05,125.37,108.56,16.810000000000002,,,,,,,,,,,,,,,,,,,,,,
Weighted,SNF-MNF,2026-09-13 20:12,110.72692746666667,132.10000000000002,-21.373072533333357,,,,,,,,,,,,,,,,,,,,,,
AVG,SNF-MNF,2026-09-13 20:12,111.28388444444444,132.10000000000002,-20.816115555555584,,,,,,,,,,,,,,,,,,,,,,
Best 5 Projection,SNF-MNF,2026-09-13 20:12,109.75676,138.70000000000002,-28.943240000000017,,,,,,,,,,,,,,,,,,,,,,
DFF,SNF-MNF,2026-09-13 20:12,110.5,132.10000000000002,-21.600000000000023,,,,,,,,,,,,,,,,,,,,,,
FantasyPros,SNF-MNF,2026-09-13 20:12,110.70800000000001,147.70000000000002,-36.992000000000004,,,,,,,,,,,,,,,,,,,,,,
FootballGuys,SNF-MNF,2026-09-13 20:12,107.9842,129.14000000000001,-21.155800000000013,,,,,,,,,,,,,,,,,,,,,,
FantasyLabs,SNF-MNF,2026-09-13 20:12,110.88000000000002,132.10000000000002,-21.22,,,,,,,,,,,,,,,,,,,,,,
RotoWire,SNF-MNF,2026-09-13 20:12,110.5,132.10000000000002,-21.600000000000023,,,,,,,,,,,,,,,,,,,,,,
NumberFire,SNF-MNF,2026-09-13 20:12,110.20000000000002,132.10000000000002,-21.900000000000006,,,,,,,,,,,,,,,,,,,,,,
DraftEdge,SNF-MNF,2026-09-13 20:12,123.19999999999999,109.4,13.799999999999983,,,,,,,,,,,,,,,,,,,,,,
SportsLine,SNF-MNF,2026-09-13 20:13,115.27999999999999,138.70000000000002,-23.42000000000003,,,,,,,,,,,,,,,,,,,,,,
AI: Tournament,SNF-MNF,2026-09-13 20:13,102.7,90.34,12.36,,,,,,,,,,,,,,,,,,,,,,
AI: Tournament (Ceiling),SNF-MNF,2026-09-13 20:13,106,159.8,-53.80000000000001,,,,,,,,,,,,,,,,,,,,,,
AI: Cash,SNF-MNF,2026-09-13 20:13,107.47,154.5,-47.03,,,,,,,,,,,,,,,,,,,,,,
Weighted,Single,2026-09-17 17:55,99.44000000000001,148.81,-49.36999999999999,,,,,,,,,,,,,,,,,,,,,,
AVG,Single,2026-09-17 17:56,100.08000000000001,148.81,-48.72999999999999,,,,,,,,,,,,,,,,,,,,,,
Best 5 Projection,Single,2026-09-17 17:56,99.00000000000001,148.81,-49.80999999999999,,,,,,,,,,,,,,,,,,,,,,
DFF,Single,2026-09-17 17:56,99.5,151,-51.5,,,,,,,,,,,,,,,,,,,,,,
FantasyPros,Single,2026-09-17 17:56,98.52,148.81,-50.290000000000006,,,,,,,,,,,,,,,,,,,,,,
FootballGuys,Single,2026-09-17 17:56,98.72999999999999,133.4,-34.670000000000016,Slate Summary,,,,,,,,,,,,,,,,,,,,,
FantasyLabs,Single,2026-09-17 17:56,101.55000000000001,148.81,-47.25999999999999,Source,Slate,Avg Projection,Avg Result,Avg Error,Accuracy,Weeks Count,,,,,,,,,,,,,,,
RotoWire,Single,2026-09-17 17:56,99.5,151,-51.5,FantasyPros,Main,124.234,147.08666666666667,-22.852666666666664,1.1839485701713433,3,,,,,,,,,,,,,,,
NumberFire,Single,2026-09-17 17:56,99.3,148.81,-49.510000000000005,NumberFire,Main,129.35666666666665,138.90666666666667,-9.55000000000002,1.073826886901848,3,,,,,,,,,,,,,,,
DraftEdge,Single,2026-09-17 17:56,108.1,151.01000000000002,-42.910000000000025,Weighted,Main,126.13608942222224,138.62666666666667,-12.49057724444443,1.099024611446721,3,,,,,,,,,,,,,,,
SportsLine,Single,2026-09-17 17:56,104.16,137.71,-33.55000000000001,FantasyLabs,Main,128.83,138.41333333333333,-9.583333333333334,1.074387435638697,3,,,,,,,,,,,,,,,
AI: Cash,Single,2026-09-17 17:56,99.02,123.83000000000001,-24.810000000000016,Best 5 Projection,Main,125.94650666666666,136.79333333333332,-10.846826666666667,1.0861224892515213,3,,,,,,,,,,,,,,,
AI: Tournament,Single,2026-09-17 17:56,99.41,122.95000000000002,-23.54000000000002,DFF,Main,127.32666666666667,136.28,-8.953333333333328,1.0703178176867898,3,,,,,,,,,,,,,,,
Weighted,Main,2026-09-20 10:54,122.41343200000001,141.06,-18.646567999999988,AVG,Main,127.18250074074075,135.56,-8.377499259259261,1.0658699051399896,3,,,,,,,,,,,,,,,
AVG,Main,2026-09-20 10:54,123.45977777777777,131.86,-8.40022222222224,RotoWire,Main,128.77666666666667,133.4,-4.623333333333345,1.0359019491108639,3,,,,,,,,,,,,,,,
Best 5 Projection,Main,2026-09-20 10:54,122.2396,135.56,-13.320400000000006,AI: Tournament,Main,124.60000000000001,132.30666666666667,-7.706666666666678,1.0618512573568752,3,,,,,,,,,,,,,,,
DFF,Main,2026-09-20 10:54,124.78999999999999,106.58,18.209999999999994,FootballGuys,Main,87.62253333333335,124.56,-36.93746666666666,1.4215521425995443,3,,,,,,,,,,,,,,,
FantasyPros,Main,2026-09-20 10:54,120.58200000000001,141.98,-21.397999999999982,SportsLine,Main,140.97666666666666,123,17.976666666666656,0.8724848083607216,3,,,,,,,,,,,,,,,
FootballGuys,Main,2026-09-20 10:54,0,115.36000000000001,-115.36000000000001,AI: Friends League,Main,126.01499999999999,122.86000000000001,3.154999999999987,0.9749632980200772,2,,,,,,,,,,,,,,,
FantasyLabs,Main,2026-09-20 10:55,125.69,133.26,-7.569999999999993,DraftEdge,Main,144.16666666666666,121.60000000000001,22.566666666666652,0.8434682080924856,3,,,,,,,,,,,,,,,
RotoWire,Main,2026-09-20 10:55,126.03,94.44,31.590000000000003,AI: Tournament (Ceiling),Main,120.04499999999999,120.23000000000002,-0.1850000000000236,1.0015410887583824,2,,,,,,,,,,,,,,,
NumberFire,Main,2026-09-20 10:55,120.73999999999998,144.16,-23.420000000000016,AI: Cash,Main,125.53000000000002,119.06000000000002,6.469999999999989,0.9484585358081734,3,,,,,,,,,,,,,,,
DraftEdge,Main,2026-09-20 10:55,139.2,134.18,5.019999999999982,AI: Tournament (Ceiling),SNF-MNF,106,159.8,-53.80000000000001,1.5075471698113208,1,,,,,,,,,,,,,,,
SportsLine,Main,2026-09-20 10:55,141.26,77.54,63.719999999999985,AI: Cash,SNF-MNF,104.48666666666666,119.22666666666667,-14.74,1.141070631021502,3,,,,,,,,,,,,,,,
AI: Cash,Main,2026-09-20 10:55,122.03,125.36000000000001,-3.3300000000000125,SportsLine,SNF-MNF,111.64333333333333,104.79333333333334,6.849999999999999,0.9386438957394082,3,,,,,,,,,,,,,,,
AI: Tournament,Main,2026-09-20 10:55,121.72,121.46000000000001,0.2599999999999909,FantasyLabs,SNF-MNF,108.52666666666666,99.42666666666668,9.099999999999989,0.9161496406413172,3,,,,,,,,,,,,,,,
AI: Friends League,Main,2026-09-20 10:55,122.08,127.36,-5.280000000000001,DFF,SNF-MNF,107.85666666666667,89.40000000000002,18.45666666666665,0.8288778316902063,3,,,,,,,,,,,,,,,
AI: Tournament (Ceiling),Main,2026-09-20 10:55,117.13,106.56,10.569999999999993,RotoWire,SNF-MNF,107.85666666666667,89.40000000000002,18.45666666666665,0.8288778316902063,3,,,,,,,,,,,,,,,
Weighted,SNF-MNF,2026-09-20 19:34,110.40964266666666,106.5,3.909642666666656,FantasyPros,SNF-MNF,106.29466666666667,89.39333333333332,16.90133333333333,0.84099547170758,3,,,,,,,,,,,,,,,
AVG,SNF-MNF,2026-09-20 19:34,111.34924444444444,106.5,4.849244444444437,DraftEdge,SNF-MNF,122.06666666666666,88.04666666666667,34.01999999999999,0.7212998361551065,3,,,,,,,,,,,,,,,
Best 5 Projection,SNF-MNF,2026-09-20 19:34,110.2172,108.57999999999998,1.6372000000000213,FootballGuys,SNF-MNF,110.32366666666667,87.82,22.50366666666667,0.7960214036879363,3,,,,,,,,,,,,,,,
DFF,SNF-MNF,2026-09-20 19:34,112.02,104.80000000000003,7.21999999999997,NumberFire,SNF-MNF,108.75,85.99333333333334,22.756666666666664,0.7907432950191572,3,,,,,,,,,,,,,,,
FantasyPros,SNF-MNF,2026-09-20 19:34,108.03999999999998,108.57999999999998,-0.5400000000000063,Best 5 Projection,SNF-MNF,107.42725333333333,85.49333333333334,21.933919999999997,0.7958253672190447,3,,,,,,,,,,,,,,,
FootballGuys,SNF-MNF,2026-09-20 19:34,112.60880000000002,103.97999999999999,8.628800000000027,Weighted,SNF-MNF,108.02750471111112,82.60000000000001,25.4275047111111,0.7646200865315759,3,,,,,,,,,,,,,,,
FantasyLabs,SNF-MNF,2026-09-20 19:35,110.54999999999998,127.38,-16.830000000000013,AVG,SNF-MNF,108.61562074074074,81.13333333333334,27.482287407407398,0.7469766575011706,3,,,,,,,,,,,,,,,
RotoWire,SNF-MNF,2026-09-20 19:35,112.02,104.80000000000003,7.21999999999997,AI: Tournament,SNF-MNF,102.17,68.24666666666666,33.92333333333333,0.6679716811849531,3,,,,,,,,,,,,,,,
NumberFire,SNF-MNF,2026-09-20 19:35,111.87,114.18,-2.3100000000000023,Weighted,Single,99.44000000000001,148.81,-49.36999999999999,1.4964802896218823,1,,,,,,,,,,,,,,,
DraftEdge,SNF-MNF,2026-09-20 19:35,123.5,78.4,45.099999999999994,DraftEdge,Single,94.625,134.67000000000002,-40.045000000000016,1.4231968295904889,2,,,,,,,,,,,,,,,
SportsLine,SNF-MNF,2026-09-20 19:35,117.03,154.07999999999998,-37.04999999999998,DFF,Single,90.05000000000001,132.285,-42.235,1.4690172126596333,2,,,,,,,,,,,,,,,
AI: Cash,SNF-MNF,2026-09-20 19:35,104.03,169.88,-65.85,RotoWire,Single,90.05000000000001,132.285,-42.235,1.4690172126596333,2,,,,,,,,,,,,,,,
AI: Tournament,SNF-MNF,2026-09-20 19:35,104.04,90.8,13.240000000000009,AVG,Single,90.03500000000001,131.19,-41.154999999999994,1.4571000166601875,2,,,,,,,,,,,,,,,
AVG,Single,2026-09-24 12:50,79.99000000000001,113.57000000000001,-33.58,Best 5 Projection,Single,89.45000000000002,131.19,-41.739999999999995,1.4666294019005028,2,,,,,,,,,,,,,,,
Best 5 Projection,Single,2026-09-24 12:50,79.9,113.57000000000001,-33.67,FantasyLabs,Single,90.635,131.19,-40.555,1.44745407403321,2,,,,,,,,,,,,,,,
DFF,Single,2026-09-24 12:50,80.60000000000001,113.57000000000001,-32.97,NumberFire,Single,88.2,131.19,-42.99,1.4874149659863944,2,,,,,,,,,,,,,,,
FantasyPros,Single,2026-09-24 12:50,76.52,108.03999999999999,-31.519999999999996,FantasyPros,Single,87.52,128.425,-40.905,1.4673788848263256,2,,,,,,,,,,,,,,,
FootballGuys,Single,2026-09-24 12:50,82.34,113.57000000000001,-31.230000000000004,SportsLine,Single,94.54499999999999,124.965,-30.42000000000001,1.3217515468824372,2,,,,,,,,,,,,,,,
FantasyLabs,Single,2026-09-24 12:50,79.72,113.57000000000001,-33.85000000000001,FootballGuys,Single,90.535,123.48500000000001,-32.95000000000001,1.3639476445573537,2,,,,,,,,,,,,,,,
RotoWire,Single,2026-09-24 12:50,80.60000000000001,113.57000000000001,-32.97,AI: Cash,Single,89.995,118.70000000000002,-28.705000000000013,1.318962164564698,2,,,,,,,,,,,,,,,
NumberFire,Single,2026-09-24 12:51,77.10000000000001,113.57000000000001,-36.47,AI: Tournament,Single,89.84,117.58500000000001,-27.74500000000001,1.308826803205699,2,,,,,,,,,,,,,,,
DraftEdge,Single,2026-09-24 12:51,81.15,118.33000000000001,-37.18000000000001,FantasyLabs,Wed-Thu,102.39000000000001,95.9,6.490000000000009,0.9366149037991991,1,,,,,,,,,,,,,,,
SportsLine,Single,2026-09-24 12:51,84.92999999999999,112.22,-27.290000000000006,NumberFire,Wed-Thu,101.27,91.3,9.969999999999999,0.9015503110496692,1,,,,,,,,,,,,,,,
AI: Cash,Single,2026-09-24 12:51,80.97,113.57000000000001,-32.60000000000001,Best 5 Projection,Wed-Thu,100.85940000000001,90.6,10.259400000000014,0.8982801801319459,1,,,,,,,,,,,,,,,
AI: Tournament,Single,2026-09-24 12:51,80.27,112.22,-31.950000000000003,FantasyPros,Wed-Thu,100.59599999999999,90.6,9.995999999999995,0.9006322318978887,1,,,,,,,,,,,,,,,
AI: Cash,Main,2026-09-27 11:55,129.19,123.26000000000002,5.929999999999978,SportsLine,Wed-Thu,106.08999999999999,84.7,21.389999999999986,0.7983787350362901,1,,,,,,,,,,,,,,,
AI: Tournament,Main,2026-09-27 11:55,128.24,133.66000000000003,-5.420000000000016,AVG,Wed-Thu,103.56822222222223,69.7,33.86822222222223,0.672986351454865,1,,,,,,,,,,,,,,,
AI: Friends League,Main,2026-09-27 11:55,129.95,118.36000000000001,11.589999999999975,Weighted,Wed-Thu,103.04675333333333,69.7,33.346753333333325,0.6763920040696091,1,,,,,,,,,,,,,,,
Weighted,Main,2026-09-27 12:28,128.5159522666667,157.56,-29.044047733333315,DFF,Wed-Thu,107.60000000000001,65.80000000000001,41.8,0.6115241635687733,1,,,,,,,,,,,,,,,
AVG,Main,2026-09-27 12:28,129.86652444444445,157.56,-27.69347555555555,RotoWire,Wed-Thu,107.60000000000001,65.80000000000001,41.8,0.6115241635687733,1,,,,,,,,,,,,,,,
Best 5 Projection,Main,2026-09-27 12:29,128.13312000000002,157.56,-29.426879999999983,FootballGuys,Wed-Thu,104.2236,61.72,42.503600000000006,0.5921883335444179,1,,,,,,,,,,,,,,,
DFF,Main,2026-09-27 12:29,130.09,130.56,-0.46999999999999886,DraftEdge,Wed-Thu,124.30000000000001,44.1,80.20000000000002,0.35478680611423974,1,,,,,,,,,,,,,,,
FantasyPros,Main,2026-09-27 12:29,127.05999999999997,157.68,-30.620000000000033,,,,,,,,,,,,,,,,,,,,,,
FootballGuys,Main,2026-09-27 12:29,133.9036,130.06,3.8436000000000092,,,,,,,,,,,,,,,,,,,,,,
FantasyLabs,Main,2026-09-27 12:29,131.33,170.52,-39.19,,,,,,,,,,,,,,,,,,,,,,
RotoWire,Main,2026-09-27 12:29,134.1,144.5,-10.400000000000006,,,,,,,,,,,,,,,,,,,,,,
NumberFire,Main,2026-09-27 12:29,135.43,157.84000000000003,-22.410000000000025,,,,,,,,,,,,,,,,,,,,,,
DraftEdge,Main,2026-09-27 12:30,148.6,131.56,17.039999999999992,,,,,,,,,,,,,,,,,,,,,,
SportsLine,Main,2026-09-27 12:30,141.67000000000002,157.20000000000002,-15.530000000000001,,,,,,,,,,,,,,,,,,,,,,
Weighted,SNF-MNF,2026-09-27 17:55,102.94594400000001,9.200000000000001,93.74594400000001,,,,,,,,,,,,,,,,,,,,,,
AVG,SNF-MNF,2026-09-27 17:55,103.21373333333334,4.800000000000001,98.41373333333334,,,,,,,,,,,,,,,,,,,,,,
Best 5 Projection,SNF-MNF,2026-09-27 17:55,102.30779999999999,9.200000000000001,93.10779999999998,,,,,,,,,,,,,,,,,,,,,,
DFF,SNF-MNF,2026-09-27 17:55,101.05000000000001,31.300000000000004,69.75,,,,,,,,,,,,,,,,,,,,,,
FantasyPros,SNF-MNF,2026-09-27 17:55,100.13600000000001,11.900000000000002,88.236,,,,,,,,,,,,,,,,,,,,,,
FootballGuys,SNF-MNF,2026-09-27 17:55,110.378,30.34,80.038,,,,,,,,,,,,,,,,,,,,,,
FantasyLabs,SNF-MNF,2026-09-27 17:55,104.14999999999998,38.8,65.34999999999998,,,,,,,,,,,,,,,,,,,,,,
RotoWire,SNF-MNF,2026-09-27 17:55,101.05000000000001,31.300000000000004,69.75,,,,,,,,,,,,,,,,,,,,,,
NumberFire,SNF-MNF,2026-09-27 17:56,104.18,11.700000000000001,92.48,,,,,,,,,,,,,,,,,,,,,,
DraftEdge,SNF-MNF,2026-09-27 17:56,119.5,76.34,43.16,,,,,,,,,,,,,,,,,,,,,,
SportsLine,SNF-MNF,2026-09-27 17:56,102.62,21.6,81.02000000000001,,,,,,,,,,,,,,,,,,,,,,
AI: Cash,SNF-MNF,2026-09-27 17:56,101.96,33.300000000000004,68.66,,,,,,,,,,,,,,,,,,,,,,
AI: Tournament,SNF-MNF,2026-09-27 17:56,99.77,23.6,76.16999999999999,,,,,,,,,,,,,,,,,,,,,,
,,,,,,,,,,,,,,,,,,,,,,,,,,,
,,,,,,,,,,,,,,,,,,,,,,,,,,,
,,,,,,,,,,,,,,,,,,,,,,,,,,,
,,,,,,,,,,,,,,,,,,,,,,,,,,,
,,,,,,,,,,,,,,,,,,,,,,,,,,,
,,,,,,,,,,,,,,,,,,,,,,,,,,,
,,,,,,,,,,,,,,,,,,,,,,,,,,,
,,,,,,,,,,,,,,,,,,,,,,,,,,,
,,,,,,,,,,,,,,,,,,,,,,,,,,,
,,,,,,,,,,,,,,,,,,,,,,,,,,,
,,,,,,,,,,,,,,,,,,,,,,,,,,,
,,,,,,,,,,,,,,,,,,,,,,,,,,,
,,,,,,,,,,,,,,,,,,,,,,,,,,,
,,,,,,,,,,,,,,,,,,,,,,,,,,,
,,,,,,,,,,,,,,,,,,,,,,,,,,,
,,,,,,,,,,,,,,,,,,,,,,,,,,,
,,,,,,,,,,,,,,,,,,,,,,,,,,,
,,,,,,,,,,,,,,,,,,,,,,,,,,,
,,,,,,,,,,,,,,,,,,,,,,,,,,,
,,,,,,,,,,,,,,,,,,,,,,,,,,,
,,,,,,,,,,,,,,,,,,,,,,,,,,,
,,,,,,,,,,,,,,,,,,,,,,,,,,,
,,,,,,,,,,,,,,,,,,,,,,,,,,,
,,,,,,,,,,,,,,,,,,,,,,,,,,,
,,,,,,,,,,,,,,,,,,,,,,,,,,,
,,,,,,,,,,,,,,,,,,,,,,,,,,,
,,,,,,,,,,,,,,,,,,,,,,,,,,,
,,,,,,,,,,,,,,,,,,,,,,,,,,,
,,,,,,,,,,,,,,,,,,,,,,,,,,,
,,,,,,,,,,,,,,,,,,,,,,,,,,,
,,,,,,,,,,,,,,,,,,,,,,,,,,,
,,,,,,,,,,,,,,,,,,,,,,,,,,,
,,,,,,,,,,,,,,,,,,,,,,,,,,,
,,,,,,,,,,,,,,,,,,,,,,,,,,,
,,,,,,,,,,,,,,,,,,,,,,,,,,,
,,,,,,,,,,,,,,,,,,,,,,,,,,,
,,,,,,,,,,,,,,,,,,,,,,,,,,,
,,,,,,,,,,,,,,,,,,,,,,,,,,,
,,,,,,,,,,,,,,,,,,,,,,,,,,,
,,,,,,,,,,,,,,,,,,,,,,,,,,,
,,,,,,,,,,,,,,,,,,,,,,,,,,,
,,,,,,,,,,,,,,,,,,,,,,,,,,,
,,,,,,,,,,,,,,,,,,,,,,,,,,,
,,,,,,,,,,,,,,,,,,,,,,,,,,,
,,,,,,,,,,,,,,,,,,,,,,,,,,,
,,,,,,,,,,,,,,,,,,,,,,,,,,,
,,,,,,,,,,,,,,,,,,,,,,,,,,,
,,,,,,,,,,,,,,,,,,,,,,,,,,,
,,,,,,,,,,,,,,,,,,,,,,,,,,,
,,,,,,,,,,,,,,,,,,,,,,,,,,,
,,,,,,,,,,,,,,,,,,,,,,,,,,,
,,,,,,,,,,,,,,,,,,,,,,,,,,,
,,,,,,,,,,,,,,,,,,,,,,,,,,,
,,,,,,,,,,,,,,,,,,,,,,,,,,,
,,,,,,,,,,,,,,,,,,,,,,,,,,,
,,,,,,,,,,,,,,,,,,,,,,,,,,,
,,,,,,,,,,,,,,,,,,,,,,,,,,,
,,,,,,,,,,,,,,,,,,,,,,,,,,,
,,,,,,,,,,,,,,,,,,,,,,,,,,,
,,,,,,,,,,,,,,,,,,,,,,,,,,,
,,,,,,,,,,,,,,,,,,,,,,,,,,,
,,,,,,,,,,,,,,,,,,,,,,,,,,,
,,,,,,,,,,,,,,,,,,,,,,,,,,,
,,,,,,,,,,,,,,,,,,,,,,,,,,,
,,,,,,,,,,,,,,,,,,,,,,,,,,,
,,,,,,,,,,,,,,,,,,,,,,,,,,,
,,,,,,,,,,,,,,,,,,,,,,,,,,,
,,,,,,,,,,,,,,,,,,,,,,,,,,,
,,,,,,,,,,,,,,,,,,,,,,,,,,,
,,,,,,,,,,,,,,,,,,,,,,,,,,,
,,,,,,,,,,,,,,,,,,,,,,,,,,,
,,,,,,,,,,,,,,,,,,,,,,,,,,,
,,,,,,,,,,,,,,,,,,,,,,,,,,,
,,,,,,,,,,,,,,,,,,,,,,,,,,,
,,,,,,,,,,,,,,,,,,,,,,,,,,,
,,,,,,,,,,,,,,,,,,,,,,,,,,,
,,,,,,,,,,,,,,,,,,,,,,,,,,,
,,,,,,,,,,,,,,,,,,,,,,,,,,,
,,,,,,,,,,,,,,,,,,,,,,,,,,,
,,,,,,,,,,,,,,,,,,,,,,,,,,,
,,,,,,,,,,,,,,,,,,,,,,,,,,,
,,,,,,,,,,,,,,,,,,,,,,,,,,,
,,,,,,,,,,,,,,,,,,,,,,,,,,,
,,,,,,,,,,,,,,,,,,,,,,,,,,,
,,,,,,,,,,,,,,,,,,,,,,,,,,,
,,,,,,,,,,,,,,,,,,,,,,,,,,,
,,,,,,,,,,,,,,,,,,,,,,,,,,,
,,,,,,,,,,,,,,,,,,,,,,,,,,,
,,,,,,,,,,,,,,,,,,,,,,,,,,,
,,,,,,,,,,,,,,,,,,,,,,,,,,,
,,,,,,,,,,,,,,,,,,,,,,,,,,,
,,,,,,,,,,,,,,,,,,,,,,,,,,,
,,,,,,,,,,,,,,,,,,,,,,,,,,,
,,,,,,,,,,,,,,,,,,,,,,,,,,,
,,,,,,,,,,,,,,,,,,,,,,,,,,,
,,,,,,,,,,,,,,,,,,,,,,,,,,,
,,,,,,,,,,,,,,,,,,,,,,,,,,,
,,,,,,,,,,,,,,,,,,,,,,,,,,,
,,,,,,,,,,,,,,,,,,,,,,,,,,,
,,,,,,,,,,,,,,,,,,,,,,,,,,,
,,,,,,,,,,,,,,,,,,,,,,,,,,,
,,,,,,,,,,,,,,,,,,,,,,,,,,,
,,,,,,,,,,,,,,,,,,,,,,,,,,,
,,,,,,,,,,,,,,,,,,,,,,,,,,,
,,,,,,,,,,,,,,,,,,,,,,,,,,,
,,,,,,,,,,,,,,,,,,,,,,,,,,,
,,,,,,,,,,,,,,,,,,,,,,,,,,,
,,,,,,,,,,,,,,,,,,,,,,,,,,,
,,,,,,,,,,,,,,,,,,,,,,,,,,,
,,,,,,,,,,,,,,,,,,,,,,,,,,,
,,,,,,,,,,,,,,,,,,,,,,,,,,,
,,,,,,,,,,,,,,,,,,,,,,,,,,,
,,,,,,,,,,,,,,,,,,,,,,,,,,,
,,,,,,,,,,,,,,,,,,,,,,,,,,,
,,,,,,,,,,,,,,,,,,,,,,,,,,,
,,,,,,,,,,,,,,,,,,,,,,,,,,,
,,,,,,,,,,,,,,,,,,,,,,,,,,,
,,,,,,,,,,,,,,,,,,,,,,,,,,,
,,,,,,,,,,,,,,,,,,,,,,,,,,,
,,,,,,,,,,,,,,,,,,,,,,,,,,,
,,,,,,,,,,,,,,,,,,,,,,,,,,,
,,,,,,,,,,,,,,,,,,,,,,,,,,,
,,,,,,,,,,,,,,,,,,,,,,,,,,,
,,,,,,,,,,,,,,,,,,,,,,,,,,,
,,,,,,,,,,,,,,,,,,,,,,,,,,,
,,,,,,,,,,,,,,,,,,,,,,,,,,,
,,,,,,,,,,,,,,,,,,,,,,,,,,,
,,,,,,,,,,,,,,,,,,,,,,,,,,,
,,,,,,,,,,,,,,,,,,,,,,,,,,,
,,,,,,,,,,,,,,,,,,,,,,,,,,,
,,,,,,,,,,,,,,,,,,,,,,,,,,,
,,,,,,,,,,,,,,,,,,,,,,,,,,,
,,,,,,,,,,,,,,,,,,,,,,,,,,,
,,,,,,,,,,,,,,,,,,,,,,,,,,,
,,,,,,,,,,,,,,,,,,,,,,,,,,,
,,,,,,,,,,,,,,,,,,,,,,,,,,,
,,,,,,,,,,,,,,,,,,,,,,,,,,,
,,,,,,,,,,,,,,,,,,,,,,,,,,,
,,,,,,,,,,,,,,,,,,,,,,,,,,,
,,,,,,,,,,,,,,,,,,,,,,,,,,,
,,,,,,,,,,,,,,,,,,,,,,,,,,,
,,,,,,,,,,,,,,,,,,,,,,,,,,,
,,,,,,,,,,,,,,,,,,,,,,,,,,,
,,,,,,,,,,,,,,,,,,,,,,,,,,,
,,,,,,,,,,,,,,,,,,,,,,,,,,,
,,,,,,,,,,,,,,,,,,,,,,,,,,,
,,,,,,,,,,,,,,,,,,,,,,,,,,,
,,,,,,,,,,,,,,,,,,,,,,,,,,,
,,,,,,,,,,,,,,,,,,,,,,,,,,,
,,,,,,,,,,,,,,,,,,,,,,,,,,,
,,,,,,,,,,,,,,,,,,,,,,,,,,,
,,,,,,,,,,,,,,,,,,,,,,,,,,,
,,,,,,,,,,,,,,,,,,,,,,,,,,,
,,,,,,,,,,,,,,,,,,,,,,,,,,,
,,,,,,,,,,,,,,,,,,,,,,,,,,,
,,,,,,,,,,,,,,,,,,,,,,,,,,,
,,,,,,,,,,,,,,,,,,,,,,,,,,,
,,,,,,,,,,,,,,,,,,,,,,,,,,,
,,,,,,,,,,,,,,,,,,,,,,,,,,,
,,,,,,,,,,,,,,,,,,,,,,,,,,,
,,,,,,,,,,,,,,,,,,,,,,,,,,,
,,,,,,,,,,,,,,,,,,,,,,,,,,,
,,,,,,,,,,,,,,,,,,,,,,,,,,,
,,,,,,,,,,,,,,,,,,,,,,,,,,,
,,,,,,,,,,,,,,,,,,,,,,,,,,,
,,,,,,,,,,,,,,,,,,,,,,,,,,,
,,,,,,,,,,,,,,,,,,,,,,,,,,,
,,,,,,,,,,,,,,,,,,,,,,,,,,,
,,,,,,,,,,,,,,,,,,,,,,,,,,,
,,,,,,,,,,,,,,,,,,,,,,,,,,,
,,,,,,,,,,,,,,,,,,,,,,,,,,,
,,,,,,,,,,,,,,,,,,,,,,,,,,,
,,,,,,,,,,,,,,,,,,,,,,,,,,,
,,,,,,,,,,,,,,,,,,,,,,,,,,,
,,,,,,,,,,,,,,,,,,,,,,,,,,,
,,,,,,,,,,,,,,,,,,,,,,,,,,,
,,,,,,,,,,,,,,,,,,,,,,,,,,,
,,,,,,,,,,,,,,,,,,,,,,,,,,,
,,,,,,,,,,,,,,,,,,,,,,,,,,,
,,,,,,,,,,,,,,,,,,,,,,,,,,,
,,,,,,,,,,,,,,,,,,,,,,,,,,,
,,,,,,,,,,,,,,,,,,,,,,,,,,,
,,,,,,,,,,,,,,,,,,,,,,,,,,,
,,,,,,,,,,,,,,,,,,,,,,,,,,,
,,,,,,,,,,,,,,,,,,,,,,,,,,,
,,,,,,,,,,,,,,,,,,,,,,,,,,,
,,,,,,,,,,,,,,,,,,,,,,,,,,,
,,,,,,,,,,,,,,,,,,,,,,,,,,,
,,,,,,,,,,,,,,,,,,,,,,,,,,,
,,,,,,,,,,,,,,,,,,,,,,,,,,,
,,,,,,,,,,,,,,,,,,,,,,,,,,,
,,,,,,,,,,,,,,,,,,,,,,,,,,,
,,,,,,,,,,,,,,,,,,,,,,,,,,,
,,,,,,,,,,,,,,,,,,,,,,,,,,,
,,,,,,,,,,,,,,,,,,,,,,,,,,,
,,,,,,,,,,,,,,,,,,,,,,,,,,,
,,,,,,,,,,,,,,,,,,,,,,,,,,,
,,,,,,,,,,,,,,,,,,,,,,,,,,,
,,,,,,,,,,,,,,,,,,,,,,,,,,,
,,,,,,,,,,,,,,,,,,,,,,,,,,,
,,,,,,,,,,,,,,,,,,,,,,,,,,,
,,,,,,,,,,,,,,,,,,,,,,,,,,,
,,,,,,,,,,,,,,,,,,,,,,,,,,,
,,,,,,,,,,,,,,,,,,,,,,,,,,,
,,,,,,,,,,,,,,,,,,,,,,,,,,,
,,,,,,,,,,,,,,,,,,,,,,,,,,,
,,,,,,,,,,,,,,,,,,,,,,,,,,,
,,,,,,,,,,,,,,,,,,,,,,,,,,,
,,,,,,,,,,,,,,,,,,,,,,,,,,,
,,,,,,,,,,,,,,,,,,,,,,,,,,,
,,,,,,,,,,,,,,,,,,,,,,,,,,,
,,,,,,,,,,,,,,,,,,,,,,,,,,,
,,,,,,,,,,,,,,,,,,,,,,,,,,,
,,,,,,,,,,,,,,,,,,,,,,,,,,,
,,,,,,,,,,,,,,,,,,,,,,,,,,,
,,,,,,,,,,,,,,,,,,,,,,,,,,,
,,,,,,,,,,,,,,,,,,,,,,,,,,,
,,,,,,,,,,,,,,,,,,,,,,,,,,,
,,,,,,,,,,,,,,,,,,,,,,,,,,,
,,,,,,,,,,,,,,,,,,,,,,,,,,,
,,,,,,,,,,,,,,,,,,,,,,,,,,,
,,,,,,,,,,,,,,,,,,,,,,,,,,,
,,,,,,,,,,,,,,,,,,,,,,,,,,,
,,,,,,,,,,,,,,,,,,,,,,,,,,,
,,,,,,,,,,,,,,,,,,,,,,,,,,,
,,,,,,,,,,,,,,,,,,,,,,,,,,,
,,,,,,,,,,,,,,,,,,,,,,,,,,,
,,,,,,,,,,,,,,,,,,,,,,,,,,,
,,,,,,,,,,,,,,,,,,,,,,,,,,,
,,,,,,,,,,,,,,,,,,,,,,,,,,,
,,,,,,,,,,,,,,,,,,,,,,,,,,,
,,,,,,,,,,,,,,,,,,,,,,,,,,,
,,,,,,,,,,,,,,,,,,,,,,,,,,,
,,,,,,,,,,,,,,,,,,,,,,,,,,,
,,,,,,,,,,,,,,,,,,,,,,,,,,,
,,,,,,,,,,,,,,,,,,,,,,,,,,,
,,,,,,,,,,,,,,,,,,,,,,,,,,,
,,,,,,,,,,,,,,,,,,,,,,,,,,,
,,,,,,,,,,,,,,,,,,,,,,,,,,,
,,,,,,,,,,,,,,,,,,,,,,,,,,,
,,,,,,,,,,,,,,,,,,,,,,,,,,,
,,,,,,,,,,,,,,,,,,,,,,,,,,,
,,,,,,,,,,,,,,,,,,,,,,,,,,,
,,,,,,,,,,,,,,,,,,,,,,,,,,,
,,,,,,,,,,,,,,,,,,,,,,,,,,,
,,,,,,,,,,,,,,,,,,,,,,,,,,,
,,,,,,,,,,,,,,,,,,,,,,,,,,,
,,,,,,,,,,,,,,,,,,,,,,,,,,,
,,,,,,,,,,,,,,,,,,,,,,,,,,,
,,,,,,,,,,,,,,,,,,,,,,,,,,,
,,,,,,,,,,,,,,,,,,,,,,,,,,,
,,,,,,,,,,,,,,,,,,,,,,,,,,,
,,,,,,,,,,,,,,,,,,,,,,,,,,,
,,,,,,,,,,,,,,,,,,,,,,,,,,,
,,,,,,,,,,,,,,,,,,,,,,,,,,,
,,,,,,,,,,,,,,,,,,,,,,,,,,,
,,,,,,,,,,,,,,,,,,,,,,,,,,,
,,,,,,,,,,,,,,,,,,,,,,,,,,,
,,,,,,,,,,,,,,,,,,,,,,,,,,,
,,,,,,,,,,,,,,,,,,,,,,,,,,,
,,,,,,,,,,,,,,,,,,,,,,,,,,,
,,,,,,,,,,,,,,,,,,,,,,,,,,,
,,,,,,,,,,,,,,,,,,,,,,,,,,,
,,,,,,,,,,,,,,,,,,,,,,,,,,,
,,,,,,,,,,,,,,,,,,,,,,,,,,,
,,,,,,,,,,,,,,,,,,,,,,,,,,,
,,,,,,,,,,,,,,,,,,,,,,,,,,,
,,,,,,,,,,,,,,,,,,,,,,,,,,,
,,,,,,,,,,,,,,,,,,,,,,,,,,,
,,,,,,,,,,,,,,,,,,,,,,,,,,,
,,,,,,,,,,,,,,,,,,,,,,,,,,,
,,,,,,,,,,,,,,,,,,,,,,,,,,,
,,,,,,,,,,,,,,,,,,,,,,,,,,,
,,,,,,,,,,,,,,,,,,,,,,,,,,,
,,,,,,,,,,,,,,,,,,,,,,,,,,,
,,,,,,,,,,,,,,,,,,,,,,,,,,,
,,,,,,,,,,,,,,,,,,,,,,,,,,,
,,,,,,,,,,,,,,,,,,,,,,,,,,,
,,,,,,,,,,,,,,,,,,,,,,,,,,,
,,,,,,,,,,,,,,,,,,,,,,,,,,,
,,,,,,,,,,,,,,,,,,,,,,,,,,,
,,,,,,,,,,,,,,,,,,,,,,,,,,,
,,,,,,,,,,,,,,,,,,,,,,,,,,,
,,,,,,,,,,,,,,,,,,,,,,,,,,,
,,,,,,,,,,,,,,,,,,,,,,,,,,,
,,,,,,,,,,,,,,,,,,,,,,,,,,,
,,,,,,,,,,,,,,,,,,,,,,,,,,,
,,,,,,,,,,,,,,,,,,,,,,,,,,,
,,,,,,,,,,,,,,,,,,,,,,,,,,,
,,,,,,,,,,,,,,,,,,,,,,,,,,,
,,,,,,,,,,,,,,,,,,,,,,,,,,,
,,,,,,,,,,,,,,,,,,,,,,,,,,,
,,,,,,,,,,,,,,,,,,,,,,,,,,,
,,,,,,,,,,,,,,,,,,,,,,,,,,,
,,,,,,,,,,,,,,,,,,,,,,,,,,,
,,,,,,,,,,,,,,,,,,,,,,,,,,,
,,,,,,,,,,,,,,,,,,,,,,,,,,,
,,,,,,,,,,,,,,,,,,,,,,,,,,,
,,,,,,,,,,,,,,,,,,,,,,,,,,,
,,,,,,,,,,,,,,,,,,,,,,,,,,,
,,,,,,,,,,,,,,,,,,,,,,,,,,,
,,,,,,,,,,,,,,,,,,,,,,,,,,,
,,,,,,,,,,,,,,,,,,,,,,,,,,,
,,,,,,,,,,,,,,,,,,,,,,,,,,,
,,,,,,,,,,,,,,,,,,,,,,,,,,,
,,,,,,,,,,,,,,,,,,,,,,,,,,,
,,,,,,,,,,,,,,,,,,,,,,,,,,,
,,,,,,,,,,,,,,,,,,,,,,,,,,,
,,,,,,,,,,,,,,,,,,,,,,,,,,,
,,,,,,,,,,,,,,,,,,,,,,,,,,,
,,,,,,,,,,,,,,,,,,,,,,,,,,,
,,,,,,,,,,,,,,,,,,,,,,,,,,,
,,,,,,,,,,,,,,,,,,,,,,,,,,,
,,,,,,,,,,,,,,,,,,,,,,,,,,,
,,,,,,,,,,,,,,,,,,,,,,,,,,,
,,,,,,,,,,,,,,,,,,,,,,,,,,,
,,,,,,,,,,,,,,,,,,,,,,,,,,,
,,,,,,,,,,,,,,,,,,,,,,,,,,,
,,,,,,,,,,,,,,,,,,,,,,,,,,,
,,,,,,,,,,,,,,,,,,,,,,,,,,,
,,,,,,,,,,,,,,,,,,,,,,,,,,,
,,,,,,,,,,,,,,,,,,,,,,,,,,,
,,,,,,,,,,,,,,,,,,,,,,,,,,,
,,,,,,,,,,,,,,,,,,,,,,,,,,,
,,,,,,,,,,,,,,,,,,,,,,,,,,,
,,,,,,,,,,,,,,,,,,,,,,,,,,,
,,,,,,,,,,,,,,,,,,,,,,,,,,,
,,,,,,,,,,,,,,,,,,,,,,,,,,,
,,,,,,,,,,,,,,,,,,,,,,,,,,,
,,,,,,,,,,,,,,,,,,,,,,,,,,,
,,,,,,,,,,,,,,,,,,,,,,,,,,,
,,,,,,,,,,,,,,,,,,,,,,,,,,,
,,,,,,,,,,,,,,,,,,,,,,,,,,,
,,,,,,,,,,,,,,,,,,,,,,,,,,,
,,,,,,,,,,,,,,,,,,,,,,,,,,,
,,,,,,,,,,,,,,,,,,,,,,,,,,,
,,,,,,,,,,,,,,,,,,,,,,,,,,,
,,,,,,,,,,,,,,,,,,,,,,,,,,,
,,,,,,,,,,,,,,,,,,,,,,,,,,,
,,,,,,,,,,,,,,,,,,,,,,,,,,,
,,,,,,,,,,,,,,,,,,,,,,,,,,,
,,,,,,,,,,,,,,,,,,,,,,,,,,,
,,,,,,,,,,,,,,,,,,,,,,,,,,,
,,,,,,,,,,,,,,,,,,,,,,,,,,,
,,,,,,,,,,,,,,,,,,,,,,,,,,,
,,,,,,,,,,,,,,,,,,,,,,,,,,,
,,,,,,,,,,,,,,,,,,,,,,,,,,,
,,,,,,,,,,,,,,,,,,,,,,,,,,,
,,,,,,,,,,,,,,,,,,,,,,,,,,,
,,,,,,,,,,,,,,,,,,,,,,,,,,,
,,,,,,,,,,,,,,,,,,,,,,,,,,,
,,,,,,,,,,,,,,,,,,,,,,,,,,,
,,,,,,,,,,,,,,,,,,,,,,,,,,,
,,,,,,,,,,,,,,,,,,,,,,,,,,,
,,,,,,,,,,,,,,,,,,,,,,,,,,,
,,,,,,,,,,,,,,,,,,,,,,,,,,,
,,,,,,,,,,,,,,,,,,,,,,,,,,,
,,,,,,,,,,,,,,,,,,,,,,,,,,,
,,,,,,,,,,,,,,,,,,,,,,,,,,,
,,,,,,,,,,,,,,,,,,,,,,,,,,,
,,,,,,,,,,,,,,,,,,,,,,,,,,,
,,,,,,,,,,,,,,,,,,,,,,,,,,,
,,,,,,,,,,,,,,,,,,,,,,,,,,,
,,,,,,,,,,,,,,,,,,,,,,,,,,,
,,,,,,,,,,,,,,,,,,,,,,,,,,,
,,,,,,,,,,,,,,,,,,,,,,,,,,,
,,,,,,,,,,,,,,,,,,,,,,,,,,,
,,,,,,,,,,,,,,,,,,,,,,,,,,,
,,,,,,,,,,,,,,,,,,,,,,,,,,,
,,,,,,,,,,,,,,,,,,,,,,,,,,,
,,,,,,,,,,,,,,,,,,,,,,,,,,,
,,,,,,,,,,,,,,,,,,,,,,,,,,,
,,,,,,,,,,,,,,,,,,,,,,,,,,,
,,,,,,,,,,,,,,,,,,,,,,,,,,,
,,,,,,,,,,,,,,,,,,,,,,,,,,,
,,,,,,,,,,,,,,,,,,,,,,,,,,,
,,,,,,,,,,,,,,,,,,,,,,,,,,,
,,,,,,,,,,,,,,,,,,,,,,,,,,,
,,,,,,,,,,,,,,,,,,,,,,,,,,,
,,,,,,,,,,,,,,,,,,,,,,,,,,,
,,,,,,,,,,,,,,,,,,,,,,,,,,,
,,,,,,,,,,,,,,,,,,,,,,,,,,,
,,,,,,,,,,,,,,,,,,,,,,,,,,,
,,,,,,,,,,,,,,,,,,,,,,,,,,,
,,,,,,,,,,,,,,,,,,,,,,,,,,,
,,,,,,,,,,,,,,,,,,,,,,,,,,,
,,,,,,,,,,,,,,,,,,,,,,,,,,,
,,,,,,,,,,,,,,,,,,,,,,,,,,,
,,,,,,,,,,,,,,,,,,,,,,,,,,,
,,,,,,,,,,,,,,,,,,,,,,,,,,,
,,,,,,,,,,,,,,,,,,,,,,,,,,,
,,,,,,,,,,,,,,,,,,,,,,,,,,,
,,,,,,,,,,,,,,,,,,,,,,,,,,,
,,,,,,,,,,,,,,,,,,,,,,,,,,,
,,,,,,,,,,,,,,,,,,,,,,,,,,,
,,,,,,,,,,,,,,,,,,,,,,,,,,,
,,,,,,,,,,,,,,,,,,,,,,,,,,,
,,,,,,,,,,,,,,,,,,,,,,,,,,,
,,,,,,,,,,,,,,,,,,,,,,,,,,,
,,,,,,,,,,,,,,,,,,,,,,,,,,,
,,,,,,,,,,,,,,,,,,,,,,,,,,,
,,,,,,,,,,,,,,,,,,,,,,,,,,,
,,,,,,,,,,,,,,,,,,,,,,,,,,,
,,,,,,,,,,,,,,,,,,,,,,,,,,,
,,,,,,,,,,,,,,,,,,,,,,,,,,,
,,,,,,,,,,,,,,,,,,,,,,,,,,,
,,,,,,,,,,,,,,,,,,,,,,,,,,,
,,,,,,,,,,,,,,,,,,,,,,,,,,,
,,,,,,,,,,,,,,,,,,,,,,,,,,,
,,,,,,,,,,,,,,,,,,,,,,,,,,,
,,,,,,,,,,,,,,,,,,,,,,,,,,,
,,,,,,,,,,,,,,,,,,,,,,,,,,,
,,,,,,,,,,,,,,,,,,,,,,,,,,,
,,,,,,,,,,,,,,,,,,,,,,,,,,,
,,,,,,,,,,,,,,,,,,,,,,,,,,,
,,,,,,,,,,,,,,,,,,,,,,,,,,,
,,,,,,,,,,,,,,,,,,,,,,,,,,,
,,,,,,,,,,,,,,,,,,,,,,,,,,,
,,,,,,,,,,,,,,,,,,,,,,,,,,,
,,,,,,,,,,,,,,,,,,,,,,,,,,,
,,,,,,,,,,,,,,,,,,,,,,,,,,,
,,,,,,,,,,,,,,,,,,,,,,,,,,,
,,,,,,,,,,,,,,,,,,,,,,,,,,,
,,,,,,,,,,,,,,,,,,,,,,,,,,,
,,,,,,,,,,,,,,,,,,,,,,,,,,,
,,,,,,,,,,,,,,,,,,,,,,,,,,,
,,,,,,,,,,,,,,,,,,,,,,,,,,,
,,,,,,,,,,,,,,,,,,,,,,,,,,,
,,,,,,,,,,,,,,,,,,,,,,,,,,,
,,,,,,,,,,,,,,,,,,,,,,,,,,,
,,,,,,,,,,,,,,,,,,,,,,,,,,,
,,,,,,,,,,,,,,,,,,,,,,,,,,,
,,,,,,,,,,,,,,,,,,,,,,,,,,,
,,,,,,,,,,,,,,,,,,,,,,,,,,,
,,,,,,,,,,,,,,,,,,,,,,,,,,,
,,,,,,,,,,,,,,,,,,,,,,,,,,,
,,,,,,,,,,,,,,,,,,,,,,,,,,,
,,,,,,,,,,,,,,,,,,,,,,,,,,,
,,,,,,,,,,,,,,,,,,,,,,,,,,,
,,,,,,,,,,,,,,,,,,,,,,,,,,,
,,,,,,,,,,,,,,,,,,,,,,,,,,,
,,,,,,,,,,,,,,,,,,,,,,,,,,,
,,,,,,,,,,,,,,,,,,,,,,,,,,,
,,,,,,,,,,,,,,,,,,,,,,,,,,,
,,,,,,,,,,,,,,,,,,,,,,,,,,,
,,,,,,,,,,,,,,,,,,,,,,,,,,,
,,,,,,,,,,,,,,,,,,,,,,,,,,,
,,,,,,,,,,,,,,,,,,,,,,,,,,,
,,,,,,,,,,,,,,,,,,,,,,,,,,,
,,,,,,,,,,,,,,,,,,,,,,,,,,,
,,,,,,,,,,,,,,,,,,,,,,,,,,,
,,,,,,,,,,,,,,,,,,,,,,,,,,,
,,,,,,,,,,,,,,,,,,,,,,,,,,,
,,,,,,,,,,,,,,,,,,,,,,,,,,,
,,,,,,,,,,,,,,,,,,,,,,,,,,,
,,,,,,,,,,,,,,,,,,,,,,,,,,,
,,,,,,,,,,,,,,,,,,,,,,,,,,,
,,,,,,,,,,,,,,,,,,,,,,,,,,,
,,,,,,,,,,,,,,,,,,,,,,,,,,,
,,,,,,,,,,,,,,,,,,,,,,,,,,,
,,,,,,,,,,,,,,,,,,,,,,,,,,,
,,,,,,,,,,,,,,,,,,,,,,,,,,,
,,,,,,,,,,,,,,,,,,,,,,,,,,,
,,,,,,,,,,,,,,,,,,,,,,,,,,,
,,,,,,,,,,,,,,,,,,,,,,,,,,,
,,,,,,,,,,,,,,,,,,,,,,,,,,,
,,,,,,,,,,,,,,,,,,,,,,,,,,,
,,,,,,,,,,,,,,,,,,,,,,,,,,,
,,,,,,,,,,,,,,,,,,,,,,,,,,,
,,,,,,,,,,,,,,,,,,,,,,,,,,,
,,,,,,,,,,,,,,,,,,,,,,,,,,,
,,,,,,,,,,,,,,,,,,,,,,,,,,,
,,,,,,,,,,,,,,,,,,,,,,,,,,,
,,,,,,,,,,,,,,,,,,,,,,,,,,,
,,,,,,,,,,,,,,,,,,,,,,,,,,,
,,,,,,,,,,,,,,,,,,,,,,,,,,,
,,,,,,,,,,,,,,,,,,,,,,,,,,,
,,,,,,,,,,,,,,,,,,,,,,,,,,,
,,,,,,,,,,,,,,,,,,,,,,,,,,,
,,,,,,,,,,,,,,,,,,,,,,,,,,,
,,,,,,,,,,,,,,,,,,,,,,,,,,,
,,,,,,,,,,,,,,,,,,,,,,,,,,,
,,,,,,,,,,,,,,,,,,,,,,,,,,,
,,,,,,,,,,,,,,,,,,,,,,,,,,,
,,,,,,,,,,,,,,,,,,,,,,,,,,,
,,,,,,,,,,,,,,,,,,,,,,,,,,,
,,,,,,,,,,,,,,,,,,,,,,,,,,,
,,,,,,,,,,,,,,,,,,,,,,,,,,,
,,,,,,,,,,,,,,,,,,,,,,,,,,,
,,,,,,,,,,,,,,,,,,,,,,,,,,,
,,,,,,,,,,,,,,,,,,,,,,,,,,,
,,,,,,,,,,,,,,,,,,,,,,,,,,,
,,,,,,,,,,,,,,,,,,,,,,,,,,,
,,,,,,,,,,,,,,,,,,,,,,,,,,,
,,,,,,,,,,,,,,,,,,,,,,,,,,,
,,,,,,,,,,,,,,,,,,,,,,,,,,,
,,,,,,,,,,,,,,,,,,,,,,,,,,,
,,,,,,,,,,,,,,,,,,,,,,,,,,,
,,,,,,,,,,,,,,,,,,,,,,,,,,,
,,,,,,,,,,,,,,,,,,,,,,,,,,,
,,,,,,,,,,,,,,,,,,,,,,,,,,,
,,,,,,,,,,,,,,,,,,,,,,,,,,,
,,,,,,,,,,,,,,,,,,,,,,,,,,,
,,,,,,,,,,,,,,,,,,,,,,,,,,,
,,,,,,,,,,,,,,,,,,,,,,,,,,,
,,,,,,,,,,,,,,,,,,,,,,,,,,,
,,,,,,,,,,,,,,,,,,,,,,,,,,,
,,,,,,,,,,,,,,,,,,,,,,,,,,,
,,,,,,,,,,,,,,,,,,,,,,,,,,,
,,,,,,,,,,,,,,,,,,,,,,,,,,,
,,,,,,,,,,,,,,,,,,,,,,,,,,,
,,,,,,,,,,,,,,,,,,,,,,,,,,,
,,,,,,,,,,,,,,,,,,,,,,,,,,,
,,,,,,,,,,,,,,,,,,,,,,,,,,,
,,,,,,,,,,,,,,,,,,,,,,,,,,,
,,,,,,,,,,,,,,,,,,,,,,,,,,,
,,,,,,,,,,,,,,,,,,,,,,,,,,,
,,,,,,,,,,,,,,,,,,,,,,,,,,,
,,,,,,,,,,,,,,,,,,,,,,,,,,,
,,,,,,,,,,,,,,,,,,,,,,,,,,,
,,,,,,,,,,,,,,,,,,,,,,,,,,,
,,,,,,,,,,,,,,,,,,,,,,,,,,,
,,,,,,,,,,,,,,,,,,,,,,,,,,,
,,,,,,,,,,,,,,,,,,,,,,,,,,,
,,,,,,,,,,,,,,,,,,,,,,,,,,,
,,,,,,,,,,,,,,,,,,,,,,,,,,,
,,,,,,,,,,,,,,,,,,,,,,,,,,,
,,,,,,,,,,,,,,,,,,,,,,,,,,,
,,,,,,,,,,,,,,,,,,,,,,,,,,,
,,,,,,,,,,,,,,,,,,,,,,,,,,,
,,,,,,,,,,,,,,,,,,,,,,,,,,,
,,,,,,,,,,,,,,,,,,,,,,,,,,,
,,,,,,,,,,,,,,,,,,,,,,,,,,,
,,,,,,,,,,,,,,,,,,,,,,,,,,,
,,,,,,,,,,,,,,,,,,,,,,,,,,,
,,,,,,,,,,,,,,,,,,,,,,,,,,,
,,,,,,,,,,,,,,,,,,,,,,,,,,,
,,,,,,,,,,,,,,,,,,,,,,,,,,,
,,,,,,,,,,,,,,,,,,,,,,,,,,,
,,,,,,,,,,,,,,,,,,,,,,,,,,,
,,,,,,,,,,,,,,,,,,,,,,,,,,,
,,,,,,,,,,,,,,,,,,,,,,,,,,,
,,,,,,,,,,,,,,,,,,,,,,,,,,,
,,,,,,,,,,,,,,,,,,,,,,,,,,,
,,,,,,,,,,,,,,,,,,,,,,,,,,,
,,,,,,,,,,,,,,,,,,,,,,,,,,,
,,,,,,,,,,,,,,,,,,,,,,,,,,,
,,,,,,,,,,,,,,,,,,,,,,,,,,,
,,,,,,,,,,,,,,,,,,,,,,,,,,,
,,,,,,,,,,,,,,,,,,,,,,,,,,,
,,,,,,,,,,,,,,,,,,,,,,,,,,,
,,,,,,,,,,,,,,,,,,,,,,,,,,,
,,,,,,,,,,,,,,,,,,,,,,,,,,,
,,,,,,,,,,,,,,,,,,,,,,,,,,,
,,,,,,,,,,,,,,,,,,,,,,,,,,,
,,,,,,,,,,,,,,,,,,,,,,,,,,,
,,,,,,,,,,,,,,,,,,,,,,,,,,,
,,,,,,,,,,,,,,,,,,,,,,,,,,,
,,,,,,,,,,,,,,,,,,,,,,,,,,,
,,,,,,,,,,,,,,,,,,,,,,,,,,,
,,,,,,,,,,,,,,,,,,,,,,,,,,,
,,,,,,,,,,,,,,,,,,,,,,,,,,,
,,,,,,,,,,,,,,,,,,,,,,,,,,,
,,,,,,,,,,,,,,,,,,,,,,,,,,,
,,,,,,,,,,,,,,,,,,,,,,,,,,,
,,,,,,,,,,,,,,,,,,,,,,,,,,,
,,,,,,,,,,,,,,,,,,,,,,,,,,,
,,,,,,,,,,,,,,,,,,,,,,,,,,,
,,,,,,,,,,,,,,,,,,,,,,,,,,,
,,,,,,,,,,,,,,,,,,,,,,,,,,,
,,,,,,,,,,,,,,,,,,,,,,,,,,,
,,,,,,,,,,,,,,,,,,,,,,,,,,,
,,,,,,,,,,,,,,,,,,,,,,,,,,,
,,,,,,,,,,,,,,,,,,,,,,,,,,,
,,,,,,,,,,,,,,,,,,,,,,,,,,,
,,,,,,,,,,,,,,,,,,,,,,,,,,,
,,,,,,,,,,,,,,,,,,,,,,,,,,,
,,,,,,,,,,,,,,,,,,,,,,,,,,,
,,,,,,,,,,,,,,,,,,,,,,,,,,,
,,,,,,,,,,,,,,,,,,,,,,,,,,,
,,,,,,,,,,,,,,,,,,,,,,,,,,,
,,,,,,,,,,,,,,,,,,,,,,,,,,,
,,,,,,,,,,,,,,,,,,,,,,,,,,,
,,,,,,,,,,,,,,,,,,,,,,,,,,,
,,,,,,,,,,,,,,,,,,,,,,,,,,,
,,,,,,,,,,,,,,,,,,,,,,,,,,,
,,,,,,,,,,,,,,,,,,,,,,,,,,,
,,,,,,,,,,,,,,,,,,,,,,,,,,,
,,,,,,,,,,,,,,,,,,,,,,,,,,,
,,,,,,,,,,,,,,,,,,,,,,,,,,,
,,,,,,,,,,,,,,,,,,,,,,,,,,,
,,,,,,,,,,,,,,,,,,,,,,,,,,,
,,,,,,,,,,,,,,,,,,,,,,,,,,,
,,,,,,,,,,,,,,,,,,,,,,,,,,,
,,,,,,,,,,,,,,,,,,,,,,,,,,,
,,,,,,,,,,,,,,,,,,,,,,,,,,,
,,,,,,,,,,,,,,,,,,,,,,,,,,,
,,,,,,,,,,,,,,,,,,,,,,,,,,,
,,,,,,,,,,,,,,,,,,,,,,,,,,,
,,,,,,,,,,,,,,,,,,,,,,,,,,,
,,,,,,,,,,,,,,,,,,,,,,,,,,,
,,,,,,,,,,,,,,,,,,,,,,,,,,,
,,,,,,,,,,,,,,,,,,,,,,,,,,,
,,,,,,,,,,,,,,,,,,,,,,,,,,,
,,,,,,,,,,,,,,,,,,,,,,,,,,,
,,,,,,,,,,,,,,,,,,,,,,,,,,,
,,,,,,,,,,,,,,,,,,,,,,,,,,,
,,,,,,,,,,,,,,,,,,,,,,,,,,,
,,,,,,,,,,,,,,,,,,,,,,,,,,,
,,,,,,,,,,,,,,,,,,,,,,,,,,,
,,,,,,,,,,,,,,,,,,,,,,,,,,,
,,,,,,,,,,,,,,,,,,,,,,,,,,,
,,,,,,,,,,,,,,,,,,,,,,,,,,,
,,,,,,,,,,,,,,,,,,,,,,,,,,,
,,,,,,,,,,,,,,,,,,,,,,,,,,,
,,,,,,,,,,,,,,,,,,,,,,,,,,,
,,,,,,,,,,,,,,,,,,,,,,,,,,,
,,,,,,,,,,,,,,,,,,,,,,,,,,,
,,,,,,,,,,,,,,,,,,,,,,,,,,,
,,,,,,,,,,,,,,,,,,,,,,,,,,,
,,,,,,,,,,,,,,,,,,,,,,,,,,,
,,,,,,,,,,,,,,,,,,,,,,,,,,,
,,,,,,,,,,,,,,,,,,,,,,,,,,,
,,,,,,,,,,,,,,,,,,,,,,,,,,,
,,,,,,,,,,,,,,,,,,,,,,,,,,,
,,,,,,,,,,,,,,,,,,,,,,,,,,,
,,,,,,,,,,,,,,,,,,,,,,,,,,,
,,,,,,,,,,,,,,,,,,,,,,,,,,,
,,,,,,,,,,,,,,,,,,,,,,,,,,,
,,,,,,,,,,,,,,,,,,,,,,,,,,,
,,,,,,,,,,,,,,,,,,,,,,,,,,,
,,,,,,,,,,,,,,,,,,,,,,,,,,,
,,,,,,,,,,,,,,,,,,,,,,,,,,,
,,,,,,,,,,,,,,,,,,,,,,,,,,,
,,,,,,,,,,,,,,,,,,,,,,,,,,,
,,,,,,,,,,,,,,,,,,,,,,,,,,,
,,,,,,,,,,,,,,,,,,,,,,,,,,,
,,,,,,,,,,,,,,,,,,,,,,,,,,,
,,,,,,,,,,,,,,,,,,,,,,,,,,,
,,,,,,,,,,,,,,,,,,,,,,,,,,,
,,,,,,,,,,,,,,,,,,,,,,,,,,,
,,,,,,,,,,,,,,,,,,,,,,,,,,,
,,,,,,,,,,,,,,,,,,,,,,,,,,,
,,,,,,,,,,,,,,,,,,,,,,,,,,,
,,,,,,,,,,,,,,,,,,,,,,,,,,,
,,,,,,,,,,,,,,,,,,,,,,,,,,,
,,,,,,,,,,,,,,,,,,,,,,,,,,,
,,,,,,,,,,,,,,,,,,,,,,,,,,,
,,,,,,,,,,,,,,,,,,,,,,,,,,,
,,,,,,,,,,,,,,,,,,,,,,,,,,,
,,,,,,,,,,,,,,,,,,,,,,,,,,,
,,,,,,,,,,,,,,,,,,,,,,,,,,,
,,,,,,,,,,,,,,,,,,,,,,,,,,,
,,,,,,,,,,,,,,,,,,,,,,,,,,,
,,,,,,,,,,,,,,,,,,,,,,,,,,,
,,,,,,,,,,,,,,,,,,,,,,,,,,,
,,,,,,,,,,,,,,,,,,,,,,,,,,,
,,,,,,,,,,,,,,,,,,,,,,,,,,,
,,,,,,,,,,,,,,,,,,,,,,,,,,,
,,,,,,,,,,,,,,,,,,,,,,,,,,,
,,,,,,,,,,,,,,,,,,,,,,,,,,,
,,,,,,,,,,,,,,,,,,,,,,,,,,,
,,,,,,,,,,,,,,,,,,,,,,,,,,,
,,,,,,,,,,,,,,,,,,,,,,,,,,,
,,,,,,,,,,,,,,,,,,,,,,,,,,,
,,,,,,,,,,,,,,,,,,,,,,,,,,,
,,,,,,,,,,,,,,,,,,,,,,,,,,,
,,,,,,,,,,,,,,,,,,,,,,,,,,,
,,,,,,,,,,,,,,,,,,,,,,,,,,,
,,,,,,,,,,,,,,,,,,,,,,,,,,,