Player,Player,Salary,DFF Proj,FPros Proj,NF Proj,SportsLine,DraftEdge Proj,RotoWire Proj,FantasyLabs Proj,FBGuys Proj,B5 Proj,Avg Proj,Weighted,Roster %,Position,Exclude?,,,,,,Weights,
Josh Allen,Josh Allen,9100,23.9,23.233999999999998,23.3,22.98,23.9,23.23,24.58,24.794600000000003,23.64172,23.72892444444444,23.717399866666668,20.1,QB,False,,,,,,Rotowire,0.08
Joe Burrow,Joe Burrow,8200,21.1,19.156000000000002,20,19.15,21.1,19.33,20.52,17.8652,19.454240000000002,19.741715555555558,19.962347733333335,5.09,QB,,,,,,,DraftEdge,0.05
Derrick Henry,Derrick Henry,9100,21,18.220000000000002,16.8,18.24,21,21.87,19.16,17.629,18.3778,19.144088888888888,19.260251333333336,21.5,RB,,,,,,,DailyFantasyFuel,0.2
Lamar Jackson,Lamar Jackson,8700,20.4,21.358,21.2,21.52,20.4,21.75,19.86,20.537,21.002999999999997,20.892,20.824930000000002,12.84,QB,False,,,,,,FantasyPros,0.14
Kenneth Walker III,Kenneth Walker,8500,19.8,17,17.1,15.3,19.8,17.81,18.72,19.8,17.8,18.125555555555557,18.115533333333335,18.34,RB,False,,,,,,NumberFire,0.1
Christian McCaffrey,Christian McCaffrey,8800,19.7,17.009999999999998,17.5,14.92,19.7,16.55,19.46,19.578000000000003,17.7416,18.017733333333336,18.092096,11.39,RB,False,,,,,,SportsLine,0.1
Trevor Lawrence,Trevor Lawrence,7900,19.7,19.934,18.5,20.8,19.7,20.33,20.2,17.931,19.372999999999998,19.607555555555553,19.753963333333335,14.49,QB,Slate: Wed-Thu,,,,,,RotoBaller,0
Patrick Mahomes,Patrick Mahomes,8000,19.3,19.3,18.5,21.07,19.3,21.22,19.3,19.3,19.494,19.64266666666667,19.58474,15.05,QB,,,,,,,B5 Proj,0.07
Brock Purdy,Brock Purdy,8300,19,18.978,20.7,17.8,19,20.21,18.57,20.5334,19.402279999999998,19.35485333333333,19.185706800000002,6.33,QB,,,,,,,Football Guys,0.04
Dak Prescott,Dak Prescott,8100,18.9,17.672000000000004,18.9,16.85,18.9,18.23,18.89,20.535999999999998,18.5716,18.605511111111113,18.492662666666668,2.81,QB,,,,,,,FantasyLabs,0.16
Jaxon Smith-Njigba,Jaxon Smith-Njigba,9500,18.7,19.21,22.7,18.8,18.7,18.91,18.99,16.011000000000003,19.0842,19.011688888888887,19.182635333333337,21.91,WR,,,,,,,Ceiling ,0
C.J. Stroud,CJ Stroud,7000,18.5,18.166,16.8,19.5,18.5,18.4,18.13,16.511,17.8954,18.04471111111111,18.166840666666666,8.55,QB,,,,,,,Average,0.06
Kyler Murray,Kyler Murray,7200,18.4,18.334000000000003,17.1,19.1,18.4,17.83,17.54,18.4,18.2668,18.15231111111111,18.123374666666667,2.79,QB,,,,,,,Max,0
Bo Nix,Bo Nix,7600,17.7,16.930000000000003,17.4,15.63,17.7,18.46,17.06,18.351000000000003,17.202199999999998,17.381466666666668,17.285682,1.51,QB,,,,,,,Total,1
Drake Maye,Drake Maye,7400,17.2,18.402,20.3,16.81,17.2,18.18,17.37,20.0356,18.54952,18.22745777777778,18.014417866666665,4.51,QB,,,,,,,,
Jacoby Brissett,Jacoby Brissett,6800,17.1,17.132,16.4,19.83,17.1,15.82,16.65,15.653200000000002,17.223039999999997,16.98980444444444,17.07720906666667,1.93,QB,,,,,,,,
James Cook III,James Cook,8200,17,16.080000000000002,16.1,14.27,17,16.31,15.62,17.485,16.187,16.228,16.148370000000003,13.16,RB,,,,,,,,
Matthew Stafford,Matthew Stafford,7800,16.9,16.532,18.1,16.74,16.9,16.52,16.76,18.440800000000003,17.342560000000002,17.13726222222222,17.006526933333337,0.51,QB,,,,,,,,
Sam Darnold,Sam Darnold,7500,16.9,17.260000000000005,18.6,15.92,16.9,16.73,16.83,16.9,17.116000000000003,17.017333333333337,17.01976,0.4,QB,,,,,,,,
Jordan Love,Jordan Love,7700,16.9,16.962000000000003,16.1,17.13,16.9,17.15,16.48,18.0194,17.022280000000002,16.96263111111111,16.861573466666666,0.56,QB,,,,,,,,
Ja'Marr Chase,JaMarr Chase,9100,16.9,16.31,15.3,16.9,16.9,15.46,16.24,14.108,15.9036,16.0024,16.201316000000002,13.61,WR,False,,,,,,,
Jalen Hurts,Jalen Hurts,8500,16.5,16.484,17.4,16.66,16.5,16.85,16.21,19.706,17.35,17.073333333333334,16.8075,0.16,QB,,,,,,,,
Kirk Cousins,Kirk Cousins,7300,15.9,15.164000000000001,15.7,14.31,15.9,15.05,14.51,12.2282,14.66044,14.824737777777777,15.029403066666667,0.02,QB,,,,,,,,
Jalon Daniels,Jalon Daniels,6400,15.8,13.892,14,15.08,15.8,12.92,15.28,15.8,14.9144,14.831822222222222,14.847197333333336,0.01,QB,,,,,,,,
Chase Brown,Chase Brown,7600,15.7,14.82,15.6,15.31,15.7,15.3,15.47,13.498000000000001,14.9856,15.153733333333333,15.288136000000003,12.2,RB,,,,,,,,
Geno Smith,Geno Smith,6900,15.4,14.727999999999998,15.4,14.64,15.4,14.73,15.47,15.2636,15.08632,15.124213333333334,15.143559200000002,0.41,QB,,,,,,,,
Aaron Jones Sr.,Aaron Jones,6400,15.4,14.270000000000001,14.6,13.55,15.4,13.48,15.7,12.375,14.039000000000001,14.312666666666669,14.589690000000001,13.39,RB,,,,,,,,
Ashton Jeanty,Ashton Jeanty,7800,15.2,14.25,14.9,14.77,15.2,13.76,14.92,16.745,15.173000000000002,14.99088888888889,14.881363333333335,8.9,RB,,,,,,,,
Tyson Bagent,Tyson Bagent,6700,15.2,15.543999999999999,14.2,16.89,15.2,0,15.52,15.2,15.4068,13.684533333333334,14.075908000000002,0,QB,,,,,,,,
CeeDee Lamb,CeeDee Lamb,8500,15,13.75,14.4,13.15,15,14.39,15.21,14.201000000000002,14.100200000000001,14.355688888888892,14.431195333333335,9.72,WR,,,,,,,,
Justin Herbert,Justin Herbert,7100,14.9,14.254,16.3,13.58,14.9,14.22,14.3,17.695,15.3458,15.054977777777777,14.81946466666667,0.06,QB,,,,,,,,
D'Andre Swift,DAndre Swift,7300,14.7,13.700000000000003,13.9,14.7,14.7,15.55,15.03,13.348000000000003,14.0696,14.410844444444443,14.485242666666666,13.49,RB,,,,,,,,
Saquon Barkley,Saquon Barkley,8000,14.6,13.700000000000001,15.7,12.55,14.6,13.69,14.35,14.885,14.287,14.262444444444444,14.235436666666667,6.65,RB,,,,,,,,
Puka Nacua,Puka Nacua,9000,14.5,15.43,17.4,15.25,14.5,14.53,13.86,16.407,15.7974,15.297155555555555,15.110127333333335,8.17,WR,,,,,,,,
Brock Bowers,Brock Bowers,7200,14.5,12.620000000000001,11.8,13.9,14.5,12.2,14.32,14.5,13.463999999999999,13.533777777777779,13.563506666666665,9.01,TE,,,,,,,,
Cam Skattebo,Cam Skattebo,7100,14.5,13.94,12.7,14.79,14.5,14.34,14.26,12.213000000000001,13.6286,13.874622222222225,14.029399333333334,12.17,RB,,,,,,,,
Nico Collins,Nico Collins,7400,14.4,13.32,13.4,11.27,14.4,15.78,13.32,14.4,13.358,13.738666666666669,13.66078,17.25,WR,,,,,,,,
Jeremiyah Love,Jeremiyah Love,6600,14.4,14.43,13.6,15.69,14.4,14.52,14.78,11.082999999999998,13.8406,14.08262222222222,14.332719333333335,17.62,RB,,,,,,,,
Garrett Wilson,Garrett Wilson,7600,14.3,14.58,15.2,14.01,14.3,15.58,14.2,12.943000000000001,14.2066,14.368844444444445,14.429912666666668,17.03,WR,,,,,,,,
Jameis Winston,Jameis Winston,6500,13.7,14.372,15.6,13.27,13.7,15.31,14.12,13.7,14.1284,14.211155555555557,14.197737333333334,1.02,QB,,,,,,,,
Malik Willis,Malik Willis,6600,13.6,13.542,15.7,12.83,13.6,13.01,12.64,15.5232,14.23904,13.853804444444444,13.66096906666667,0.02,QB,,,,,,,,
Trey McBride,Trey McBride,7400,13.6,13.83,11.5,16.29,13.6,13.9,13.59,13.126,13.6692,13.678355555555557,13.704185333333335,10.33,TE,,,,,,,,
Kyren Williams,Kyren Williams,7900,13.6,12.540000000000001,12.8,14.68,13.6,12.59,13.52,12.746,13.2732,13.261022222222222,13.308625333333334,5.96,RB,,,,,,,,
Parker Washington,Parker Washington,7100,13.6,13.25,12,14.39,13.6,14.95,13.98,12.085,13.065000000000001,13.435555555555558,13.530883333333334,19.62,WR,,,,,,,,
Javonte Williams,Javonte Williams,7500,13.4,12.86,11.5,12.57,13.4,13.62,13.67,14.965,13.059000000000001,13.22711111111111,13.140556666666669,7.42,RB,,,,,,,,
Zay Flowers,Zay Flowers,7300,13.1,13.790000000000001,14.4,14.81,13.1,15,12.63,13.1,13.84,13.752222222222223,13.665333333333335,15.69,WR,,,,,,,,
Christian Watson,Christian Watson,7200,13.1,12.729999999999999,11.7,15.22,13.1,13.09,12.59,12.070000000000002,12.964000000000002,12.951555555555556,12.978173333333334,12.1,WR,,,,,,,,
Davante Adams,Davante Adams,8300,12.9,12.48,13.5,12.3,12.9,13.59,12.68,10.682000000000002,12.372400000000003,12.600488888888892,12.717577333333335,8.83,WR,,,,,,,,
George Pickens,George Pickens,7900,12.8,12.26,12.7,11.05,12.8,12.07,12.6,12.371,12.2362,12.320799999999998,12.363622000000001,6.61,WR,,,,,,,,
Cam Ward,Cam Ward,6500,12.6,12.594000000000001,12.4,12.61,12.6,12.88,11.98,13.599400000000003,12.76068,12.669342222222221,12.558744133333336,0,QB,,,,,,,,
Tee Higgins,Tee Higgins,6900,12.4,12.74,13.3,12.96,12.4,13.96,12.35,10.76,12.431999999999999,12.58911111111111,12.658386666666667,16.39,WR,,,,,,,,
Bucky Irving,Bucky Irving,7400,12.2,12.920000000000002,13.2,11.62,12.2,12.71,12.09,14.111,12.8102,12.651244444444444,12.512228666666667,7.13,RB,,,,,,,,
Bhayshul Tuten,Bhayshul Tuten,6800,11.9,11.57,9.1,15.26,11.9,11.8,10.51,10.67,11.7,11.601111111111113,11.598266666666667,6.71,RB,,,,,,,,
George Kittle,George Kittle,6700,11.8,10.670000000000002,13.4,9.39,11.8,9.82,11.26,9.481000000000002,10.948200000000002,10.952133333333334,11.112742,5.88,TE,,,,,,,,
David Montgomery,David Montgomery,6500,11.7,12.68,12.2,12.03,11.7,13.92,11.6,15.339,12.7898,12.662088888888889,12.361371333333333,13.01,RB,,,,,,,,
Michael Wilson,Michael Wilson,6200,11.7,10.620000000000001,8.9,11.61,11.7,12.29,11.5,9.718000000000002,10.5096,10.949733333333334,11.067376000000001,14.33,WR,,,,,,,,
Braelon Allen,Braelon Allen,5700,11.7,11.780000000000001,12.2,10.41,11.7,12.17,11.73,5.089,10.235800000000001,10.779422222222223,11.252431333333334,13.04,RB,,,,,,,,
Rashee Rice,Rashee Rice,7500,11.5,11.870000000000001,11.8,11.53,11.5,11.63,11.51,10.983000000000002,11.536600000000002,11.539955555555558,11.581079333333335,6.89,WR,,,,,,,,
Jordan Addison,Jordan Addison,6500,11.4,11.89,13.3,11.95,11.4,9.17,11.18,7.843000000000001,11.276600000000002,11.04551111111111,11.327812666666668,4.23,WR,,,,,,,,
DJ Moore,DJ Moore,6700,11.1,10.56,11.1,9.74,11.1,11.77,10.33,13.179000000000002,11.1358,11.112755555555557,10.905231333333335,9,WR,,,,,,,,
Matthew Golden,Matthew Golden,6300,11.1,10.010000000000002,8.2,10.11,11.1,10.01,10.82,11.25,10.134,10.303777777777777,10.317006666666666,7.87,WR,,,,,,,,
Malik Nabers,Malik Nabers,6800,10.9,10.84,10.7,9.66,10.9,11.35,10.68,12.179000000000002,10.855799999999999,10.89608888888889,10.796231333333337,7.74,WR,,,,,,,,
Jaylen Waddle,Jaylen Waddle,6600,10.8,9.98,10.7,9.26,10.8,10.31,10.44,11.125000000000002,10.373000000000001,10.42088888888889,10.384763333333334,7.08,WR,,,,,,,,
J.K. Dobbins,JK Dobbins,6300,10.2,8.370000000000001,11.3,8.48,10.2,7.21,10.2,10.153,9.7006,9.534844444444444,9.565852666666666,1.67,RB,,,,,,,,
Dalton Kincaid,Dalton Kincaid,6100,10.1,9.84,11.3,9.87,10.1,9.85,9.98,10.13,10.248000000000001,10.157555555555556,10.136413333333333,5.96,TE,,,,,,,,
Travis Kelce,Travis Kelce,5500,10,10.09,9.9,10.93,10,9.5,9.63,8.946000000000002,9.9732,9.885466666666666,9.945492,6.85,TE,,,,,,,,
Tony Pollard,Tony Pollard,5800,10,9.57,9.8,9.62,10,8.6,9.91,8.183,9.4346,9.45751111111111,9.610592666666667,2.99,RB,,,,,,,,
Rhamondre Stevenson,Rhamondre Stevenson,5700,10,9.55,6.6,10.86,10,11.22,9.17,12.845999999999998,9.9712,10.024133333333332,9.761071999999999,7.67,RB,,,,,,,,
Emanuel Wilson,Emanuel Wilson,5600,10,8.98,9.6,7.88,10,5.7,9.86,1.645,7.621,7.9206666666666665,8.61331,0.6,RB,,,,,,,,
Dontayvion Wicks,Dontayvion Wicks,5900,9.9,9.370000000000001,9.6,9.68,9.9,7.19,9.51,6.8660000000000005,9.083200000000001,9.011022222222223,9.262725333333332,2.57,WR,,,,,,,,
Luther Burden III,Luther Burden,5800,9.8,9.39,7.4,9.39,9.8,10.47,10.02,11.347000000000001,9.4654,9.675822222222221,9.581407333333335,11.02,WR,,,,,,,,
Ladd McConkey,Ladd McConkey,6400,9.7,9.68,9.1,9.78,9.7,10.01,9.01,2.4930000000000003,8.1506,8.624844444444442,9.098352666666667,5.67,WR,,,,,,,,
Omarion Hampton,Omarion Hampton,7200,9.3,10.39,10.9,9.93,9.3,8.61,9.61,13.353,10.774600000000001,10.240844444444445,9.991792666666667,1.75,RB,,,,,,,,
Kenyon Sadiq,Kenyon Sadiq,5300,9.3,8.61,9.1,9.27,9.3,8.64,8.44,5.796,8.4152,8.541244444444445,8.742378666666667,5.34,TE,,,,,,,,
Mike Evans,Mike Evans,7500,9.2,10.06,12.2,6.61,9.2,11.96,7.1,12.036,10.0212,9.8208,9.454372000000001,5.58,WR,,,,,,,,
Isaiah Likely,Isaiah Likely,5100,9.2,9.31,9.5,10.18,9.2,9.3,9.02,10.314000000000002,9.7008,9.524977777777778,9.421714666666666,6.5,TE,,,,,,,,
Mark Andrews,Mark Andrews,5200,8.9,8.4,10.4,8.2,8.9,7.84,8.87,10.551,9.290200000000002,9.039022222222222,8.922095333333335,4.95,TE,,,,,,,,
Dalton Schultz,Dalton Schultz,5600,8.8,7.6499999999999995,6.6,9.85,8.8,8.32,8.81,8.795,8.339,8.440444444444445,8.433156666666669,4.65,TE,,,,,,,,
Jakobi Meyers,Jakobi Meyers,5700,8.8,8.52,8.8,9.01,8.8,8.04,8.93,7.078,8.441600000000001,8.491066666666667,8.629296,4.16,WR,,,,,,,,
Tucker Kraft,Tucker Kraft,5800,8.8,8.54,8.5,9.34,8.8,8.56,8.32,9.746,8.9852,8.843466666666668,8.745012000000003,4.7,TE,,,,,,,,
Deebo Samuel Sr.,Deebo Samuel,7000,8.7,8.11,9.5,8.45,8.7,7.66,9.69,9.72,8.895999999999999,8.82511111111111,8.809626666666665,2.66,WR,,,,,,,,
Ravens,Ravens,4900,8.5,8.5,8.5,8.96,8.5,8.72,7.48,8.879999999999999,8.668000000000001,8.523111111111112,8.428746666666669,5.57,DST,,,,,,,,
Mack Hollins,Mack Hollins,5700,8.5,7.71,9.3,7.81,8.5,7.03,8.18,7.9060000000000015,8.2452,8.131244444444444,8.167878666666667,2.58,WR,,,,,,,,
Khalil Shakir,Khalil Shakir,5700,8.5,7.17,8.3,6.77,8.5,6.42,8.72,8.467,7.8414,7.854266666666667,7.903434000000002,2.52,WR,,,,,,,,
TreVeyon Henderson,TreVeyon Henderson,6200,8.5,9.74,9.8,9.39,8.5,8.77,7.95,6.7120000000000015,8.828400000000002,8.687822222222223,8.788937333333333,2.03,RB,,,,,,,,
T.J. Hockenson,TJ Hockenson,4900,8.4,7.920000000000001,7.8,8.46,8.4,6.7,8.72,7.822,8.080400000000001,8.0336,8.126524000000002,3.35,TE,,,,,,,,
RJ Harvey,RJ Harvey,5800,8.4,8.48,7.5,7,8.4,9.66,7.85,3.95,7.066000000000001,7.589555555555555,7.873993333333335,3.54,RB,,,,,,,,
Courtland Sutton,Courtland Sutton,6000,8.1,8.2,7.5,7.86,8.1,8.45,7.73,9.474,8.2268,8.182311111111112,8.067574666666667,3.76,WR,,,,,,,,
Tre Tucker,Tre Tucker,5800,8.1,7.640000000000001,8.8,9.21,8.1,7.03,7.7,6.657000000000001,8.0814,7.924266666666668,7.997434000000002,2.52,WR,,,,,,,,
Carnell Tate,Carnell Tate,5600,8.1,8.469999999999999,9.3,7.77,8.1,7.78,9.04,9.614,8.6508,8.53608888888889,8.488881333333334,3.89,WR,,,,,,,,
Emeka Egbuka,Emeka Egbuka,5900,8,9.11,8.8,10.08,8,8.5,7.9,11.816000000000003,9.561200000000001,9.085244444444445,8.794438666666666,4.13,WR,,,,,,,,
Xavier Worthy,Xavier Worthy,5700,8,7.59,7.7,7.04,8,8.1,7.33,8.14,7.694,7.732666666666666,7.68554,3.87,WR,,,,,,,,
Woody Marks,Woody Marks,5600,7.9,7.369999999999999,7.1,7.11,7.9,7.89,7.78,7.101000000000001,7.316199999999999,7.496355555555555,7.549755333333332,2.37,RB,,,,,,,,
Bears,Bears,3500,7.8,7.8,7.8,9.84,7.8,7.73,7.88,7.379999999999999,8.123999999999999,8.017111111111111,8.030106666666667,24.54,DST,,,,,,,,
Vikings,Vikings,5000,7.8,7.8,7.8,12.21,7.8,8.67,8.6,5.749999999999999,8.272,8.300222222222223,8.419653333333335,13.92,DST,,,,,,,,
Seahawks,Seahawks,4700,7.8,7.8,7.8,11.05,7.8,7.99,9.14,8.66,8.622,8.518,8.48962,9.34,DST,,,,,,,,
Romeo Doubs,Romeo Doubs,5500,7.8,7.79,8.9,7.98,7.8,7.41,7.85,8.449000000000002,8.1838,8.01808888888889,7.969311333333333,3.26,WR,,,,,,,,
Malik Washington,Malik Washington,5600,7.8,7.48,8.1,6.11,7.8,7.16,8.08,7.7090000000000005,7.439800000000001,7.519866666666668,7.564138,2.82,WR,,,,,,,,
George Holani,George Holani,4800,7.8,6.93,9.1,4.43,7.8,4.43,7.81,6.883000000000001,7.0286,6.9124,7.059266,0.25,RB,,,,,,,,
Packers,Packers,4800,7.6,7.6,7.6,7.88,7.6,7.52,8.02,7.25,7.5859999999999985,7.628444444444444,7.675526666666667,3.38,DST,,,,,,,,
Quentin Johnston,Quentin Johnston,5400,7.6,8.04,9.3,7.14,7.6,7.19,7.37,9.773000000000001,8.3706,8.04262222222222,7.883419333333333,2.74,WR,,,,,,,,
Kyle Monangai,Kyle Monangai,6100,7.5,8.85,9.2,9.61,7.5,8.58,7.47,8.353000000000002,8.7026,8.418399999999998,8.325006,2.48,RB,,,,,,,,
Brenton Strange,Brenton Strange,5100,7.4,7.470000000000001,8.2,7.48,7.4,7.99,7.55,6.678,7.445600000000001,7.512622222222223,7.550069333333334,4.65,TE,,,,,,,,
Wan'Dale Robinson,WanDale Robinson,5300,7.3,7.840000000000001,7.8,7.3,7.3,7.71,7.1,8.294,7.706800000000001,7.5945333333333345,7.512308000000001,3.69,WR,,,,,,,,
Colston Loveland,Colston Loveland,5700,7.3,7.6000000000000005,7.6,8.24,7.3,8.53,7.22,9.855,8.119,7.973777777777777,7.751556666666667,4.47,TE,,,,,,,,
Hunter Henry,Hunter Henry,5000,7.2,8.04,9.3,7.41,7.2,7.55,7.18,7.9270000000000005,7.9754000000000005,7.7536,7.689974000000001,3.74,TE,,,,,,,,
Rashod Bateman,Rashod Bateman,5800,7,6.71,6.8,7.48,7,6.36,7.24,7.745000000000001,7.147,7.0535555555555565,7.017903333333334,1.91,WR,,,,,,,,
AJ Barner,AJ Barner,4900,7,6.57,6.3,6.39,7,7.59,6.73,5.428,6.3376,6.5939555555555565,6.679189333333334,3.9,TE,,,,,,,,
Blake Corum,Blake Corum,6000,7,6.91,6.4,5.37,7,6.72,6.84,8.244,6.7848000000000015,6.8076444444444455,6.739554666666668,1.32,RB,,,,,,,,
Bills,Bills,4200,6.9,6.9,6.9,9.89,6.9,6.63,8.1,6.51,7.42,7.3500000000000005,7.4172,4.09,DST,,,,,,,,
Rams,Rams,4100,6.9,6.9,6.9,7.39,6.9,5.98,6.72,7.18,7.054,6.880444444444445,6.867406666666667,1.49,DST,,,,,,,,
Kalif Raymond,Kalif Raymond,5200,6.9,6.900000000000001,5.8,7.24,6.9,8.25,7.17,6.523000000000001,6.672600000000001,6.928400000000001,6.945906000000002,4.66,WR,,,,,,,,
Marvin Harrison Jr.,Marvin Harrison,5500,6.9,6.05,6.8,6.9,6.9,4.54,7.12,6.9,6.709999999999999,6.535555555555555,6.582233333333335,0.89,WR,,,,,,,,
Ryan Flournoy,Ryan Flournoy,5100,6.9,6.580000000000001,5.7,3.41,6.9,6.52,6.87,6.162,5.7504,6.088044444444445,6.1922906666666675,2.8,WR,,,,,,,,
Rome Odunze,Rome Odunze,6100,6.8,7.51,6.3,7.81,6.8,7.17,6.81,9.469000000000001,7.577799999999999,7.360755555555556,7.176451333333334,2.4,WR,,,,,,,,
Tre' Harris,Tre Harris,5400,6.7,5.93,7.2,4.98,6.7,5.61,6.88,7.019000000000001,6.3658,6.376088888888889,6.381731333333333,1.25,WR,,,,,,,,
Buccaneers,Buccaneers,3200,6.6,6.6,6.6,6.75,6.6,5.71,6.86,8.82,7.074,6.846,6.722140000000001,3.18,DST,,,,,,,,
Tyler Allgeier,Tyler Allgeier,5400,6.6,6.880000000000001,6.5,6.81,6.6,6.6,6.01,6.439000000000001,6.6457999999999995,6.564977777777778,6.5504646666666675,1.2,RB,,,,,,,,
Ollie Gordon II,Ollie Gordon,5900,6.6,6.210000000000001,5.5,5.03,6.6,7.34,5.42,0.788,4.8256000000000006,5.3681777777777775,5.718202666666667,1.56,RB,,,,,,,,
Chiefs,Chiefs,4600,6.5,6.5,6.5,8.41,6.5,6.66,5.86,7.77,7.136,6.870666666666666,6.71896,1.01,DST,,,,,,,,
Texans,Texans,4000,6.3,6.3,6.3,8.58,6.3,6.04,5.9,7.479999999999999,6.991999999999999,6.687999999999999,6.562119999999999,1.17,DST,False,,,,,,,
Brian Thomas Jr.,Brian Thomas,5500,6.3,7.080000000000001,8.3,6.3,6.3,6.46,6.04,6.3,6.856,6.6595555555555555,6.6408933333333335,2.28,WR,,,,,,,,
Oronde Gadsden II,Oronde Gadsden,5000,6.3,5.79,6.5,5.5,6.3,5.42,6.19,5.001,5.8182,5.868799999999999,5.969042,1.64,TE,,,,,,,,
Jauan Jennings,Jauan Jennings,5400,6.2,7.860000000000001,6.5,7.34,6.2,7.65,6.2,6.2,6.82,6.774444444444445,6.770266666666668,2.09,WR,,,,,,,,
Jake Ferguson,Jake Ferguson,5400,6.2,6.38,5.6,6.96,6.2,7.18,6.19,6.564,6.3408,6.401644444444444,6.354514666666668,3.09,TE,,,,,,,,
Jaylen Wright,Jaylen Wright,5900,6.1,4.5200000000000005,4.7,3.72,6.1,3.48,5.73,1.6020000000000003,4.1284,4.453377777777778,4.815270666666667,0.09,RB,,,,,,,,
Kaleb Johnson,Kaleb Johnson,5300,6.1,5.330000000000001,5,4.24,6.1,5.1,6.17,1.4940000000000002,4.4328,4.885200000000001,5.253568,0.76,RB,,,,,,,,
Cardinals,Cardinals,3900,6,6,6,8.28,6,5.71,6.14,6.6899999999999995,6.593999999999999,6.379333333333333,6.31914,0.94,DST,,,,,,,,
49ers,49ers,4500,6,6,6,5.74,6,6.16,4.9,9.37,6.622,6.310222222222222,6.007753333333333,0.11,DST,,,,,,,,
Kenny Gainwell,Kenny Gainwell,4900,6,7.0600000000000005,6,6,6,6.57,6,7.66,6.544,6.426,6.32404,1.45,RB,,,,,,,,
Xavier Hutchinson,Xavier Hutchinson,5600,6,5.840000000000001,4.8,6.96,6,4.65,6.26,6.753000000000001,6.070600000000001,5.925955555555555,5.917819333333334,0.95,WR,,,,,,,,
Giants,Giants,3600,5.9,5.9,5.9,6.36,5.9,6.15,5.86,5.66,5.944000000000001,5.9526666666666666,5.95624,6.98,DST,,,,,,,,
Chris Godwin Jr.,Chris Godwin,5400,5.9,7.0200000000000005,7.6,8.16,5.9,7.1,5.52,5.9,6.916000000000001,6.668444444444445,6.605226666666666,1.82,WR,,,,,,,,
Tyjae Spears,Tyjae Spears,4800,5.9,6.700000000000001,4.9,6.55,5.9,6.81,5.35,6.412000000000001,6.0924000000000005,6.068266666666667,6.005844,1.18,RB,,,,,,,,
Mike Gesicki,Mike Gesicki,5100,5.8,6.54,5.5,7.64,5.8,6.51,5.85,6.246000000000001,6.3452,6.247911111111112,6.2052786666666675,2.68,TE,,,,,,,,
Chris Bell,Chris Bell,4900,5.8,5.770000000000001,6,4.66,5.8,4.26,5.48,4.08,5.2620000000000005,5.234666666666666,5.38702,0.76,WR,,,,,,,,
Makai Lemon,Makai Lemon,5500,5.8,7.9,9.5,7.5,5.8,4.98,6.5,4.822,7.1044,6.656266666666667,6.783964,0.84,WR,,,,,,,,
Bengals,Bengals,3300,5.7,5.7,5.7,7,5.7,5.75,5.46,6.14,6.048,5.910888888888889,5.850213333333333,3.92,DST,,,,,,,,
Cowboys,Cowboys,3400,5.7,5.7,5.7,4.38,5.7,5.68,5.12,6.3199999999999985,5.56,5.54,5.479,4.56,DST,,,,,,,,
Jets,Jets,3200,5.7,5.7,5.7,3.55,5.7,4.88,5.78,6.459999999999999,5.422,5.432444444444444,5.427086666666668,4.58,DST,,,,,,,,
Eagles,Eagles,4400,5.7,5.7,5.7,5.78,5.7,5.58,5.14,9.27,6.4300000000000015,6.111111111111112,5.827366666666668,1.06,DST,,,,,,,,
Cooper Kupp,Cooper Kupp,5400,5.7,5.65,6.5,6.46,5.7,5.16,5.67,4.233,5.708600000000001,5.642399999999999,5.739466,1.13,WR,,,,,,,,
Keaton Mitchell,Keaton Mitchell,5200,5.7,5.220000000000001,5.5,4.77,5.7,4.11,5.22,5.102,5.2584,5.1756,5.229504,0.22,RB,,,,,,,,
Broncos,Broncos,4300,5.6,5.6,5.6,7.23,5.6,5.53,4.52,6.880000000000001,6.1819999999999995,5.860222222222222,5.692153333333334,0.55,DST,,,,,,,,
Chargers,Chargers,3100,5.6,5.6,5.6,7.24,5.6,5.31,4.98,8.98,6.603999999999999,6.168222222222223,5.881173333333333,5.11,DST,,,,,,,,
DeMario Douglas,DeMario Douglas,5100,5.6,6.6000000000000005,8.2,5.73,5.6,4.86,5.49,8.15,6.856,6.342888888888889,6.1706933333333325,1.05,WR,,,,,,,,
Jalen Nailor,Jalen Nailor,5000,5.5,5.45,7,4.46,5.5,5.12,5.01,7.466,5.9752,5.720133333333333,5.555312,1.09,WR,,,,,,,,
Isaiah Davis,Isaiah Davis,4700,5.5,6.25,4.4,6.15,5.5,7.12,5.02,0.929,4.6457999999999995,5.0572,5.343597999999999,1.07,RB,,,,,,,,
Cade Otton,Cade Otton,4900,5.4,6.510000000000001,6.6,7.38,5.4,5.65,5,5.531000000000001,6.2842,5.972799999999999,5.930902,2.26,TE,,,,,,,,
MarShawn Lloyd,MarShawn Lloyd,5400,5.4,7.74,10.9,6.76,5.4,7.18,6.07,9.907,8.141399999999999,7.499822222222223,7.1613673333333345,1.4,RB,,,,,,,,
Rashid Shaheed,Rashid Shaheed,5100,5.4,6.320000000000001,7.2,6.85,5.4,6.06,5.45,5.7059999999999995,6.2952,6.07568888888889,6.030045333333334,1.64,WR,,,,,,,,
Jaguars,Jaguars,3800,5.3,5.3,5.3,7.12,5.3,5.55,5.36,6.220000000000001,5.848000000000001,5.699777777777777,5.6107466666666665,1.09,DST,,,,,,,,
Justice Hill,Justice Hill,4700,5.3,5.0600000000000005,5.2,4.47,5.3,5.85,4.01,5.756,5.1572,5.122577777777778,5.008598666666668,0.7,RB,,,,,,,,
Greg Dulcich,Greg Dulcich,4800,5.3,5.699999999999999,7,5.2,5.3,5.21,5.24,4.237,5.487399999999999,5.408266666666667,5.476294,1.8,TE,,,,,,,,
Michael Mayer,Michael Mayer,4700,5.3,4.25,3.3,5.04,5.3,4.23,4.96,7.676000000000002,5.113200000000001,5.018800000000001,4.852092000000001,1.23,TE,,,,,,,,
Samaje Perine,Samaje Perine,4700,5.2,4.670000000000001,3.9,5.28,5.2,5.42,4.8,4.918,4.7936,4.909066666666666,4.900216,0.65,RB,,,,,,,,
Pat Bryant,Pat Bryant,5300,5.2,5.25,3.8,5.46,5.2,6.21,5.7,7.180000000000001,5.378,5.4864444444444445,5.3626466666666674,1.48,WR,,,,,,,,
Ted Hurst III,Ted Hurst,5300,5.2,5.1000000000000005,4.9,4.88,5.2,5.04,4.52,4.9750000000000005,5.011000000000001,4.980666666666668,4.96701,0.89,WR,,,,,,,,
Tyler Higbee,Tyler Higbee,4600,5.1,5.5200000000000005,5.7,8.08,5.1,5.37,3.79,1.924,5.264799999999999,5.094311111111111,5.212954666666667,2.57,TE,,,,,,,,
Kayshon Boutte,Kayshon Boutte,5300,5.1,5.69,6.8,6.18,5.1,5.47,4.93,7.536,6.2612,5.896355555555555,5.689505333333334,1.53,WR,,,,,,,,
Emmett Johnson,Emmett Johnson,5100,5.1,4.960000000000001,4.3,4.1,5.1,3.92,4.97,5.157000000000001,4.7234,4.703377777777778,4.737320666666668,0.28,RB,,,,,,,,
Dolphins,Dolphins,3000,5,5,5,7.11,5,4.4,4.7,4.35,5.292,5.094666666666667,5.115120000000001,0.12,DST,,,,,,,,
Najee Harris,Najee Harris,4900,5,4.9799999999999995,4.6,4.56,5,4.6,4.82,1.235,4.075,4.318888888888889,4.596183333333334,0.34,RB,,,,,,,,
Gunnar Helm,Gunnar Helm,4700,4.9,4.74,4.7,4.68,4.9,5.34,4.66,4.890000000000001,4.782,4.843555555555556,4.820353333333333,1.74,TE,,,,,,,,
Raiders,Raiders,3100,4.8,4.8,4.8,6.54,4.8,4.9,4.68,5.7299999999999995,5.334,5.153777777777778,5.058606666666666,2.77,DST,,,,,,,,
Malachi Fields,Malachi Fields,5100,4.8,5.180000000000001,4.5,5.83,4.8,4.44,4.85,4.458,4.9536,4.8679555555555565,4.906549333333334,0.65,WR,,,,,,,,
Kendrick Bourne,Kendrick Bourne,5100,4.7,4.48,3.9,5.98,4.7,4.73,4.69,6.522,5.1164000000000005,4.9798222222222215,4.836817333333333,0.91,WR,,,,,,,,
Evan Engram,Evan Engram,5000,4.6,4.26,3.8,5.03,4.6,4.54,4.81,6.16,4.7700000000000005,4.73,4.6263000000000005,1.16,TE,,,,,,,,
Darnell Mooney,Darnell Mooney,5200,4.6,4.610000000000001,4.5,6.22,4.6,4,4.5,2.782,4.5424,4.483822222222222,4.605677333333333,0.37,WR,,,,,,,,
Chris Rodriguez Jr.,Chris Rodriguez,5300,4.6,5.55,6.4,4.6,4.6,5.14,4.28,4.6,5.15,4.9911111111111115,4.966966666666667,0.61,RB,,,,,,,,
Dohnte Meyers,Dohnte Meyers,4800,4.6,3.49,3.4,3.38,4.6,3.01,4.62,0.893,3.1526000000000005,3.460622222222222,3.760639333333334,0.24,WR,,,,,,,,
Titans,Titans,3000,4.5,4.5,4.5,5.37,4.5,3.75,5,5.85,4.944,4.7682222222222235,4.708173333333334,0.2,DST,,,,,,,,
Zach Ertz,Zach Ertz,4800,4.5,4.7,8.1,3.89,4.5,2.87,4.1,4.5,5.138,4.699777777777777,4.689246666666667,0.42,TE,,,,,,,,
Tyquan Thornton,Tyquan Thornton,5000,4.5,5,4,5.35,4.5,4.48,4.6,3.513,4.4726,4.490622222222222,4.577439333333333,0.8,WR,,,,,,,,
Colby Parkinson,Colby Parkinson,5200,4.4,3.49,2.9,4.65,4.4,4.98,4.05,4.026,3.8932,4.087688888888889,4.068825333333335,0.94,TE,,,,,,,,
Isaiah Williams,Isaiah Williams,4900,4.4,5.16,5.7,3.88,4.4,4.35,5.48,2.068,4.2416,4.408844444444444,4.649362666666667,0.55,WR,,,,,,,,
Ty Johnson,Ty Johnson,5200,4.3,4.36,3.7,5.43,4.3,4.32,3.83,4.3,4.418,4.328666666666667,4.29778,0.2,RB,,,,,,,,
Kaelon Black,Kaelon Black,5000,4.3,4.83,3.8,5.33,4.3,4.97,4.14,6.927000000000001,5.0374,4.8482666666666665,4.644793999999999,0.54,RB,,,,,,,,
Elic Ayomanor,Elic Ayomanor,5000,4.2,4.94,3.4,6.27,4.2,4.95,4.26,3.424,4.4468000000000005,4.454533333333334,4.501708000000001,0.54,WR,,,,,,,,
Darius Cooper,Darius Cooper,4600,4.2,3.83,3.4,3.9,4.2,1.88,4.58,0.37,3.14,3.277777777777778,3.6306666666666674,0.03,WR,,,,,,,,
Skyy Moore,Skyy Moore,4800,3.9,3.7000000000000006,2.2,3.39,3.9,4.07,3.65,0.437,2.7254,3.1080444444444444,3.3563406666666666,0.56,WR,,,,,,,,
Mike Washington Jr.,Mike Washington,5000,3.8,4.41,3.3,3.8,3.8,4.19,3.31,3.8,3.8220000000000005,3.8035555555555565,3.789953333333333,0.17,RB,,,,,,,,
Keon Coleman,Keon Coleman,5300,3.8,4.8,5,5.51,3.8,3.88,4.01,3.452,4.5123999999999995,4.307155555555555,4.3373773333333325,0.48,WR,,,,,,,,
Patriots,Patriots,3700,3.6,3.6,3.6,6.9,3.6,4.99,3.86,8.64,5.268000000000001,4.895333333333334,4.478880000000001,0.33,DST,,,,,,,,
Chris Brooks,Chris Brooks,4500,3.4,4.25,3.4,3.4,3.4,5.1,3.26,5.247,3.9394000000000005,3.932933333333333,3.7762140000000004,0.36,RB,,,,,,,,
Tai Felton,Tai Felton,4300,3.3,3.8,2.7,3.53,3.3,1.33,3,1.882,3.0423999999999998,2.8760444444444446,3.027210666666667,0.02,WR,,,,,,,,
Joshua Palmer,Joshua Palmer,4800,3.1,2.9000000000000004,3.1,3.1,3.1,1.88,3.2,4.291,3.2982,3.107688888888889,3.052375333333334,0.1,WR,,,,,,,,
Josh Cameron,Josh Cameron,4600,3.1,2.92,1.5,5.08,3.1,3.1,2.78,0.506,2.6212,2.7452444444444444,2.9030386666666668,0.18,WR,,,,,,,,
Dawson Knox,Dawson Knox,4600,3,3.4800000000000004,3.8,4.42,3,2.5,3.29,2.3200000000000003,3.404000000000001,3.2460000000000004,3.3114400000000006,0.36,TE,,,,,,,,
Jaylin Noel,Jaylin Noel,5300,3,3.16,3.6,5.11,3,1.82,3.04,5.186,4.0112000000000005,3.5474666666666668,3.3964720000000006,0.11,WR,,,,,,,,
Sterling Shepard,Sterling Shepard,4500,2.9,3.8200000000000003,2.9,2.9,2.9,0.85,3.02,2.9,3.0840000000000005,2.808222222222222,2.891373333333333,0.02,WR,,,,,,,,
Brandin Cooks,Brandin Cooks,5600,2.9,1.52,0,3.31,2.9,0.81,4.19,2.9,2.1260000000000003,2.2951111111111113,2.406526666666667,0.01,WR,,,,,,,,
Jeremy Ruckert,Jeremy Ruckert,4500,2.8,2.9000000000000004,1.6,3.77,2.8,1.32,3.55,0.537,2.3214,2.3998222222222223,2.6445673333333333,0.13,TE,,,,,,,,
Cody White,Cody White,4900,2.8,2.65,2.7,2.92,2.8,2.79,0,0.14,2.242,2.1157777777777778,2.1456866666666667,0.11,WR,,,,,,,,
Kyle Williams,Kyle Williams,4500,2.8,3.72,5.3,1.98,2.8,2.79,2.65,2.311,3.2222,3.0636888888888887,3.0978153333333327,0.19,WR,,,,,,,,
Cole Kmet,Cole Kmet,4800,2.6,2.5900000000000003,3.1,3.01,2.6,3.11,2.62,3.968,3.0536000000000003,2.9612888888888893,2.8417493333333335,0.43,TE,,,,,,,,
Tez Johnson,Tez Johnson,5000,2.6,2.5900000000000003,1.3,3.72,2.6,2.19,2.48,2.1189999999999998,2.4658,2.4516444444444447,2.491064666666667,0.05,WR,,,,,,,,
Kevin Coleman Jr.,Kevin Coleman,4400,2.6,3.42,2.7,2.6,2.6,2.27,3.31,2.6,2.784,2.7648888888888887,2.8347733333333336,0.12,WR,,,,,,,,
Kyle Juszczyk,Kyle Juszczyk,4200,2.5,2.2300000000000004,2.5,2.97,2.5,1.41,2.22,1.81,2.402,2.2824444444444447,2.329686666666667,1.61,RB,,,,,,,,
Foster Moreau,Foster Moreau,4300,2.5,2.5500000000000003,2.4,3.56,2.5,2.78,2.42,2.516,2.7052000000000005,2.659022222222222,2.637145333333333,0.43,TE,,,,,,,,
Noah Gray,Noah Gray,4500,2.5,2.62,3.5,2.5,2.5,2.67,2.55,2.289,2.6818,2.6456444444444447,2.6514246666666668,0.44,TE,,,,,,,,
Jacob Cowing,Jacob Cowing,5100,2.5,2.5900000000000003,2.4,1.71,2.5,2.08,2.41,0.33999999999999997,1.908,2.0486666666666666,2.22068,0.08,WR,,,,,,,,
Jonnu Smith,Jonnu Smith,4600,2.4,3.08,3.8,4.68,2.4,2.6,2.12,2.896,3.3712000000000004,3.0385777777777783,2.960538666666667,0.33,TE,,,,,,,,
Drew Sample,Drew Sample,4300,2.4,2.22,2.7,2.4,2.4,2.05,2.48,2.121,2.3682000000000003,2.3488,2.3731419999999996,0.24,TE,,,,,,,,
Theo Johnson,Theo Johnson,4600,2.4,2.93,4.4,3.11,2.4,2.57,2.34,2.215,3.011,2.819555555555555,2.8097433333333335,0.38,TE,,,,,,,,
Johnny Mundt,Johnny Mundt,4700,2.3,2.73,4,1.75,2.3,2.38,2.5,0.8200000000000001,2.32,2.344444444444444,2.4584666666666664,0.22,TE,,,,,,,,
DeeJay Dallas,DeeJay Dallas,4600,2.3,3.5600000000000005,2.7,2.95,2.3,3.29,1.74,3.721,3.0462000000000002,2.8452444444444445,2.7127886666666665,0.08,RB,,,,,,,,
Tory Horton,Tory Horton,4800,2.3,2.72,2.4,4.01,2.3,2.89,2.33,0.363,2.3586,2.4079555555555556,2.5248993333333334,0.14,WR,,,,,,,,
Chris Moore,Chris Moore,5000,2.2,2.6600000000000006,2.2,2,2.2,1.63,2.37,2.607,2.3334,2.244488888888889,2.254287333333334,0.07,WR,,,,,,,,
Elijah Arroyo,Elijah Arroyo,4200,2.2,2.3800000000000003,0.9,2.2,2.2,3.22,1.76,2.606,2.0572000000000004,2.1692444444444448,2.110798666666667,0.48,TE,,,,,,,,
Calvin Ridley,Calvin Ridley,4900,2.1,2.33,1.6,2.1,2.1,2.29,2.34,2.625,2.151,2.1817777777777776,2.1652766666666667,0.06,WR,,,,,,,,
Davis Allen,Davis Allen,4400,2.1,2.21,0,2.47,2.1,1.11,3.28,1.5059999999999998,1.6572000000000002,1.825911111111111,1.9807986666666668,0.1,TE,,,,,,,,
Ryan Miller,Ryan Miller,4400,2,1.76,1.8,2,2,0,2.24,2,1.9119999999999997,1.7457777777777777,1.803386666666667,0,WR,,,,,,,,
Tyler Goodson,Tyler Goodson,4500,2,2.39,1.1,1.58,2,3,2.01,2,1.814,1.9882222222222221,1.9904733333333335,0.06,RB,,,,,,,,
Marvin Mims Jr.,Marvin Mims,4900,2,2.12,2.1,3.68,2,2.07,1.24,2,2.38,2.1766666666666667,2.116,0.04,WR,,,,,,,,
Jordan Watkins,Jordan Watkins,5200,2,2.93,2.3,6.13,2,1.51,2.65,0.08499999999999999,2.689,2.4771111111111113,2.6382566666666665,0.05,WR,,,,,,,,
Will Shipley,Will Shipley,5100,2,1.7200000000000002,0.9,2,2,1.68,1.52,1.1760000000000002,1.5592000000000001,1.6172444444444445,1.661618666666667,0.01,RB,,,,,,,,
Kimani Vidal,Kimani Vidal,4300,1.9,1.4100000000000001,2.3,1.9,1.9,1.39,1.86,1.25,1.752,1.7402222222222223,1.7782533333333335,0.01,RB,,,,,,,,
Konata Mumpfield,Konata Mumpfield,5200,1.9,2.42,1.9,3.5,1.9,1.83,1.74,1.0270000000000001,2.1494,2.0407111111111114,2.0925806666666666,0.07,WR,,,,,,,,
Devontez Walker,Devontez Walker,4700,1.9,2.7,2.5,4.91,1.9,2.84,1.37,1.9720000000000002,2.7963999999999998,2.543155555555556,2.467617333333333,0.16,WR,,,,,,,,
Bo Melton,Bo Melton,4200,1.8,0.9199999999999999,1.8,1.8,1.8,0.39,1.74,0.192,1.3024,1.3049333333333335,1.425544,0,WR,,,,,,,,
Eli Raridon,Eli Raridon,4100,1.8,2.64,1,4.28,1.8,3.38,1.78,2.133,2.3706000000000005,2.3537333333333335,2.295286,0.47,TE,,,,,,,,
Ameer Abdullah,Ameer Abdullah,4400,1.7,1.5900000000000003,2.8,1.7,1.7,2.52,1.94,0.599,1.6778,1.8029777777777778,1.8591846666666665,0.02,RB,,,,,,,,
Tanner Hudson,Tanner Hudson,4200,1.7,1.87,2.4,1.7,1.7,1.3,1.91,0.372,1.6084000000000003,1.6178222222222223,1.7309373333333335,0.15,TE,,,,,,,,
Tyler Badie,Tyler Badie,4600,1.7,1.35,1.3,1.7,1.7,2.58,1.78,0.163,1.2426,1.5017333333333331,1.5888060000000002,0.03,RB,,,,,,,,
Jared Wayne,Jared Wayne,4700,1.7,2.5100000000000002,2.1,1.7,1.7,1.95,1.74,1.169,1.8358,1.8227555555555552,1.875431333333333,0.08,WR,,,,,,,,
Tank Bigsby,Tank Bigsby,5500,1.7,2.72,2,4.31,1.7,3.17,1.73,3.3150000000000004,2.809,2.606,2.45279,0.05,RB,,,,,,,,
Adam Trautman,Adam Trautman,4500,1.7,2.08,0.9,2.74,1.7,1.57,1.71,2.072,1.8984,1.8189333333333333,1.8043040000000001,0.11,TE,,,,,,,,
Daniel Bellinger,Daniel Bellinger,4200,1.6,2.31,1.5,3.36,1.6,1.67,1.38,1.1260000000000001,1.9791999999999998,1.8361333333333332,1.857552,0.16,TE,,,,,,,,
Troy Franklin,Troy Franklin,4800,1.6,2.83,4.6,2.75,1.6,2.05,2.26,2.3520000000000003,2.8264,2.5409333333333333,2.501184,0.07,WR,,,,,,,,
Demond Claiborne,Demond Claiborne,4900,1.6,2.66,3,3.18,1.6,2.35,3.25,3.1580000000000004,2.7196,2.6130666666666666,2.5718760000000005,0.05,RB,,,,,,,,
Travis Hunter,Travis Hunter,4500,1.5,1.31,0,1.97,1.5,1.42,1.54,2.513,1.4586000000000001,1.4679555555555557,1.4060993333333334,0.04,WR,,,,,,,,
KaVontae Turpin,KaVontae Turpin,4700,1.4,2.58,2.9,3.7,1.4,2.46,1.56,2.1940000000000004,2.5548,2.305422222222222,2.222521333333334,0.07,WR,,,,,,,,
Nate Boerkircher,Nate Boerkircher,4200,1.4,1.75,1.5,2.44,1.4,1.28,1.35,1.428,1.7036000000000002,1.5835111111111109,1.5787826666666667,0.09,TE,,,,,,,,
Nate Adkins,Nate Adkins,4300,1.4,1.7400000000000002,0.9,3.43,1.4,1.6,1.94,0.36,1.5660000000000003,1.592888888888889,1.6845933333333336,0.13,TE,,,,,,,,
Elijah Higgins,Elijah Higgins,4300,1.3,2.12,2.2,2.63,1.3,1.33,1.33,0.558,1.7616,1.6144,1.6664960000000002,0.13,TE,,,,,,,,
Mitch Tinsley,Mitch Tinsley,4100,1.3,0.7,1.3,1.3,1.3,1.3,1.3,0.11500000000000002,0.943,1.062,1.1293300000000002,1.3,WR,,,,,,,,
Braxton Berrios,Braxton Berrios,4200,1.2,0.47,1.2,1.2,1.2,0.33,1.22,0.14,0.842,0.8668888888888888,0.9439533333333333,0,WR,,,,,,,,
Eric Saubert,Eric Saubert,4200,1.2,0.56,1.3,1.2,1.2,0.35,1.35,0.15300000000000002,0.8826,0.9106222222222223,0.9949393333333334,0.01,TE,,,,,,,,
Jelani Woods,Jelani Woods,4100,1.2,0.95,0.9,1.2,1.2,0.26,1.22,1.2,1.09,1.0244444444444443,1.0447666666666668,0.01,TE,,,,,,,,
Malik McClain,Malik McClain,4000,1.2,2.12,0,1.2,1.2,0.47,1.12,1.2,1.1440000000000001,1.0726666666666667,1.1260400000000002,0,WR,,,,,,,,
Brashard Smith,Brashard Smith,4200,1.2,0.76,2.6,1.2,1.2,0.22,1.01,0.7909999999999999,1.3102,1.1434666666666669,1.157562,0,RB,,,,,,,,
Josh Cuevas,Josh Cuevas,4000,1.2,0.8200000000000001,2.3,1.2,1.2,0.69,0.42,0.11500000000000002,1.1270000000000002,1.008,1.0311700000000001,0.03,TE,,,,,,,,
Alec Ingold,Alec Ingold,4000,1.1,0.9400000000000001,2.2,1.1,1.1,0.96,0.9,0.41500000000000004,1.151,1.0962222222222222,1.1203433333333332,1.61,RB,,,,,,,,
Luke Farrell,Luke Farrell,4300,1.1,1.01,1.8,1.1,1.1,1.4,1.23,1.8070000000000002,1.3634,1.323377777777778,1.2623206666666669,0.09,TE,,,,,,,,
Erick All Jr.,Erick All,4500,1.1,2.3600000000000003,1,3.4,1.1,2.27,1.29,1.1,1.7920000000000003,1.7124444444444444,1.7055866666666668,0.29,TE,,,,,,,,
Ray Davis,Ray Davis,4400,1.1,1.1300000000000001,1.5,1.1,1.1,0.99,0.76,3.4250000000000007,1.6510000000000002,1.4173333333333333,1.2316100000000003,0.01,RB,,,,,,,,
Hayden Rucci,Hayden Rucci,4000,1.1,0.98,1.1,1.67,1.1,1.12,1.08,1.1,1.19,1.1599999999999997,1.1485,0.09,TE,,,,,,,,
Will Kacmarek,Will Kacmarek,4100,1.1,1.1800000000000002,2,1.68,1.1,0.95,1.17,0.846,1.3612,1.2652444444444444,1.2764386666666667,0.04,TE,,,,,,,,
Jalen Royals,Jalen Royals,4600,1.1,1.79,1.9,2.93,1.1,1.59,1.4,0.5579999999999999,1.6556000000000002,1.5581777777777779,1.5915026666666667,0.05,WR,,,,,,,,
Durham Smythe,Durham Smythe,4100,1,0.9299999999999999,1.3,2.62,1,0.62,1.5,1.5030000000000001,1.4706,1.3270666666666664,1.304486,0.03,TE,,,,,,,,
Brevyn Spann-Ford,Brevyn Spann-Ford,4200,1,1,1.4,1,1,0.99,1.65,1.715,1.223,1.2197777777777778,1.2005966666666668,0.04,TE,,,,,,,,
Tyrone Tracy Jr.,Tyrone Tracy,4600,1,1.23,3.2,1,1,0.73,1.12,1,1.486,1.3073333333333335,1.3022600000000002,0.01,RB,,,,,,,,
Luke Schoonmaker,Luke Schoonmaker,4200,1,0.9900000000000001,1.8,1,1,1.03,1.12,0.5860000000000001,1.0752000000000002,1.0668,1.0929120000000003,0.06,TE,,,,,,,,
Hunter Long,Hunter Long,4000,1,1.5700000000000003,2.6,1,1,0,0.63,0.10500000000000001,1.2550000000000001,1.017777777777778,1.0837166666666667,0,TE,,,,,,,,
Efton Chism III,Efton Chism,4100,1,2.02,2.5,1,1,1.56,1.28,0.38,1.38,1.3466666666666667,1.4050000000000002,0.03,WR,,,,,,,,
Sean Tucker,Sean Tucker,4400,1,1.2200000000000002,0,1,1,0.38,1.26,0.831,0.8102,0.8334666666666668,0.8927620000000002,0,RB,,,,,,,,
LeQuint Allen Jr.,LeQuint Allen,4200,1,1.44,1.6,2.29,1,1.56,0.81,1,1.466,1.3517777777777777,1.3187266666666668,0.02,RB,,,,,,,,
Max Klare,Max Klare,4000,1,1.5900000000000003,0,1,1,0.41,1.08,1,0.9179999999999999,0.8886666666666667,0.9357800000000003,0.03,TE,,,,,,,,
Jackson Hawes,Jackson Hawes,4100,1,0.8799999999999999,2.4,1,1,0.62,0.9,0.21300000000000002,1.0985999999999998,1.0124,1.0529659999999998,0.03,TE,,,,,,,,
Quintin Morris,Quintin Morris,4100,0.9,0.4700000000000001,1,0.9,0.9,0.43,0.99,0.469,0.7478,0.7563111111111112,0.7900846666666667,0.02,TE,,,,,,,,
Jordan Whittington,Jordan Whittington,5200,0.9,1.3800000000000001,2.7,2.91,0.9,0.87,0.93,0.619,1.7018,1.4345333333333334,1.427558,0.01,WR,,,,,,,,
Gavin Bartholomew,Gavin Bartholomew,4000,0.9,1.71,0,0.9,0.9,0,0.9,0.24,0.75,0.7000000000000001,0.8025000000000002,0,TE,,,,,,,,
Sam Roush,Sam Roush,4400,0.9,2.02,3.6,0.9,0.9,1.74,0.99,0.396,1.5632,1.445466666666667,1.4673920000000003,0.11,TE,,,,,,,,
Hunter Luepke,Hunter Luepke,4300,0.9,0.74,1,0.9,0.9,0.8,0.81,1.714,1.0508,0.9794222222222224,0.9130813333333334,1.61,RB,,,,,,,,
Connor Heyward,Connor Heyward,4000,0.8,0.61,0,0.8,0.8,0.77,0.64,0.14,0.47000000000000003,0.5588888888888888,0.6014333333333335,1.61,RB,,,,,,,,
Cade Stover,Cade Stover,4100,0.8,0.8300000000000001,1.9,0.8,0.8,0.76,0.89,0.627,0.9914,0.9331555555555554,0.9398673333333333,0.04,TE,,,,,,,,
DJ Herman,DJ Herman,4000,0.8,1.57,2.1,4.79,0.8,0.79,0.9,0.8,2.0120000000000005,1.6180000000000003,1.5859200000000004,1.61,RB,,,,,,,,
Jalen Tolbert,Jalen Tolbert,4500,0.7,1.09,1.2,0.7,0.7,0.27,0.61,0.7,0.8780000000000001,0.760888888888889,0.7719133333333332,0,WR,,,,,,,,
E.J. Jenkins,EJ Jenkins,4400,0.7,0.98,0,2.29,0.7,1.1,0.57,0.7,0.9339999999999999,0.886,0.8669399999999999,0.03,TE,,,,,,,,
Jarquez Hunter,Jarquez Hunter,4200,0.7,0.82,0.7,0.7,0.7,0.7,0.7,0.05,0.594,0.6293333333333334,0.6791399999999999,0.7,RB,,,,,,,,
Cyrus Allen,Cyrus Allen,4400,0.7,0.18,0,0.7,0.7,0.36,0.73,1.721,0.6602,0.6390222222222222,0.5691953333333333,0.01,WR,,,,,,,,
Dareke Young,Dareke Young,4100,0.7,1.24,1.3,3.51,0.7,0.37,0.67,0.7,1.49,1.1866666666666665,1.1699,0,WR,,,,,,,,
Chris Manhertz,Chris Manhertz,4000,0.6,0.27,0.5,0.6,0.6,0.26,0.57,0.042,0.4024,0.4271555555555555,0.4652773333333333,0.01,TE,,,,,,,,
Britain Covey,Britain Covey,4400,0.6,0.6000000000000001,0,0.6,0.6,0.1,1.16,0,0.36000000000000004,0.4466666666666667,0.5396000000000001,0,WR,,,,,,,,
Elijah Moore,Elijah Moore,4200,0.6,1.52,0.3,2.94,0.6,0.23,0.67,0.6,1.1919999999999997,0.9613333333333333,0.97752,0,WR,,,,,,,,
LaJohntay Wester,LaJohntay Wester,4500,0.6,1.1900000000000002,2.9,0.6,0.6,0.62,0.63,3.306,1.7192,1.3516888888888887,1.1506853333333333,0.01,WR,,,,,,,,
Corey Kiner,Corey Kiner,4500,0.6,0.51,0.6,0.6,0.6,0.55,1.23,0.7649999999999999,0.615,0.6744444444444444,0.6963166666666667,0,RB,,,,,,,,
Reggie Gilliam,Reggie Gilliam,4000,0.5,0.43,1.2,0.5,0.5,0.22,0.56,0.5,0.626,0.5595555555555556,0.5597933333333334,1.61,RB,,,,,,,,
Payne Durham,Payne Durham,4100,0.5,0.31000000000000005,0.7,0.5,0.5,0.14,0.78,0.357,0.4734,0.47337777777777773,0.5002206666666668,0,TE,,,,,,,,
Derius Davis,Derius Davis,4100,0.5,0.76,1.1,2.78,0.5,0.99,0.46,1.353,1.2986,1.0824000000000003,0.9821660000000002,0,WR,,,,,,,,
Bam Knight,Bam Knight,4000,0.5,0.67,0.5,0.5,0.5,0,0.56,0.453,0.5246,0.46751111111111104,0.4912926666666667,0,RB,,,,,,,,
Chimere Dike,Chimere Dike,4300,0.5,1.7000000000000002,1,0.5,0.5,1.99,0.72,1.581,1.0562,1.0608,0.988222,0.04,WR,,,,,,,,
Jake Briningstool,Jake Briningstool,4300,0.5,0.75,1.9,0.5,0.5,0.63,0.42,0.198,0.7696,0.685288888888889,0.6905093333333334,0.02,TE,,,,,,,,
Malik Benson,Malik Benson,4200,0.5,1.85,2.1,2.37,0.5,0.67,0.93,1.0310000000000001,1.5702000000000003,1.2801333333333333,1.261362,0.01,WR,,,,,,,,
Jahdae Walker,Jahdae Walker,4600,0.5,0.8200000000000001,2.8,0.5,0.5,0.92,0.42,1.184,1.1608,0.9783111111111111,0.8979146666666667,0.02,WR,,,,,,,,
Marquez Valdes-Scantling,Marquez Valdes-Scantling,4200,0.4,0.8900000000000001,0.4,0.4,0.4,0.58,0.31,0.4,0.49799999999999994,0.4753333333333333,0.4799800000000001,0.01,WR,,,,,,,,
Patrick Ricard,Patrick Ricard,4100,0.4,0.14,0.3,0.4,0.4,0.1,0.47,0.325,0.31300000000000006,0.3164444444444445,0.3266966666666667,1.61,RB,,,,,,,,
Mark Redman,Mark Redman,4000,0.4,0,0,0.4,0.4,0,0.36,0.4,0.24000000000000005,0.24444444444444446,0.24506666666666668,0,TE,,,,,,,,
Dylan Laube,Dylan Laube,4200,0.4,0.32000000000000006,1.1,0.4,0.4,0.03,0.36,0.39299999999999996,0.5226,0.4361777777777777,0.43327266666666675,0,RB,,,,,,,,
Josiah Deguara,Josiah Deguara,4200,0.3,1.2100000000000002,0.3,0.3,0.3,0.3,0.36,0.3,0.48200000000000004,0.428,0.4574200000000001,0.3,TE,,,,,,,,
Kene Nwangwu,Kene Nwangwu,4000,0.3,0.32000000000000006,0,0.3,0.3,0.35,0.31,0,0.18400000000000002,0.2293333333333334,0.25404,0,RB,,,,,,,,
Brady Russell,Brady Russell,4200,0.3,0.6200000000000001,1,0.3,0.3,0,0.36,0.5449999999999999,0.553,0.44199999999999995,0.43643000000000004,0,RB,,,,,,,,
Charlie Jones,Charlie Jones,4100,0.3,0.04000000000000001,0.3,0.3,0.3,0.18,0.36,0.3,0.248,0.2586666666666666,0.25748,0,WR,,,,,,,,
Cameron Latu,Cameron Latu,4000,0.3,0.42000000000000004,1.6,0.3,0.3,0.33,0.21,0.3,0.584,0.4826666666666666,0.46564000000000005,0.04,TE,,,,,,,,
Jonathan Mingo,Jonathan Mingo,4100,0.3,0.25,0.8,0.3,0.3,0.26,0.57,0.7250000000000001,0.475,0.44222222222222224,0.4207833333333334,0,WR,,,,,,,,
Tahj Brooks,Tahj Brooks,4000,0.3,0.52,1.6,0.3,0.3,0.54,0.31,0.47700000000000004,0.6394,0.5540444444444445,0.5276806666666668,0,RB,,,,,,,,
Myles Price,Myles Price,4200,0.3,1.82,1.5,0.3,0.3,0.47,0,0.22500000000000003,0.829,0.6382222222222221,0.6527233333333333,0,WR,,,,,,,,
Keleki Latu,Keleki Latu,4000,0.3,0.3,0,0.3,0.3,0,0.36,0.3,0.24,0.23333333333333334,0.24740000000000004,0,TE,,,,,,,,
Bauer Sharp,Bauer Sharp,4000,0.3,0.32999999999999996,0,0.3,0.3,0.08,0.36,0.3,0.246,0.24622222222222223,0.2591933333333334,0,TE,,,,,,,,
Zavion Thomas,Zavion Thomas,4300,0.3,0.52,0,0.3,0.3,0.69,0.53,0.41800000000000004,0.30760000000000004,0.3739555555555556,0.37848933333333334,0.01,WR,,,,,,,,
Marlin Klein,Marlin Klein,4000,0.3,1.57,0.9,0.3,0.3,1.58,0.42,1.439,0.9018,0.8567555555555555,0.7804913333333334,0.13,TE,,,,,,,,
Andrew Beck,Andrew Beck,4000,0.2,0.78,1,0.2,0.2,0,0.26,0.2,0.4760000000000001,0.3684444444444445,0.38422666666666677,0,RB,,,,,,,,
Greg Dortch,Greg Dortch,4300,0.2,0.05,0.2,0.2,0.2,0.18,0.21,0.2,0.17,0.17888888888888888,0.17563333333333334,0,WR,,,,,,,,
Ian Thomas,Ian Thomas,4100,0.2,0.53,1.2,0.2,0.2,0.37,0.42,0.29600000000000004,0.4852,0.43346666666666667,0.43281200000000003,0.01,TE,,,,,,,,
Josh Whyle,Josh Whyle,4100,0.2,0.30000000000000004,0,0.2,0.2,0.29,0.21,0.258,0.1916,0.2055111111111111,0.20486266666666667,0,TE,,,,,,,,
Brayden Willis,Brayden Willis,4000,0.2,0.2,0.5,0.2,0.2,0,0.36,0.2,0.26,0.23555555555555557,0.24593333333333334,0,TE,,,,,,,,
Simi Fehoko,Simi Fehoko,4000,0.2,0.2,0.9,0.2,0.2,0,0.21,0.2,0.33999999999999997,0.2722222222222222,0.2697333333333334,0,WR,,,,,,,,
Nikko Remigio,Nikko Remigio,4100,0.2,0.04,0,1.9,0.2,0.14,0.21,0,0.42800000000000005,0.3464444444444445,0.3411466666666667,0,WR,,,,,,,,
David Martin-Robinson,David Martin-Robinson,4000,0.2,0.2,0.2,0.2,0.2,0,0.21,0.2,0.2,0.17888888888888888,0.18433333333333338,0,TE,,,,,,,,
British Brooks,British Brooks,4000,0.2,0,0,0.2,0.2,0.17,0.31,0.06,0.092,0.13688888888888892,0.15025333333333335,0,RB,,,,,,,,
Roschon Johnson,Roschon Johnson,4600,0.2,0.28,0,0.2,0.2,0.23,0,0.125,0.161,0.15511111111111112,0.15317666666666668,0,RB,,,,,,,,
Patrick Herbert,Patrick Herbert,4100,0.2,0.8200000000000001,0,0.2,0.2,0.2,0.36,0.2,0.284,0.2737777777777778,0.3027066666666667,0.2,TE,,,,,,,,
Rasheen Ali,Rasheen Ali,4100,0.2,0.32,0.4,0.2,0.2,0.37,0.8,0.433,0.31060000000000004,0.3592888888888889,0.37301933333333337,0,RB,,,,,,,,
Jalen Brooks,Jalen Brooks,4200,0.2,0.33999999999999997,1.3,1.55,0.2,0.27,0.21,0.07500000000000001,0.6930000000000001,0.5375555555555557,0.5215633333333334,0,WR,,,,,,,,
Seydou Traore,Seydou Traore,4000,0.2,0.16999999999999998,0,0.2,0.2,0.07,0.21,0.21500000000000002,0.15700000000000003,0.15800000000000003,0.16207,0.01,TE,,,,,,,,
Tanner Arkin,Tanner Arkin,4000,0.2,0.2,0,0.2,0.2,0,0.21,0.179,0.15580000000000002,0.14942222222222223,0.15863133333333332,0,TE,,,,,,,,
Max Bredeson,Max Bredeson,4000,0.2,0.12,0,0.2,0.2,0.09,0.21,0.2,0.144,0.15155555555555555,0.15477333333333337,1.61,RB,,,,,,,,
Tanner Koziol,Tanner Koziol,4000,0.2,0.63,0,0.2,0.2,1.09,0.21,0.2,0.246,0.3306666666666667,0.3240600000000001,0.12,TE,,,,,,,,
Dean Connors,Dean Connors,4000,0.2,0.06,0,0.2,0.2,0.14,0.25,0.2,0.132,0.15355555555555556,0.15605333333333335,0,RB,,,,,,,,
Justin Joly,Justin Joly,4000,0.2,0.19,0,0.2,0.2,0.13,0.21,0.2,0.158,0.16533333333333333,0.16958000000000004,0.01,TE,,,,,,,,
Kameron Johnson,Kameron Johnson,4100,0.2,0.17,0,0.2,0.2,0.37,0.21,0,0.11400000000000002,0.16266666666666668,0.17474000000000003,0,WR,,,,,,,,
Devin Duvernay,Devin Duvernay,4000,0.1,0.04,0,0.1,0.1,0.67,0,0,0.048,0.11755555555555557,0.10461333333333334,0,WR,,,,,,,,
Emari Demercado,Emari Demercado,4500,0.1,0.9500000000000001,2.5,0.1,0.1,0.41,0.25,2.546,1.2391999999999999,0.9105777777777777,0.7340186666666667,0,RB,,,,,,,,
Jordan James,Jordan James,4200,0.1,0.49000000000000005,0.7,0.1,0.1,0.64,0.16,0.1,0.29800000000000004,0.29866666666666675,0.29318,0,RB,,,,,,,,
Odell Beckham Jr.,Odell Beckham,4300,0,0,0,0,0,0,0,0,0,0,0,0,WR,,,,,,,,
James Conner,James Conner,4000,0,0,0,0,0,0,0,0,0,0,0,0,RB,,,,,,,,
Baker Mayfield,Baker Mayfield,7000,0,0,0,0,0,0,0,0,0,0,0,0,QB,,,,,,,,
A.J. Brown,AJ Brown,4000,0,0,0,0,0,0,0,0,0,0,0,0,WR,,,,,,,,
Dallas Goedert,Dallas Goedert,5000,0,0,0,0,0,0,0,0,0,0,0,0,TE,,,,,,,,
Charlie Kolar,Charlie Kolar,4200,0,0,0,0,0,0,0,0,0,0,0,0,TE,,,,,,,,
Justin Jefferson,Justin Jefferson,8000,0,0,0,0,0,0,0,0,0,0,0,0,WR,,,,,,,,
Malik Davis,Malik Davis,4000,0,0,0,0,0,0,0,0,0,0,0,0,RB,,,,,,,,
Jordan Mason,Jordan Mason,4000,0,0,0,0,0,0,0,0,0,0,0,0,RB,,,,,,,,
Jayden Reed,Jayden Reed,4500,0,0,0,0,0,0,0,0,0,0,0,0,WR,,,,,,,,
DeVonta Smith,DeVonta Smith,7700,0,0,0,0,0,0,0,0,0,0,0,0,WR,,,,,,,,
Ronnie Rivers,Ronnie Rivers,4000,0,0,0,0,0,0,0,0,0,0,0,0,RB,,,,,,,,
Jake Bobo,Jake Bobo,4000,0,0,0,0,0,0,0,0,0,0,0,0,WR,,,,,,,,
Breece Hall,Breece Hall,7000,0,0,0,0,0,0,0,0,0,0,0,0,RB,,,,,,,,
Jalen McMillan,Jalen McMillan,4700,0,0,0,0,0,0,0,0,0,0,0,0,WR,,,,,,,,
Noah Whittington,Noah Whittington,4000,0,0,0,0,0,0,0,0,0,0,0,0,RB,,,,,,,,
Tank Dell,Tank Dell,4000,0,0,0,0,0,0,0,0,0,0,0,0,WR,,,,,,,,
De'Von Achane,DeVon Achane,7000,0,0,0,0,0,0,0,0,0,0,0,0,RB,,,,,,,,
Trey Benson,Trey Benson,4000,0,0,0,0,0,0,0,0,0,0,0,0,RB,,,,,,,,
Adonai Mitchell,Adonai Mitchell,5200,0,0,0,0,0,0,0,0,0,0,0,0,WR,,,,,,,,
Caleb Williams,Caleb Williams,7500,0,0,0,0,0,0,0,0,0,0,0,0,QB,,,,,,,,
Mason Taylor,Mason Taylor,4300,0,0,0,0,0,0,0,0,0,0,0,0,TE,,,,,,,,
Jadarian Price,Jadarian Price,5500,0,0,0,0,0,0,0,0,0,0,0,0,RB,,,,,,,,
Caleb Douglas,Caleb Douglas,5000,0,0,0,0,0,0,0,0,0,0,0,0,WR,,,,,,,,
Colbie Young,Colbie Young,4400,0,0,0,0,0,0,0,0,0,0,0,0,WR,,,,,,,,
Andrei Iosivas,Andrei Iosivas,4000,0,0,0,0,0,0,0,0,0,0,0,0,WR,,,,,,,,
0,0,0,0,0,0,0,0,0,0,0,0,0,0,0,0,,,,,,,,
0,0,0,0,0,0,0,0,0,0,0,0,0,0,0,0,,,,,,,,
0,0,0,0,0,0,0,0,0,0,0,0,0,0,0,0,,,,,,,,
0,0,0,0,0,0,0,0,0,0,0,0,0,0,0,0,,,,,,,,
0,0,0,0,0,0,0,0,0,0,0,0,0,0,0,0,,,,,,,,
0,0,0,0,0,0,0,0,0,0,0,0,0,0,0,0,,,,,,,,
0,0,0,0,0,0,0,0,0,0,0,0,0,0,0,0,,,,,,,,
0,0,0,0,0,0,0,0,0,0,0,0,0,0,0,0,,,,,,,,
0,0,0,0,0,0,0,0,0,0,0,0,0,0,0,0,,,,,,,,
0,0,0,0,0,0,0,0,0,0,0,0,0,0,0,0,,,,,,,,
0,0,0,0,0,0,0,0,0,0,0,0,0,0,0,0,,,,,,,,
0,0,0,0,0,0,0,0,0,0,0,0,0,0,0,0,,,,,,,,
0,0,0,0,0,0,0,0,0,0,0,0,0,0,0,0,,,,,,,,
0,0,0,0,0,0,0,0,0,0,0,0,0,0,0,0,,,,,,,,
0,0,0,0,0,0,0,0,0,0,0,0,0,0,0,0,,,,,,,,
0,0,0,0,0,0,0,0,0,0,0,0,0,0,0,0,,,,,,,,
0,0,0,0,0,0,0,0,0,0,0,0,0,0,0,0,,,,,,,,
0,0,0,0,0,0,0,0,0,0,0,0,0,0,0,0,,,,,,,,
0,0,0,0,0,0,0,0,0,0,0,0,0,0,0,0,,,,,,,,
0,0,0,0,0,0,0,0,0,0,0,0,0,0,0,0,,,,,,,,
0,0,0,0,0,0,0,0,0,0,0,0,0,0,0,0,,,,,,,,
0,0,0,0,0,0,0,0,0,0,0,0,0,0,0,0,,,,,,,,
0,0,0,0,0,0,0,0,0,0,0,0,0,0,0,0,,,,,,,,
0,0,0,0,0,0,0,0,0,0,0,0,0,0,0,0,,,,,,,,
0,0,0,0,0,0,0,0,0,0,0,0,0,0,0,0,,,,,,,,
0,0,0,0,0,0,0,0,0,0,0,0,0,0,0,0,,,,,,,,
0,0,0,0,0,0,0,0,0,0,0,0,0,0,0,0,,,,,,,,
0,0,0,0,0,0,0,0,0,0,0,0,0,0,0,0,,,,,,,,
0,0,0,0,0,0,0,0,0,0,0,0,0,0,0,0,,,,,,,,
0,0,0,0,0,0,0,0,0,0,0,0,0,0,0,0,,,,,,,,
0,0,0,0,0,0,0,0,0,0,0,0,0,0,0,0,,,,,,,,
0,0,0,0,0,0,0,0,0,0,0,0,0,0,0,0,,,,,,,,
0,0,0,0,0,0,0,0,0,0,0,0,0,0,0,0,,,,,,,,
0,0,0,0,0,0,0,0,0,0,0,0,0,0,0,0,,,,,,,,
0,0,0,0,0,0,0,0,0,0,0,0,0,0,0,0,,,,,,,,
0,0,0,0,0,0,0,0,0,0,0,0,0,0,0,0,,,,,,,,
0,0,0,0,0,0,0,0,0,0,0,0,0,0,0,0,,,,,,,,
0,0,0,0,0,0,0,0,0,0,0,0,0,0,0,0,,,,,,,,
0,0,0,0,0,0,0,0,0,0,0,0,0,0,0,0,,,,,,,,
0,0,0,0,0,0,0,0,0,0,0,0,0,0,0,0,,,,,,,,
0,0,0,0,0,0,0,0,0,0,0,0,0,0,0,0,,,,,,,,
0,0,0,0,0,0,0,0,0,0,0,0,0,0,0,0,,,,,,,,
0,0,0,0,0,0,0,0,0,0,0,0,0,0,0,0,,,,,,,,
0,0,0,0,0,0,0,0,0,0,0,0,0,0,0,0,,,,,,,,
0,0,0,0,0,0,0,0,0,0,0,0,0,0,0,0,,,,,,,,
0,0,0,0,0,0,0,0,0,0,0,0,0,0,0,0,,,,,,,,
0,0,0,0,0,0,0,0,0,0,0,0,0,0,0,0,,,,,,,,
0,0,0,0,0,0,0,0,0,0,0,0,0,0,0,0,,,,,,,,