%,PLAYER,SALARY,PROJ,POS,QB,RB,WR,TE,DST,Slate,Total,,,,Totals,,Max,Min,Exclude?,Locks?,Skip Google?
39.75,Jahmyr Gibbs,0,24.73,RB,,39.75,,,,Sunday,Players,,Salary,Score,QB,99.96,1,1,Thursday,,
34.9,Jared Goff,0,21.45,QB,34.9,,,,,Sunday,907.0899999999984,,59300,96.4,RB,252.88000000000005,3,2,Sunday,,
33.3,Jacoby Brissett,0,18.98,QB,33.3,,,,,Sunday,892.7799999999992,,,,WR,340.33999999999986,4,3,Monday,,
5.39,Joe Burrow,0,20.89,QB,5.39,,,,,Sunday,9,,60000,,TE,113.93000000000006,2,1,Friday,,
9.27,Drake Maye,0,18.33,QB,9.27,,,,,Sunday,,,,,DST,99.98000000000002,1,1,,,
30.99,Jaxon Smith-Njigba,0,17.73,WR,,,30.99,,,Sunday,,Optimal Lineup - SportsLine,POS,Salary,Projection,10/8/2026 5:15 PM,Roster %,,Main Only,Single Game,
16.04,Jonathan Taylor,0,18.58,RB,,16.04,,,,Sunday,,Dak Prescott,MVP,17700,32.82,Slate: Single,-2146826246,,,,
1.04,Brock Purdy,0,17.36,QB,1.04,,,,,Sunday,,CeeDee Lamb,WR,12600,18.96,,-2146826246,,,,
1.47,Jayden Daniels,0,21.67,QB,1.47,,,,,Sunday,,Jalon Daniels,QB,10800,17.84,,-2146826246,,Tournament,Plays,Stack?
0.35,C.J. Stroud,0,18.57,QB,0.35,,,,,Sunday,,Javonte Williams,RB,10400,15.31,,-2146826246,,0.05,1,
2.79,Bo Nix,0,15.41,QB,2.79,,,,,Sunday,,Ted Hurst III,WR,4800,6.89,,-2146826246,,0.1,2,
25.37,Amon-Ra St. Brown,0,18.66,WR,,,25.37,,,Sunday,,KaVontae Turpin,WR,3000,4.58,,-2146826246,,0.15,3,
8.79,Christian McCaffrey,0,12.8,RB,,8.79,,,,Sunday,,,,,,,0,,,,
29.21,D'Andre Swift,0,16.95,RB,,29.21,,,,Sunday,,,,,,,0,,,,
13.51,Ja'Marr Chase,0,16.93,WR,,,13.51,,,Sunday,,,,,,,0,,,,
2.78,Kyler Murray,0,16.44,QB,2.78,,,,,Sunday,,Total,,59300,96.4,,,,,,
2.94,Jordan Love,0,18.11,QB,2.94,,,,,Sunday,,,,,,,,,,,
0.21,Deshaun Watson,0,14.44,QB,0.21,,,,,Sunday,,,,,,,,,,,
0.35,Tyler Shough,0,16.1,QB,0.35,,,,,Sunday,,,,,,,,,,,
12.6,Trey McBride,0,16.68,TE,,,,12.6,,Sunday,,,,,,,,,,,
1.18,Sam Darnold,0,16.02,QB,1.18,,,,,Sunday,,,,,,,,,,,
0.42,Tyson Bagent,0,14.9,QB,0.42,,,,,Sunday,,,,,,,,,,,
0.23,Justin Herbert,0,14.2,QB,0.23,,,,,Sunday,,,,,,,,,,,
1.93,Aaron Rodgers,0,14.57,QB,1.93,,,,,Sunday,,,,,,,,,,,
0.88,Malik Willis,0,17.77,QB,0.88,,,,,Sunday,,,,,,,,,,,
12.12,Chase Brown,0,15.74,RB,,12.12,,,,Sunday,,,,,,,,,,,
0.15,Kirk Cousins,0,14.03,QB,0.15,,,,,Sunday,,,,,,,,,,,
0.1,Geno Smith,0,14.77,QB,0.1,,,,,Sunday,,,,,,,,,,,
12.91,Nico Collins,0,17.23,WR,,,12.91,,,Sunday,,,,,,,,,,,
8.79,Justin Jefferson,0,10.46,WR,,,8.79,,,Sunday,,,,,,,,,,,
26.02,Michael Wilson,0,12.17,WR,,,26.02,,,Sunday,,,,,,,,,,,
16.87,Braelon Allen,0,10.91,RB,,16.87,,,,Sunday,,,,,,,,,,,
13.52,Aaron Jones Sr.,0,12.84,RB,,13.52,,,,Sunday,,Last Data Scrape: 10/10/2026 2:46:35 PM,,,,,,,,,
10.29,Chris Olave,0,12.89,WR,,,10.29,,,Sunday,,,,,,,,,,,
0,Daniel Jones,0,16.06,QB,0,,,,,Sunday,,,,,,,,,,,
7.41,Brock Bowers,0,13.36,TE,,,,7.41,,Sunday,,,,,,,,,,,
0.28,Jameis Winston,0,12.8,QB,0.28,,,,,Sunday,,,,,,,,,,,
13.01,Jaylen Warren,0,12.93,RB,,13.01,,,,Sunday,,,,,,,,,,,
3.84,Ashton Jeanty,0,14.81,RB,,3.84,,,,Sunday,,,,,,,,,,,
11.15,Garrett Wilson,0,13.16,WR,,,11.15,,,Sunday,,,,,,,,,,,
0,Cam Ward,0,13.21,QB,0,,,,,Sunday,,,,,,,,,,,
8.51,Emanuel Wilson,0,9.5,RB,,8.51,,,,Sunday,,,,,,,,,,,
6.26,Cam Skattebo,0,12.96,RB,,6.26,,,,Sunday,,,,,,,,,,,
7,Quinshon Judkins,0,11.04,RB,,7,,,,Sunday,,,,,,,,,,,
14.44,Christian Watson,0,15.54,WR,,,14.44,,,Sunday,,,,,,,,,,,
5.86,Tee Higgins,0,12.28,WR,,,5.86,,,Sunday,,,,,,,,,,,
6.69,Jeremiyah Love,0,14.47,RB,,6.69,,,,Sunday,,,,,,,,,,,
6.82,Jaylen Waddle,0,8.84,WR,,,6.82,,,Sunday,,,,,,,,,,,
8.37,Malik Nabers,0,11.04,WR,,,8.37,,,Sunday,,,,,,,,,,,
7.05,Ollie Gordon II,0,10.17,RB,,7.05,,,,Sunday,,,,,,,,,,,
5.72,George Kittle,0,9.54,TE,,,,5.72,,Sunday,,,,,,,,,,,
9.12,DK Metcalf,0,10.04,WR,,,9.12,,,Sunday,,,,,,,,,,,
8.56,Rhamondre Stevenson,0,8.43,RB,,8.56,,,,Sunday,,,,,,,,,,,
10.7,Matthew Golden,0,12.18,WR,,,10.7,,,Sunday,,,,,,,,,,,
8.03,Sam LaPorta,0,11.45,TE,,,,8.03,,Sunday,,,,,,,,,,,
4.16,RJ Harvey,0,7.34,RB,,4.16,,,,Sunday,,,,,,,,,,,
11.8,Romeo Doubs,0,10.71,WR,,,11.8,,,Sunday,,,,,,,,,,,
7.84,Mike Evans,0,9.64,WR,,,7.84,,,Sunday,,,,,,,,,,,
8.54,Jameson Williams,0,11.02,WR,,,8.54,,,Sunday,,,,,,,,,,,
5.42,David Montgomery,0,11,RB,,5.42,,,,Sunday,,,,,,,,,,,
5.57,Josh Downs,0,10.69,WR,,,5.57,,,Sunday,,,,,,,,,,,
8.82,Terry McLaurin,0,8.55,WR,,,8.82,,,Sunday,,,,,,,,,,,
5.79,Tucker Kraft,0,9.96,TE,,,,5.79,,Sunday,,,,,,,,,,,
6.1,Tyler Warren,0,13.21,TE,,,,6.1,,Sunday,,,,,,,,,,,
9.41,Luther Burden III,0,9.62,WR,,,9.41,,,Sunday,,,,,,,,,,,
3.92,TreVeyon Henderson,0,10.28,RB,,3.92,,,,Sunday,,,,,,,,,,,
2.89,Alvin Kamara,0,8.18,RB,,2.89,,,,Sunday,,,,,,,,,,,
7.28,Isaiah Likely,0,10.51,TE,,,,7.28,,Sunday,,,,,,,,,,,
2.44,Tony Pollard,0,9.1,RB,,2.44,,,,Sunday,,,,,,,,,,,
2.53,J.K. Dobbins,0,8.38,RB,,2.53,,,,Sunday,,,,,,,,,,,
5.34,Tre' Harris,0,7.4,WR,,,5.34,,,Sunday,,,,,,,,,,,
8.15,Carnell Tate,0,9.54,WR,,,8.15,,,Sunday,,,,,,,,,,,
2.86,Deebo Samuel Sr.,0,8.58,WR,,,2.86,,,Sunday,,,,,,,,,,,
3.64,Jacory Croskey-Merritt,0,10.17,RB,,3.64,,,,Sunday,,,,,,,,,,,
5.53,Denzel Boston,0,8.26,WR,,,5.53,,,Sunday,,,,,,,,,,,
8.18,Malik Washington,0,8.6,WR,,,8.18,,,Sunday,,,,,,,,,,,
5.38,Harold Fannin Jr.,0,8.59,TE,,,,5.38,,Sunday,,,,,,,,,,,
2.46,Keaton Mitchell,0,7.66,RB,,2.46,,,,Sunday,,,,,,,,,,,
1.55,Omarion Hampton,0,8.59,RB,,1.55,,,,Sunday,,,,,,,,,,,
4.66,Juwan Johnson,0,8.46,TE,,,,4.66,,Sunday,,,,,,,,,,,
4.14,Hunter Henry,0,7.95,TE,,,,4.14,,Sunday,,,,,,,,,,,
4.27,Colston Loveland,0,6.79,TE,,,,4.27,,Sunday,,,,,,,,,,,
3.75,Rome Odunze,0,9.04,WR,,,3.75,,,Sunday,,,,,,,,,,,
21.21,Commanders,0,8.83,DST,,,,,21.21,Sunday,,,,,,,,,,,
7.51,Texans,0,10.46,DST,,,,,7.51,Sunday,,,,,,,,,,,
3.31,MarShawn Lloyd,0,6.18,RB,,3.31,,,,Sunday,,,,,,,,,,,
4.89,Roman Wilson,0,10.17,WR,,,4.89,,,Sunday,,,,,,,,,,,
3.06,Courtland Sutton,0,7.4,WR,,,3.06,,,Sunday,,,,,,,,,,,
6.3,Broncos,0,11.09,DST,,,,,6.3,Sunday,,,,,,,,,,,
3.15,Dalton Schultz,0,8.57,TE,,,,3.15,,Sunday,,,,,,,,,,,
4.79,T.J. Hockenson,0,8.05,TE,,,,4.79,,Sunday,,,,,,,,,,,
3.8,Devaughn Vele,0,7.14,WR,,,3.8,,,Sunday,,,,,,,,,,,
3.56,Tre Tucker,0,9.04,WR,,,3.56,,,Sunday,,,,,,,,,,,
3.84,Kenyon Sadiq,0,8.75,TE,,,,3.84,,Sunday,,,,,,,,,,,
5.36,Browns,0,8.88,DST,,,,,5.36,Sunday,,,,,,,,,,,
2.23,Jordan Addison,0,8.5,WR,,,2.23,,,Sunday,,,,,,,,,,,
1.74,Tyler Allgeier,0,6.74,RB,,1.74,,,,Sunday,,,,,,,,,,,
3.71,Vikings,0,12.03,DST,,,,,3.71,Sunday,,,,,,,,,,,
2.23,Oronde Gadsden II,0,7.56,TE,,,,2.23,,Sunday,,,,,,,,,,,
1.94,Rico Dowdle,0,5.55,RB,,1.94,,,,Sunday,,,,,,,,,,,
4.81,Bengals,0,9.98,DST,,,,,4.81,Sunday,,,,,,,,,,,
17.9,Jets,0,10.39,DST,,,,,17.9,Sunday,,,,,,,,,,,
1.78,Woody Marks,0,6.33,RB,,1.78,,,,Sunday,,,,,,,,,,,
3.68,Wan'Dale Robinson,0,7.04,WR,,,3.68,,,Sunday,,,,,,,,,,,
4.29,KC Concepcion Jr.,0,6.57,WR,,,4.29,,,Sunday,,,,,,,,,,,
1.03,Patriots,0,8.92,DST,,,,,1.03,Sunday,,,,,,,,,,,
2.03,Keenan Allen,0,5.65,WR,,,2.03,,,Sunday,,,,,,,,,,,
3.13,Pat Freiermuth,0,7.74,TE,,,,3.13,,Sunday,,,,,,,,,,,
2.61,Chris Bell,0,5.5,WR,,,2.61,,,Sunday,,,,,,,,,,,
0.87,Steelers,0,8,DST,,,,,0.87,Sunday,,,,,,,,,,,
1.29,Kaleb Johnson,0,6.39,RB,,1.29,,,,Sunday,,,,,,,,,,,
7.73,Saints,0,9.31,DST,,,,,7.73,Sunday,,,,,,,,,,,
0.47,Lions,0,7.72,DST,,,,,0.47,Sunday,,,,,,,,,,,
2.63,Michael Mayer,0,5.43,TE,,,,2.63,,Sunday,,,,,,,,,,,
1.74,Seahawks,0,7.57,DST,,,,,1.74,Sunday,,,,,,,,,,,
2.83,Mike Gesicki,0,9.64,TE,,,,2.83,,Sunday,,,,,,,,,,,
1.04,George Holani,0,4.05,RB,,1.04,,,,Sunday,,,,,,,,,,,
2.34,Kalif Raymond,0,7.14,WR,,,2.34,,,Sunday,,,,,,,,,,,
0.78,Rachaad White,0,6.16,RB,,0.78,,,,Sunday,,,,,,,,,,,
3.27,AJ Barner,0,5.56,TE,,,,3.27,,Sunday,,,,,,,,,,,
1.04,Bears,0,7.16,DST,,,,,1.04,Sunday,,,,,,,,,,,
6.74,Colts,0,6.09,DST,,,,,6.74,Sunday,,,,,,,,,,,
1.16,Cody White,0,2.95,WR,,,1.16,,,Sunday,,,,,,,,,,,
1.25,49ers,0,5.91,DST,,,,,1.25,Sunday,,,,,,,,,,,
2.09,DeMario Douglas,0,5.92,WR,,,2.09,,,Sunday,,,,,,,,,,,
2.33,Greg Dulcich,0,6.09,TE,,,,2.33,,Sunday,,,,,,,,,,,
1.54,Isaac TeSlaa,0,5.87,WR,,,1.54,,,Sunday,,,,,,,,,,,
0.43,Kendre Miller,0,3.78,RB,,0.43,,,,Sunday,,,,,,,,,,,
0.84,Chargers,0,7.62,DST,,,,,0.84,Sunday,,,,,,,,,,,
0.41,Tyjae Spears,0,5.75,RB,,0.41,,,,Sunday,,,,,,,,,,,
0.71,Malachi Fields,0,5.86,WR,,,0.71,,,Sunday,,,,,,,,,,,
1.5,Mike Washington Jr.,0,5.45,RB,,1.5,,,,Sunday,,,,,,,,,,,
0.12,Giants,0,5.46,DST,,,,,0.12,Sunday,,,,,,,,,,,
2.06,Rashid Shaheed,0,7.44,WR,,,2.06,,,Sunday,,,,,,,,,,,
0.27,Jaylen Wright,0,4.18,RB,,0.27,,,,Sunday,,,,,,,,,,,
1.18,Cooper Kupp,0,6.38,WR,,,1.18,,,Sunday,,,,,,,,,,,
3.06,Efton Chism III,0,3.53,WR,,,3.06,,,Sunday,,,,,,,,,,,
6.19,Titans,0,6.02,DST,,,,,6.19,Sunday,,,,,,,,,,,
1.17,Raiders,0,9.84,DST,,,,,1.17,Sunday,,,,,,,,,,,
1.07,Kayshon Boutte,0,5.35,WR,,,1.07,,,Sunday,,,,,,,,,,,
1.57,Kendrick Bourne,0,6.3,WR,,,1.57,,,Sunday,,,,,,,,,,,
2.87,Packers,0,5.41,DST,,,,,2.87,Sunday,,,,,,,,,,,
0.44,Samaje Perine,0,5.05,RB,,0.44,,,,Sunday,,,,,,,,,,,
2.2,Chig Okonkwo,0,4.98,TE,,,,2.2,,Sunday,,,,,,,,,,,
1.11,Dolphins,0,6.26,DST,,,,,1.11,Sunday,,,,,,,,,,,
1.22,Darnell Washington,0,4.56,TE,,,,1.22,,Sunday,,,,,,,,,,,
0.92,Jaylin Noel,0,5.71,WR,,,0.92,,,Sunday,,,,,,,,,,,
1.53,Germie Bernard,0,5.33,WR,,,1.53,,,Sunday,,,,,,,,,,,
0.97,Evan Engram,0,4.85,TE,,,,0.97,,Sunday,,,,,,,,,,,
0.68,Najee Harris,0,3.88,RB,,0.68,,,,Sunday,,,,,,,,,,,
0.43,Elic Ayomanor,0,6.05,WR,,,0.43,,,Sunday,,,,,,,,,,,
0.31,Raheim Sanders,0,4.97,RB,,0.31,,,,Sunday,,,,,,,,,,,
1.49,Isaiah Williams,0,6.99,WR,,,1.49,,,Sunday,,,,,,,,,,,
0.23,Kimani Vidal,0,5.43,RB,,0.23,,,,Sunday,,,,,,,,,,,
0.9,Gunnar Helm,0,4.13,TE,,,,0.9,,Sunday,,,,,,,,,,,
0.99,Troy Franklin,0,4.16,WR,,,0.99,,,Sunday,,,,,,,,,,,
1.01,Laquon Treadwell,0,5.52,WR,,,1.01,,,Sunday,,,,,,,,,,,
0.37,Darnell Mooney,0,6.15,WR,,,0.37,,,Sunday,,,,,,,,,,,
0.08,Marquez Valdes-Scantling,0,3.69,WR,,,0.08,,,Sunday,,,,,,,,,,,
0.06,Kaelon Black,0,4.27,RB,,0.06,,,,Sunday,,,,,,,,,,,
0.18,Dohnte Meyers,0,8.37,WR,,,0.18,,,Sunday,,,,,,,,,,,
0.11,Jerry Jeudy,0,5.85,WR,,,0.11,,,Sunday,,,,,,,,,,,
0.14,Xavier Hutchinson,0,6.46,WR,,,0.14,,,Sunday,,,,,,,,,,,
0.59,Noah Fant,0,5.84,TE,,,,0.59,,Sunday,,,,,,,,,,,
0.33,Isaiah Davis,0,3.86,RB,,0.33,,,,Sunday,,,,,,,,,,,
0.01,Cardinals,0,4.37,DST,,,,,0.01,Sunday,,,,,,,,,,,
0.61,Mason Taylor,0,4.21,TE,,,,0.61,,Sunday,,,,,,,,,,,
0.29,Skyy Moore,0,3.36,WR,,,0.29,,,Sunday,,,,,,,,,,,
0.17,Marvin Mims Jr.,0,3.27,WR,,,0.17,,,Sunday,,,,,,,,,,,
0.71,Kevin Coleman Jr.,0,3.2,WR,,,0.71,,,Sunday,,,,,,,,,,,
0.19,Treylon Burks,0,6.21,WR,,,0.19,,,Sunday,,,,,,,,,,,
0.25,Kyle Williams,0,2.04,WR,,,0.25,,,Sunday,,,,,,,,,,,
0.29,Eli Raridon,0,3.99,TE,,,,0.29,,Sunday,,,,,,,,,,,
0.15,Jauan Jennings,0,4.63,WR,,,0.15,,,Sunday,,,,,,,,,,,
0.3,Austin Ekeler,0,6.41,RB,,0.3,,,,Sunday,,,,,,,,,,,
1.46,Roschon Johnson,0,3.03,RB,,1.46,,,,Sunday,,,,,,,,,,,
0.22,Tory Horton,0,4.21,WR,,,0.22,,,Sunday,,,,,,,,,,,
2.74,Sterling Shepard,0,2.74,WR,,,2.74,,,Sunday,,,,,,,,,,,
0.08,Derius Davis,0,2.97,WR,,,0.08,,,Sunday,,,,,,,,,,,
0,Jalen Brooks,0,2.71,WR,,,0,,,Sunday,,,,,,,,,,,
0.11,Dyami Brown,0,4.98,WR,,,0.11,,,Sunday,,,,,,,,,,,
0.35,Cole Kmet,0,3.12,TE,,,,0.35,,Sunday,,,,,,,,,,,
0.1,Bryce Lance,0,4.91,WR,,,0.1,,,Sunday,,,,,,,,,,,
0.12,Sione Vaki,0,2.29,RB,,0.12,,,,Sunday,,,,,,,,,,,
0.21,Pierre Strong Jr.,0,2.53,RB,,0.21,,,,Sunday,,,,,,,,,,,
0.41,Charlie Kolar,0,2.73,TE,,,,0.41,,Sunday,,,,,,,,,,,
0.04,Seth McGowan,0,2.38,RB,,0.04,,,,Sunday,,,,,,,,,,,
0.04,Calvin Ridley,0,3.45,WR,,,0.04,,,Sunday,,,,,,,,,,,
0.22,Drew Sample,0,2.21,TE,,,,0.22,,Sunday,,,,,,,,,,,
0.27,Foster Moreau,0,3.58,TE,,,,0.27,,Sunday,,,,,,,,,,,
0.09,Daniel Bellinger,0,2.72,TE,,,,0.09,,Sunday,,,,,,,,,,,
0.29,Theo Johnson,0,2.75,TE,,,,0.29,,Sunday,,,,,,,,,,,
0.18,Jonnu Smith,0,4.5,TE,,,,0.18,,Sunday,,,,,,,,,,,
0.13,Jacob Cowing,0,2.02,WR,,,0.13,,,Sunday,,,,,,,,,,,
0.06,Brock Wright,0,3.63,TE,,,,0.06,,Sunday,,,,,,,,,,,
0,Brandin Cooks,0,2.92,WR,,,0,,,Sunday,,,,,,,,,,,
0.15,Jeremy Ruckert,0,3.62,TE,,,,0.15,,Sunday,,,,,,,,,,,
0.03,Demond Claiborne,0,2.49,RB,,0.03,,,,Sunday,,,,,,,,,,,
0.02,CJ Donaldson,0,3.31,RB,,0.02,,,,Sunday,,,,,,,,,,,
0.02,Jordan Watkins,0,6.06,WR,,,0.02,,,Sunday,,,,,,,,,,,
0.15,Elijah Higgins,0,3.39,TE,,,,0.15,,Sunday,,,,,,,,,,,
0.04,Tyler Badie,0,2.58,RB,,0.04,,,,Sunday,,,,,,,,,,,
0.08,Adam Trautman,0,3,TE,,,,0.08,,Sunday,,,,,,,,,,,
0.12,Nate Adkins,0,3.58,TE,,,,0.12,,Sunday,,,,,,,,,,,
0.05,Elijah Arroyo,0,1.41,TE,,,,0.05,,Sunday,,,,,,,,,,,
0.06,Luke Farrell,0,1.28,TE,,,,0.06,,Sunday,,,,,,,,,,,
0.01,Bo Melton,0,1.28,WR,,,0.01,,,Sunday,,,,,,,,,,,
0.09,Tanner Hudson,0,1.25,TE,,,,0.09,,Sunday,,,,,,,,,,,
0.13,Blake Whiteheart,0,1.23,TE,,,,0.13,,Sunday,,,,,,,,,,,
0,Tyrone Tracy Jr.,0,1.21,RB,,0,,,,Sunday,,,,,,,,,,,
0.06,Will Kacmarek,0,2,TE,,,,0.06,,Sunday,,,,,,,,,,,
0.01,DeeJay Dallas,0,2.85,RB,,0.01,,,,Sunday,,,,,,,,,,,
1.86,DJ Herman,0,5.12,RB,,1.86,,,,Sunday,,,,,,,,,,,
0.05,Jared Wayne,0,1.16,WR,,,0.05,,,Sunday,,,,,,,,,,,
0.04,Eric Saubert,0,1.1,TE,,,,0.04,,Sunday,,,,,,,,,,,
0.18,Erick All Jr.,0,1.07,TE,,,,0.18,,Sunday,,,,,,,,,,,
0.09,John Bates,0,2.62,TE,,,,0.09,,Sunday,,,,,,,,,,,
0.01,Dareke Young,0,2.11,WR,,,0.01,,,Sunday,,,,,,,,,,,
0.02,Cade Stover,0,1.01,TE,,,,0.02,,Sunday,,,,,,,,,,,
0,Darius Slayton,0,0.97,WR,,,0,,,Sunday,,,,,,,,,,,
0.09,Sam Roush,0,0.95,TE,,,,0.09,,Sunday,,,,,,,,,,,
0.01,Ben Skowronek,0,5.08,WR,,,0.01,,,Sunday,,,,,,,,,,,
1.86,Alec Ingold,0,0.84,RB,,1.86,,,,Sunday,,,,,,,,,,,
0.02,Isaiah Bond,0,3.59,WR,,,0.02,,,Sunday,,,,,,,,,,,
0.02,Chimere Dike,0,0.82,WR,,,0.02,,,Sunday,,,,,,,,,,,
0.02,Colbie Young,0,5.75,WR,,,0.02,,,Sunday,,,,,,,,,,,
0.03,Jalen Tolbert,0,0.77,WR,,,0.03,,,Sunday,,,,,,,,,,,
0.03,Ben Sinnott,0,0.77,TE,,,,0.03,,Sunday,,,,,,,,,,,
1.86,Connor Heyward,0,0.75,TE,,,,1.86,,Sunday,,,,,,,,,,,
0,Jaleel McLaughlin,0,2.86,RB,,0,,,,Sunday,,,,,,,,,,,
0.02,Mo Alie-Cox,0,0.72,TE,,,,0.02,,Sunday,,,,,,,,,,,
0.06,Gavin Bartholomew,0,0.65,TE,,,,0.06,,Sunday,,,,,,,,,,,
0,Brady Russell,0,0.64,TE,,,,0,,Sunday,,,,,,,,,,,
0,Deion Burks,0,0.63,WR,,,0,,,Sunday,,,,,,,,,,,
0,Corey Kiner,0,0.61,RB,,0,,,,Sunday,,,,,,,,,,,
0,Ryan Miller,0,1.84,TE,,,,0,,Sunday,,,,,,,,,,,
0.01,Tai Felton,0,0.57,WR,,,0.01,,,Sunday,,,,,,,,,,,
0,Malachi Corley,0,0.54,WR,,,0,,,Sunday,,,,,,,,,,,
0.01,Drew Ogletree,0,0.52,TE,,,,0.01,,Sunday,,,,,,,,,,,
0,Zavion Thomas,0,0.51,WR,,,0,,,Sunday,,,,,,,,,,,
0.02,Colson Yankoff,0,0.5,TE,,,,0.02,,Sunday,,,,,,,,,,,
0.03,Oscar Delp,0,0.48,TE,,,,0.03,,Sunday,,,,,,,,,,,
1.86,Patrick Ricard,0,0.47,RB,,1.86,,,,Sunday,,,,,,,,,,,
0,Bam Knight,0,0.47,RB,,0,,,,Sunday,,,,,,,,,,,
0.01,Hayden Rucci,0,0.47,TE,,,,0.01,,Sunday,,,,,,,,,,,
0.01,Jelani Woods,0,0.46,TE,,,,0.01,,Sunday,,,,,,,,,,,
0,Mark Redman,0,0.45,TE,,,,0,,Sunday,,,,,,,,,,,
0,Malik McClain,0,0.44,WR,,,0,,,Sunday,,,,,,,,,,,
0.43,Mitch Tinsley,0,0.43,WR,,,0.43,,,Sunday,,,,,,,,,,,
0,Dylan Laube,0,0.42,RB,,0,,,,Sunday,,,,,,,,,,,
0.01,Chris Manhertz,0,0.41,TE,,,,0.01,,Sunday,,,,,,,,,,,
0.03,Ian Thomas,0,0.4,TE,,,,0.03,,Sunday,,,,,,,,,,,
0,Caleb Williams,0,0.39,QB,0,,,,,Sunday,,,,,,,,,,,
0,Tahj Brooks,0,0.36,RB,,0,,,,Sunday,,,,,,,,,,,
0.35,Patrick Herbert,0,0.35,TE,,,,0.35,,Sunday,,,,,,,,,,,
0,Brevin Jordan,0,0.34,TE,,,,0,,Sunday,,,,,,,,,,,
0,Jackson Meeks,0,0.32,WR,,,0,,,Sunday,,,,,,,,,,,
0.31,Carlos Washington Jr.,0,0.31,RB,,0.31,,,,Sunday,,,,,,,,,,,
0,Robert Tonyan,0,0.3,TE,,,,0,,Sunday,,,,,,,,,,,
0,Charlie Jones,0,0.3,WR,,,0,,,Sunday,,,,,,,,,,,
0,Michael Burton,0,0.29,RB,,0,,,,Sunday,,,,,,,,,,,
0,Adam Prentice,0,0.29,RB,,0,,,,Sunday,,,,,,,,,,,
0,Myles Price,0,0.29,WR,,,0,,,Sunday,,,,,,,,,,,
0,Jordan James,0,0.29,RB,,0,,,,Sunday,,,,,,,,,,,
0.01,Malik Benson,0,2.44,WR,,,0.01,,,Sunday,,,,,,,,,,,
0,Andrew Beck,0,0.28,TE,,,,0,,Sunday,,,,,,,,,,,
0,Velus Jones Jr.,0,0.28,WR,,,0,,,Sunday,,,,,,,,,,,
0,Brayden Willis,0,0.26,TE,,,,0,,Sunday,,,,,,,,,,,
0,Kevin Austin Jr.,0,0.24,WR,,,0,,,Sunday,,,,,,,,,,,
0.01,Tay Martin,0,0.24,WR,,,0.01,,,Sunday,,,,,,,,,,,
0,Luke McCaffrey,0,0.23,WR,,,0,,,Sunday,,,,,,,,,,,
1.86,Max Bredeson,0,0.23,RB,,1.86,,,,Sunday,,,,,,,,,,,
0,Jacob Saylors,0,0.23,RB,,0,,,,Sunday,,,,,,,,,,,
0,Travis Homer,0,0.22,RB,,0,,,,Sunday,,,,,,,,,,,
0.04,Cameron Latu,0,0.22,TE,,,,0.04,,Sunday,,,,,,,,,,,
0.03,Jahdae Walker,0,0.22,WR,,,0.03,,,Sunday,,,,,,,,,,,
0.01,Josh Whyle,0,0.21,TE,,,,0.01,,Sunday,,,,,,,,,,,
0.01,Barion Brown,0,2.78,WR,,,0.01,,,Sunday,,,,,,,,,,,
0,David Martin-Robinson,0,0.2,TE,,,,0,,Sunday,,,,,,,,,,,
0.02,Lil'Jordan Humphrey,0,0.19,WR,,,0.02,,,Sunday,,,,,,,,,,,
0,Dare Ogunbowale,0,0.18,RB,,0,,,,Sunday,,,,,,,,,,,
1.86,Riley Nowakowski,0,0.18,TE,,,,1.86,,Sunday,,,,,,,,,,,
0,Simi Fehoko,0,0.17,WR,,,0,,,Sunday,,,,,,,,,,,
0,Treyton Welch,0,0.15,TE,,,,0,,Sunday,,,,,,,,,,,
0.02,Seydou Traore,0,0.15,TE,,,,0.02,,Sunday,,,,,,,,,,,
0,Carsen Ryan,0,0.15,TE,,,,0,,Sunday,,,,,,,,,,,
0.01,Tom Kennedy,0,0.14,WR,,,0.01,,,Sunday,,,,,,,,,,,
0.13,J. Michael Sturdivant,0,0.13,WR,,,0.13,,,Sunday,,,,,,,,,,,
0.13,Nick Singleton,0,0.13,RB,,0.13,,,,Sunday,,,,,,,,,,,
0.02,Jack Endries,0,0.12,TE,,,,0.02,,Sunday,,,,,,,,,,,
0,Stefon Diggs,0,0,WR,,,0,,,Sunday,,,,,,,,,,,
0,Mack Hollins,0,0,WR,,,0,,,Sunday,,,,,,,,,,,
0,Marcus Mariota,0,0,QB,0,,,,,Sunday,,,,,,,,,,,
0,Kyle Juszczyk,0,0,RB,,0,,,,Sunday,,,,,,,,,,,
0,Michael Pittman Jr.,0,0,WR,,,0,,,Sunday,,,,,,,,,,,
0,Breece Hall,0,0,RB,,0,,,,Sunday,,,,,,,,,,,
0,Jacardia Wright,0,0,RB,,0,,,,Sunday,,,,,,,,,,,
0,Quentin Johnston,0,0,WR,,,0,,,Sunday,,,,,,,,,,,
0,De'Von Achane,0,0,RB,,0,,,,Sunday,,,,,,,,,,,
0,Kyle Monangai,0,0,RB,,0,,,,Sunday,,,,,,,,,,,
0,Adonai Mitchell,0,0,WR,,,0,,,Sunday,,,,,,,,,,,
0,Marvin Harrison Jr.,0,0,WR,,,0,,,Sunday,,,,,,,,,,,
0,Justin Joly,0,0,TE,,,,0,,Sunday,,,,,,,,,,,
0,0,0,0,,,,,,,,,,,,,,,,,,
0,0,0,0,,,,,,,,,,,,,,,,,,
0,0,0,0,,,,,,,,,,,,,,,,,,
0,0,0,0,,,,,,,,,,,,,,,,,,
0,0,0,0,,,,,,,,,,,,,,,,,,
0,0,0,0,,,,,,,,,,,,,,,,,,
0,0,0,0,,,,,,,,,,,,,,,,,,
0,0,0,0,,,,,,,,,,,,,,,,,,
0,0,0,0,,,,,,,,,,,,,,,,,,
0,0,0,0,,,,,,,,,,,,,,,,,,
0,0,0,0,,,,,,,,,,,,,,,,,,
0,0,0,0,,,,,,,,,,,,,,,,,,
0,0,0,0,,,,,,,,,,,,,,,,,,
0,0,0,0,,,,,,,,,,,,,,,,,,
0,0,0,0,,,,,,,,,,,,,,,,,,
0,0,0,0,,,,,,,,,,,,,,,,,,
0,0,0,0,,,,,,,,,,,,,,,,,,
0,0,0,0,,,,,,,,,,,,,,,,,,
0,0,0,0,,,,,,,,,,,,,,,,,,
0,0,0,0,,,,,,,,,,,,,,,,,,
0,0,0,0,,,,,,,,,,,,,,,,,,
0,0,0,0,,,,,,,,,,,,,,,,,,
0,0,0,0,,,,,,,,,,,,,,,,,,
0,0,0,0,,,,,,,,,,,,,,,,,,
0,0,0,0,,,,,,,,,,,,,,,,,,
0,0,0,0,,,,,,,,,,,,,,,,,,
0,0,0,0,,,,,,,,,,,,,,,,,,
0,0,0,0,,,,,,,,,,,,,,,,,,
0,0,0,0,,,,,,,,,,,,,,,,,,
0,0,0,0,,,,,,,,,,,,,,,,,,
0,0,0,0,,,,,,,,,,,,,,,,,,
0,0,0,0,,,,,,,,,,,,,,,,,,
0,0,0,0,,,,,,,,,,,,,,,,,,
0,0,0,0,,,,,,,,,,,,,,,,,,
0,0,0,0,,,,,,,,,,,,,,,,,,
0,0,0,0,,,,,,,,,,,,,,,,,,
0,0,0,0,,,,,,,,,,,,,,,,,,
0,0,0,0,,,,,,,,,,,,,,,,,,
0,0,0,0,,,,,,,,,,,,,,,,,,
0,0,0,0,,,,,,,,,,,,,,,,,,
0,0,0,0,,,,,,,,,,,,,,,,,,
0,0,0,0,,,,,,,,,,,,,,,,,,
0,0,0,0,,,,,,,,,,,,,,,,,,
0,0,0,0,,,,,,,,,,,,,,,,,,
0,0,0,0,,,,,,,,,,,,,,,,,,
0,0,0,0,,,,,,,,,,,,,,,,,,