Hit Prop Analysis,,,,,,,,,,,,,,,,
Sorted by Hit Score (RotoWire consensus odds · TB projection · weighted hit rate · recent form),,,,,,,,,,,,,,,,
Rank,Batter,Team,Opp,Pitcher,Game Time,"Hit
Score","Hits
Odds","TB
Proj","Weighted
Hit Rate","Last 5
Hit %","Season
Hit %",Hit Notes,"DFF
Cross-Check","RW Proj
Diff %","Line
Open","Line
%Chg"
1,W. Contreras,MIL,PIT,Lake Bachar,6:40 PM ET,70.6,65%,vs 1.5 line,81%,80%,—,"🔥 Hot hitter: 81% weighted hit rate | ✅ High-consensus over: 65% of books project hit (+15 pts) | 📈 RotoWire projects 1.15 hits vs 0.5 line (+edge) | 💪 Power edge: 1.94 TB projected vs 1.5 line | 🎯 Elite HH% vs pitcher: 100% hard contact rate (+4 pts) | 📊 Elite qAB% vs pitcher: 100% — works counts well (+2 pts) | ✅ Hits well vs Bachar (SP): 70% (+2.5 pts, very small sample 0AB) | 🔥 Red hot last 5: 80% hit rate (+6 pts) | 📉 Mild regression risk: last-5 (80%) ahead of season (64%) | ⚠️ Short-start alert: form less predictive vs. bullpen-heavy game (×0.97) | 💪 Same-side + elite power (R vs R) — HR advantage | 🎯 SHARP HIT: Pwr 84 + PM 1.028 (sweet zone) — 5-slate: 100% (14/14)",– (9.9fp),,,
2,B. Eldridge,SF,STL,Andre Pallante,7:45 PM ET,69.8,62%,vs 0.5 line,85%,80%,—,"🔥 Hot hitter: 85% weighted hit rate | 📊 Strong hits probability (62% consensus over) | 📈 RotoWire projects 0.94 hits vs 0.5 line (+edge) | 💪 Power edge: 1.46 TB projected vs 0.5 line | 🎯 Elite contact vs FF: wOBA 0.505 on primary pitch type (+4 pts) | ✅ Hits well vs Pallante (SP): 71% (+2.5 pts, very small sample 0AB) | 🔥 Red hot last 5: 80% hit rate (+6 pts) | 📉 Mild regression risk: last-5 (80%) ahead of season (69%) | ⚠️ Elevated K% (27%) | 📈 Quality trend up (form 1.09x) (+1.9 pts) | 🎯 SHARP HIT: Cons 62% + Env 0.961 + Platoon + Score 68 — validated (17-slate) | 📊 wRC+ vs RHP: 127 (+1.5 hit pts)",– (9.0fp),,,
3,Drake Baldwin,ATL,CHC,Kevin Gausman,7:40 PM ET,67.2,64%,vs 1.5 line,91%,100%,—,🔥 Hot hitter: 91% weighted hit rate | 📊 Strong hits probability (64% consensus over) | 📈 RotoWire projects 1.08 hits vs 0.5 line (+edge) | 💪 Power edge: 1.89 TB projected vs 1.5 line | 🎯 Elite HH% vs pitcher: 50% hard contact rate (+4 pts) | 📊 Elite qAB% vs pitcher: 100% — works counts well (+2 pts) | 🎯 Elite contact vs FF: wOBA 0.400 on primary pitch type (+4 pts) | ⚾ vs Gausman (SP): 60% hit rate | 🔥 Red hot last 5: 100% hit rate (+6 pts) | 📉 Mild regression risk: last-5 (100%) ahead of season (71%) | ⚠️ K-Risk: 22% K rate vs Gausman (9.9 K/9) (-3 pts) | 🧤 Poor framing catcher (-8.4 runs) — batter-friendly zone (+2 pts) | 🎯 SHARP HIT: Cons 64% + Env 1.032 + Platoon + Score 66 — validated (17-slate) | 📊 wRC+ vs RHP: 122 (+1.5 hit pts),– (9.6fp),,,
4,Miguel Vargas,CWS,CLE,Foster Griffin,6:40 PM ET,67.1,64%,vs 1.5 line,75%,80%,—,🔥 Hot hitter: 75% weighted hit rate | 📊 Strong hits probability (64% consensus over) | 📈 RotoWire projects 1.07 hits vs 0.5 line (+edge) | 💪 Power edge: 1.89 TB projected vs 1.5 line | 🎯 Elite contact vs FC: wOBA 0.442 on primary pitch type (+4 pts) | ⚾ vs Griffin (SP): 57% hit rate | 🔥 Red hot last 5: 80% hit rate (+6 pts) | 📉 Mild regression risk: last-5 (80%) ahead of season (67%) | 💪 Same-side + elite power (R vs R) — HR advantage | ⚡ Game environment boost (Env 1.063): 80.6% hit rate in sweet zone (+3 pts) | 🎯 SHARP HIT: Pwr 88 + PM 1.068 (sweet zone) — 5-slate: 100% (14/14) | 📊 wRC+ vs RHP: 132 (+1.5 hit pts),– (9.1fp),,,
5,Nathan Lukes,TOR,DET,Drew Anderson,7:07 PM ET,65.3,64%,—,85%,80%,—,🔥 Hot hitter: 85% weighted hit rate | 📊 Strong hits probability (64% consensus over) | 📈 RotoWire projects 0.95 hits vs 0.5 line (+edge) | 📊 Contact-favorable matchup: PM 0.966 (low PM = 1.13x hit rate) | ⚾ vs Anderson (SP): 56% hit rate | 🔥 Red hot last 5: 80% hit rate (+6 pts) | 📉 Mild regression risk: last-5 (80%) ahead of season (62%) | 📈 Quality trend up (form 1.11x) (+2.2 pts) | ⚡ Game environment boost (Env 1.071): 80.6% hit rate in sweet zone (+3 pts) | 🎯 SHARP HIT: HS 65 + Cons 64% + Env 1.071 + Platoon + WHR 85% — all signals firing,– (8.9fp),,,
6,Adael Amador,COL,SD,Walker Buehler,8:40 PM ET,65.2,61%,vs 0.5 line,85%,100%,—,🔥 Hot hitter: 85% weighted hit rate | 📊 Strong hits probability (61% consensus over) | 📈 RotoWire projects 0.85 hits vs 0.5 line (+edge) | 💪 Power edge: 1.61 TB projected vs 0.5 line | ⚾ vs Buehler (SP): 50% hit rate | 🔥 Red hot last 5: 100% hit rate (+6 pts) | 📉 Mild regression risk: last-5 (100%) ahead of season (81%) | ⚠️ Short-start alert: form less predictive vs. bullpen-heavy game (×0.97) | 🌡️ Strong game environment (Env 1.577) — already reflected in HS baseline | 🎯 SHARP HIT: HS 57 + Cons 61% + Env 1.577 + Platoon + WHR 85% — all signals firing | 📊 wRC+ vs RHP: 163 (+3 hit pts — elite vs this hand) | 🎯 AVG vs RHP: 0.320 (+3 hit pts — elite contact vs this hand) | 🏟️ Home AVG: 0.320 (+2 hit pts),– (9.8fp),,,
7,C. Encarnacion-Strand,BAL,NYM,Sean Manaea,7:10 PM ET,65.0,N/A,—,—,—,—,📐 Stats-based estimate (no hits market data): L7=0.278 xwOBA=1.071 K%=27.4% HH%=36.5 PM=1.222 wRC+=118,– (9.3fp),,,
8,Yainer Diaz,HOU,KC,Michael Wacha,8:10 PM ET,64.2,66%,—,66%,60%,—,"🔥 Hot hitter: 66% weighted hit rate | ✅ High-consensus over: 66% of books project hit (+15 pts) | 📈 RotoWire projects 1.05 hits vs 0.5 line (+edge) | 📊 Contact-favorable matchup: PM 0.974 (low PM = 1.13x hit rate) | 📊 Good contact vs FF: wOBA 0.362 on primary pitch type (+2 pts) | ✅ Hits well vs Wacha (SP): 71% (+2.5 pts, very small sample 0AB) | 📈 Strong last 5: 60% hit rate (+3 pts) | 💪 Same-side + elite power (R vs R) — HR advantage | 📈 Quality trend up (form 1.23x) (+4.0 pts) | 🧤 Poor framing catcher (-9.1 runs) — batter-friendly zone (+2 pts)",– (9.3fp),,,
9,K. Okamoto,TOR,DET,Drew Anderson,7:07 PM ET,61.2,59%,vs 0.5 line,77%,80%,—,🔥 Hot hitter: 77% weighted hit rate | 📈 RotoWire projects 0.96 hits vs 0.5 line (+edge) | 💪 Power edge: 1.93 TB projected vs 0.5 line | 🎯 Elite contact vs FF: wOBA 0.418 on primary pitch type (+4 pts) | ⚾ vs Anderson (SP): 67% hit rate | 🔥 Red hot last 5: 80% hit rate (+6 pts) | 📉 Mild regression risk: last-5 (80%) ahead of season (62%) | 💪 Same-side + elite power (R vs R) — HR advantage | ⚠️ Elevated K% (29%) | 📈 Quality trend up (form 1.11x) (+2.2 pts) | 🎯 SHARP HIT: Pwr 84 + PM 1.039 (sweet zone) — 5-slate: 100% (14/14),– (10.0fp),,,
10,Isaac Paredes,HOU,KC,Michael Wacha,8:10 PM ET,61.0,62%,vs 0.5 line,86%,100%,—,"🔥 Hot hitter: 86% weighted hit rate | 📊 Strong hits probability (62% consensus over) | 📈 RotoWire projects 0.95 hits vs 0.5 line (+edge) | 💪 Power edge: 1.57 TB projected vs 0.5 line | 📊 Good contact vs FF: wOBA 0.362 on primary pitch type (+2 pts) | ⚾ vs Wacha (SP): 53% hit rate | 🔥 Red hot last 5: 100% hit rate (+6 pts) | ⚠️ Regression risk: 100% last-5 vs 66% season (34pt gap, -5.3 pts) | ⚠️ Same-side disadvantage (R vs R) -3 pts | 📈 Quality trend up (form 1.09x) (+1.8 pts) | 🧤 Poor framing catcher (-9.1 runs) — batter-friendly zone (+2 pts) | 📊 wRC+ vs RHP: 127 (+1.5 hit pts)",– (9.7fp),,,
11,D. Canzone,SEA,LAA,Ryan Johnson,9:38 PM ET,60.0,66%,vs 1.5 line,90%,100%,—,"🔥 Hot hitter: 90% weighted hit rate | ✅ High-consensus over: 66% of books project hit (+8 pts) | 📈 RotoWire projects 1.29 hits vs 0.5 line (+edge) | 💪 Power edge: 2.14 TB projected vs 1.5 line | 🎯 Elite contact vs FC: wOBA 0.399 on primary pitch type (+4 pts) | ⚾ vs Johnson (SP): 26% hit rate | ⚾ vs Johnson (SP): 26% hit rate (career fade skipped: ≤20 AB sample) | 🔥 Red hot last 5: 100% hit rate (+6 pts) | ⚠️ Regression risk: 100% last-5 vs 59% season (41pt gap, -6.8 pts) | 📈 Quality trend up (form 1.06x) (+1.3 pts) | 🎯 SHARP HIT: Pwr 86 + PM 1.053 (sweet zone) — 5-slate: 100% (14/14) | 📊 wRC+ vs RHP: 129 (+1.5 hit pts)",– (11.7fp),,,
12,L. Bernal,STL,SF,Blade Tidwell,7:45 PM ET,59.2,64%,vs 1.5 line,81%,80%,—,"🔥 Hot hitter: 81% weighted hit rate | 📊 Strong hits probability (64% consensus over) | 📈 RotoWire projects 1.25 hits vs 0.5 line (+edge) | 💪 Power edge: 2.16 TB projected vs 1.5 line | ✅ Hits well vs Tidwell (SP): 75% (+2.5 pts, very small sample 0AB) | 🔥 Red hot last 5: 80% hit rate (+6 pts) | ⚠️ Short-start alert: form less predictive vs. bullpen-heavy game (×0.97) | 📉 Quality trend down (form 0.78x) (-4.0 pts) | 🧤 Elite framing catcher (+10.2 runs) — tight zone (-2 pts) | 📊 wRC+ vs RHP: 157 (+3 hit pts — elite vs this hand) | 🎯 AVG vs RHP: 0.327 (+3 hit pts — elite contact vs this hand) | 🏟️ Home AVG: 0.327 (+2 hit pts) | 💰 DFF CROSS-CHECK (TIER1): DailyFantasyFuel's #1-ranked batter on this team today (FPTS 12.1, slate rank #2) - independent same-day agreement, unvalidated, small bonus only.",🥇 T1 (12.1fp),,,
13,Steven Kwan,CLE,CWS,Chris Murphy,6:40 PM ET,58.9,56%,—,87%,100%,—,"🔥 Hot hitter: 87% weighted hit rate | 📈 RotoWire projects 1.19 hits vs 0.5 line (+edge) | 📊 Contact-favorable matchup: PM 0.939 (low PM = 1.13x hit rate) | 📊 Good contact vs FF: wOBA 0.368 on primary pitch type (+2 pts) | ✅ Hits well vs Murphy (SP): 74% (+2.5 pts, very small sample 0AB) | 🔥 Red hot last 5: 100% hit rate (+6 pts) | ⚠️ Regression risk: 100% last-5 vs 64% season (36pt gap, -5.7 pts) | ⚠️ Short-start alert: form less predictive vs. bullpen-heavy game (×0.97) | 📈 Quality trend up (form 1.09x) (+1.8 pts) | ⚡ Game environment boost (Env 1.108): 80.6% hit rate in sweet zone (+3 pts)",– (10.7fp),,,
14,Randal Grichuk,CWS,CLE,Foster Griffin,6:40 PM ET,57.5,63%,vs 1.5 line,68%,100%,—,"🔥 Hot hitter: 68% weighted hit rate | 📊 Strong hits probability (63% consensus over) | 📈 RotoWire projects 0.98 hits vs 0.5 line (+edge) | 💪 Power edge: 1.65 TB projected vs 1.5 line | 📊 Good contact vs FC: wOBA 0.382 on primary pitch type (+2 pts) | ⚾ vs Griffin (SP): 65% hit rate | 🔥 Red hot last 5: 100% hit rate (+6 pts) | ⚠️ Regression risk: 100% last-5 vs 49% season (51pt gap, -7.0 pts) | 💪 Same-side + elite power (R vs R) — HR advantage | ⚡ Game environment boost (Env 1.063): 80.6% hit rate in sweet zone (+3 pts) | 🎯 SHARP HIT: Pwr 87 + PM 1.052 (sweet zone) — 5-slate: 100% (14/14) | 📊 wRC+ vs RHP: 141 (+3 hit pts — elite vs this hand) | 📊 AVG vs RHP: 0.288 (+1.5 hit pts) | 📊 Road AVG: 0.288 (+1 hit pt)",– (9.3fp),,,
15,Riley Greene,DET,TOR,Braydon Fisher,7:07 PM ET,57.2,60%,vs 0.5 line,70%,80%,—,🔥 Hot hitter: 70% weighted hit rate | 📈 RotoWire projects 1.35 hits vs 0.5 line (+edge) | 💪 Power edge: 2.49 TB projected vs 0.5 line | 📊 Good contact vs SL: wOBA 0.384 on primary pitch type (+2 pts) | ⚾ vs Fisher (SP): 63% hit rate | 🔥 Red hot last 5: 80% hit rate (+6 pts) | 📉 Mild regression risk: last-5 (80%) ahead of season (64%) | ⚠️ Short-start alert: form less predictive vs. bullpen-heavy game (×0.97) | ⚠️ Elevated K% (27%) | 📈 Quality trend up (form 1.12x) (+2.4 pts) | ⚡ Game environment boost (Env 1.071): 80.6% hit rate in sweet zone (+3 pts) | 🎯 SHARP HIT: Pwr 86 + PM 1.069 (sweet zone) — 5-slate: 100% (14/14) | 📊 wRC+ vs RHP: 137 (+1.5 hit pts) | 📊 AVG vs RHP: 0.284 (+1.5 hit pts),🥈 T2 (11.6fp),,,
16,K. McGonigle,DET,TOR,Braydon Fisher,7:07 PM ET,56.1,65%,vs 1.5 line,74%,80%,—,"🔥 Hot hitter: 74% weighted hit rate | 📊 Strong hits probability (65% consensus over) | 📈 RotoWire projects 1.35 hits vs 0.5 line (+edge) | 💪 Power edge: 2.35 TB projected vs 1.5 line | ⚠️ Struggles vs SL: wOBA 0.228 on primary pitch type (-2 pts) | ✅ Hits well vs Fisher (SP): 75% (+2.5 pts, very small sample 0AB) | 🔥 Red hot last 5: 80% hit rate (+6 pts) | ⚠️ Short-start alert: form less predictive vs. bullpen-heavy game (×0.97) | ⚡ Game environment boost (Env 1.071): 80.6% hit rate in sweet zone (+3 pts) | 🎯 SHARP HIT: Cons 65% + Env 1.071 + Platoon + Score 55 — validated (17-slate) | 📊 wRC+ vs RHP: 127 (+1.5 hit pts) | 💰 DFF CROSS-CHECK (TIER1): DailyFantasyFuel's #1-ranked batter on this team today (FPTS 12.1, slate rank #32) - independent same-day agreement, unvalidated, small bonus only.",🥇 T1 (12.1fp),,,
17,Bryce Harper,PHI,WSH,Jackson Kent,6:45 PM ET,55.9,64%,vs 1.5 line,71%,80%,—,"🔥 Hot hitter: 71% weighted hit rate | 📊 Strong hits probability (64% consensus over) | 📈 RotoWire projects 1.26 hits vs 0.5 line (+edge) | 💪 Power edge: 2.44 TB projected vs 1.5 line | ✅ Hits well vs Kent (SP): 74% (+2.5 pts, very small sample 0AB) | 🔥 Red hot last 5: 80% hit rate (+6 pts) | 📉 Mild regression risk: last-5 (80%) ahead of season (62%) | ⚠️ Short-start alert: form less predictive vs. bullpen-heavy game (×0.97) | 🎯 SHARP HIT: Pwr 80 + PM 1.031 (sweet zone) — 5-slate: 100% (14/14) | 📊 wRC+ vs RHP: 140 (+3 hit pts — elite vs this hand)",– (10.8fp),,,
18,G. Springer,TOR,DET,Drew Anderson,7:07 PM ET,55.3,66%,vs 1.5 line,74%,80%,—,🔥 Hot hitter: 74% weighted hit rate | ✅ High-consensus over: 66% of books project hit (+15 pts) | 📈 RotoWire projects 1.04 hits vs 0.5 line (+edge) | 📊 Contact-favorable matchup: PM 0.995 (low PM = 1.13x hit rate) | 💪 Power edge: 1.91 TB projected vs 1.5 line | ⚾ vs Anderson (SP): 68% hit rate | 🔥 Red hot last 5: 80% hit rate (+6 pts) | 📉 Mild regression risk: last-5 (80%) ahead of season (64%) | ⚠️ Same-side disadvantage (R vs R) -3 pts | 🎯 SHARP HIT: HS 55 + WHR 74% + Cons 66% + Prob 19.8% + Impl 4.6 + Park 1.020 — all signals firing,🥈 T2 (11.4fp),,,
19,V. Guerrero,TOR,DET,Drew Anderson,7:07 PM ET,55.1,66%,vs 1.5 line,66%,60%,—,"🔥 Hot hitter: 66% weighted hit rate | ✅ High-consensus over: 66% of books project hit (+15 pts) | 📈 RotoWire projects 1.23 hits vs 0.5 line (+edge) | 📊 Contact-favorable matchup: PM 0.992 (low PM = 1.13x hit rate) | 💪 Power edge: 2.11 TB projected vs 1.5 line | 📊 Good contact vs FF: wOBA 0.391 on primary pitch type (+2 pts) | ✅ Hits well vs Anderson (SP): 78% (+2.5 pts, very small sample 0AB) | 📈 Strong last 5: 60% hit rate (+3 pts) | ⚠️ Same-side disadvantage (R vs R) -3 pts | 💰 DFF CROSS-CHECK (TIER1): DailyFantasyFuel's #1-ranked batter on this team today (FPTS 11.5, slate rank #6) - independent same-day agreement, unvalidated, small bonus only.",🥇 T1 (11.5fp),,,
20,Ben Rice,NYY,MIN,Bailey Ober,7:40 PM ET,54.2,67%,vs 1.5 line,74%,80%,—,"🔥 Hot hitter: 74% weighted hit rate | ✅ High-consensus over: 67% of books project hit (+8 pts) | 📈 RotoWire projects 1.22 hits vs 0.5 line (+edge) | 💪 Power edge: 2.64 TB projected vs 1.5 line | ✅ Hits well vs Ober (SP): 70% (+2.5 pts, very small sample 0AB) | 🔥 Red hot last 5: 80% hit rate (+6 pts) | 📉 Mild regression risk: last-5 (80%) ahead of season (64%) | ⚠️ Short-start alert: form less predictive vs. bullpen-heavy game (×0.97) | 🎯 SHARP HIT: Cons 67% + Env 1.033 + Platoon + Score 51 — validated (17-slate) | 📊 wRC+ vs RHP: 146 (+3 hit pts — elite vs this hand) | 💰 DFF CROSS-CHECK (TIER2): DailyFantasyFuel's #2-ranked batter on this team today (FPTS 13.8, slate rank #31) - independent same-day agreement, unvalidated, smaller bonus only.",🥈 T2 (13.8fp),,,
21,Elly De La Cruz,CIN,LAD,Yoshinobu Yamamoto,6:40 PM ET,54.0,60%,vs 0.5 line,89%,80%,—,"🔥 Hot hitter: 89% weighted hit rate | 📈 RotoWire projects 0.96 hits vs 0.5 line (+edge) | 💪 Power edge: 1.65 TB projected vs 0.5 line | 🎯 Elite contact vs FF: wOBA 0.435 on primary pitch type (+4 pts) | ✅ Hits well vs Yamamoto (SP): 74% (+2.5 pts, very small sample 0AB) | 🔥 Red hot last 5: 80% hit rate (+6 pts) | ⚡ K-Danger: 28% K rate vs elite K pitcher Yamamoto (13.5 K/9) (-12 pts) | ⚠️ Elevated K% (28%) | 📈 Quality trend up (form 1.08x) (+1.6 pts) | 🌡️ Strong game environment (Env 1.161) — already reflected in HS baseline | 🎯 SHARP HIT: Pwr 86 + PM 1.064 (sweet zone) — 5-slate: 100% (14/14) | 📊 wRC+ vs RHP: 137 (+1.5 hit pts) | 📊 AVG vs RHP: 0.284 (+1.5 hit pts)",🥇 T1 (10.3fp),,,
22,Jo Adell,CLE,CWS,Chris Murphy,6:40 PM ET,53.8,65%,—,66%,80%,—,🔥 Hot hitter: 66% weighted hit rate | 📊 Strong hits probability (65% consensus over) | 📈 RotoWire projects 0.85 hits vs 0.5 line (+edge) | ⚾ vs Murphy (SP): 64% hit rate | 🔥 Red hot last 5: 80% hit rate (+6 pts) | 📉 Mild regression risk: last-5 (80%) ahead of season (58%) | ⚠️ Short-start alert: form less predictive vs. bullpen-heavy game (×0.97) | 💪 Same-side + elite power (R vs R) — HR advantage | 📈 Quality trend up (form 1.09x) (+1.7 pts) | ⚡ Game environment boost (Env 1.063): 80.6% hit rate in sweet zone (+3 pts) | 🎯 SHARP HIT: Pwr 87 + PM 1.025 (sweet zone) — 5-slate: 100% (14/14),🥈 T2 (11.1fp),,,
23,Nolan Arenado,ARI,MIA,Janson Junk,9:40 PM ET,53.7,61%,vs 0.5 line,66%,80%,—,"🔥 Hot hitter: 66% weighted hit rate | 📊 Strong hits probability (61% consensus over) | 📈 RotoWire projects 1.13 hits vs 0.5 line (+edge) | 💪 Power edge: 1.78 TB projected vs 0.5 line | 🎯 Elite contact vs FF: wOBA 0.429 on primary pitch type (+4 pts) | ✅ Hits well vs Junk (SP): 75% (+2.5 pts, very small sample 0AB) | 🔥 Red hot last 5: 80% hit rate (+6 pts) | 📉 Mild regression risk: last-5 (80%) ahead of season (61%) | ⚠️ Short-start alert: form less predictive vs. bullpen-heavy game (×0.97) | ⚠️ Same-side disadvantage (R vs R) -3 pts | 🎯 SHARP HIT: Pwr 78 + PM 1.004 (sweet zone) — 5-slate: 100% (14/14)",– (9.4fp),,,
24,Corey Seager,TEX,BOS,Patrick Sandoval,8:05 PM ET,53.5,63%,vs 0.5 line,70%,60%,—,"🔥 Hot hitter: 70% weighted hit rate | 📊 Strong hits probability (63% consensus over) | 📈 RotoWire projects 1.13 hits vs 0.5 line (+edge) | 💪 Power edge: 1.86 TB projected vs 0.5 line | ✅ Hits well vs Sandoval (SP): 75% (+2.5 pts, very small sample 0AB) | 📈 Strong last 5: 60% hit rate (+3 pts) | ⚠️ K-Risk: 23% K rate vs Sandoval (9.9 K/9) (-3 pts) | 📈 Quality trend up (form 1.07x) (+1.4 pts) | ⚡ Game environment boost (Env 1.142): 80.6% hit rate in sweet zone (+3 pts) | 🎯 SHARP HIT: Cons 63% + Env 1.142 + Platoon + Score 54 — validated (17-slate)",– (10.9fp),,,
25,Alex Bregman,CHC,ATL,Martín Pérez,7:40 PM ET,53.3,65%,vs 1.5 line,67%,80%,—,🔥 Hot hitter: 67% weighted hit rate | 📊 Strong hits probability (65% consensus over) | 📈 RotoWire projects 1.11 hits vs 0.5 line (+edge) | 📊 Contact-favorable matchup: PM 0.996 (low PM = 1.13x hit rate) | 💪 Power edge: 1.80 TB projected vs 1.5 line | ⚠️ vs Pérez (SP): 80% but ≤4 AB — tiny sample (+1.5 pts) | 🔥 Red hot last 5: 80% hit rate (+6 pts) | 📉 Mild regression risk: last-5 (80%) ahead of season (67%) | ⚠️ Short-start alert: form less predictive vs. bullpen-heavy game (×0.97) | ⚠️ Same-side disadvantage (R vs R) -3 pts | 📈 Quality trend up (form 1.11x) (+2.2 pts) | 📊 wRC+ vs RHP: 123 (+1.5 hit pts),– (9.7fp),,,
26,Carter Jensen,KC,HOU,Hunter Brown,8:10 PM ET,52.7,58%,vs 0.5 line,81%,80%,—,🔥 Hot hitter: 81% weighted hit rate | 📈 RotoWire projects 0.87 hits vs 0.5 line (+edge) | 💪 Power edge: 1.57 TB projected vs 0.5 line | ⚠️ vs Brown (SP): 100% but ≤4 AB — tiny sample (+1.5 pts) | 🔥 Red hot last 5: 80% hit rate (+6 pts) | 📉 Mild regression risk: last-5 (80%) ahead of season (60%) | ⚠️ K-Warning: 28% K rate vs Brown (9.9 K/9) (-5 pts) | ⚠️ Elevated K% (28%) | 📈 Quality trend up (form 1.12x) (+2.4 pts) | 🎯 SHARP HIT: Pwr 83 + PM 1.021 (sweet zone) — 5-slate: 100% (14/14),🥈 T2 (10.4fp),,,
27,Kyle Stowers,MIA,ARI,Michael Soroka,9:40 PM ET,52.4,64%,vs 1.5 line,68%,80%,—,"🔥 Hot hitter: 68% weighted hit rate | 📊 Strong hits probability (64% consensus over) | 📈 RotoWire projects 1.06 hits vs 0.5 line (+edge) | 💪 Power edge: 2.10 TB projected vs 1.5 line | ⚾ vs Soroka (SP): 62% hit rate | 🔥 Red hot last 5: 80% hit rate (+6 pts) | 📉 Mild regression risk: last-5 (80%) ahead of season (61%) | ⚠️ Short-start alert: form less predictive vs. bullpen-heavy game (×0.97) | ⚠️ High-K profile (32%) — significant contact risk | ⚡ Game environment boost (Env 1.069): 80.6% hit rate in sweet zone (+3 pts) | 🎯 SHARP HIT: Cons 64% + Env 1.069 + Platoon + Score 52 — validated (17-slate) | 💰 DFF CROSS-CHECK (TIER1): DailyFantasyFuel's #1-ranked batter on this team today (FPTS 12.0, slate rank #23) - independent same-day agreement, unvalidated, small bonus only.",🥇 T1 (12.0fp),,,
28,T. Hernandez,LAD,CIN,Rhett Lowder,6:40 PM ET,52.0,65%,vs 1.5 line,72%,60%,—,🔥 Hot hitter: 72% weighted hit rate | 📊 Strong hits probability (65% consensus over) | 📈 RotoWire projects 1.10 hits vs 0.5 line (+edge) | 💪 Power edge: 1.85 TB projected vs 1.5 line | 🎯 Elite contact vs SI: wOBA 0.437 on primary pitch type (+4 pts) | ⚠️ vs Lowder (SP): 100% but ≤4 AB — tiny sample (+1.5 pts) | 📈 Strong last 5: 60% hit rate (+3 pts) | ⚠️ Short-start alert: form less predictive vs. bullpen-heavy game (×0.97) | ⚠️ Same-side disadvantage (R vs R) -3 pts | ⚠️ Elevated K% (27%) | 📈 Quality trend up (form 1.12x) (+2.4 pts) | 🌡️ Strong game environment (Env 1.161) — already reflected in HS baseline | 🎯 SHARP HIT: HS 52 + WHR 72% + Cons 65% + Prob 20.2% + Impl 5.3 + Park 1.160 — all signals firing,– (10.8fp),,,
29,Sal Stewart,CIN,LAD,Yoshinobu Yamamoto,6:40 PM ET,51.9,61%,vs 0.5 line,71%,80%,—,🔥 Hot hitter: 71% weighted hit rate | 📊 Strong hits probability (61% consensus over) | 📈 RotoWire projects 0.81 hits vs 0.5 line (+edge) | 💪 Power edge: 1.32 TB projected vs 0.5 line | 🎯 Elite contact vs FF: wOBA 0.413 on primary pitch type (+4 pts) | ⚾ vs Yamamoto (SP): 25% hit rate | ⚾ vs Yamamoto (SP): 25% hit rate (career fade skipped: ≤20 AB sample) | 🔥 Red hot last 5: 80% hit rate (+6 pts) | ⚠️ K-Risk: 22% K rate vs elite K pitcher Yamamoto (13.5 K/9) (-5 pts) | 💪 Same-side + elite power (R vs R) — HR advantage | 🌡️ Strong game environment (Env 1.161) — already reflected in HS baseline | 🎯 SHARP HIT: Pwr 82 + PM 1.045 (sweet zone) — 5-slate: 100% (14/14),– (8.4fp),,,
30,Cal Raleigh,SEA,LAA,Ryan Johnson,9:38 PM ET,51.7,60%,vs 0.5 line,71%,60%,—,"🔥 Hot hitter: 71% weighted hit rate | 📊 Strong hits probability (60% consensus over) | 📈 RotoWire projects 0.93 hits vs 0.5 line (+edge) | 📊 Contact-favorable matchup: PM 0.989 (low PM = 1.13x hit rate) | 💪 Power edge: 2.02 TB projected vs 0.5 line | ⚾ vs Johnson (SP): 53% hit rate | 📈 Strong last 5: 60% hit rate (+3 pts) | ⚠️ High-K profile (31%) — significant contact risk | 📈 Quality trend up (form 1.12x) (+2.4 pts) | ⚡ Game environment boost (Env 1.080): 80.6% hit rate in sweet zone (+3 pts) | 🎯 SHARP HIT: HS 55 + Cons 60% + Env 1.080 + Platoon + WHR 71% — all signals firing | ⚠️ AVG vs RHP: 0.181 (-2 hit pts) | ⚠️ Road AVG: 0.181 (-1.5 hit pts) | 💰 DFF CROSS-CHECK (TIER2): DailyFantasyFuel's #2-ranked batter on this team today (FPTS 12.4, slate rank #22) - independent same-day agreement, unvalidated, smaller bonus only.",🥈 T2 (12.4fp),,,
31,Brice Turang,MIL,PIT,Lake Bachar,6:40 PM ET,51.4,66%,vs 1.5 line,63%,80%,—,📊 Solid hit rate: 63% | ✅ High-consensus over: 66% of books project hit (+15 pts) | 📈 RotoWire projects 1.35 hits vs 0.5 line (+edge) | 💪 Power edge: 2.17 TB projected vs 1.5 line | ⚾ vs Bachar (SP): 58% hit rate | 🔥 Red hot last 5: 80% hit rate (+6 pts) | 📉 Mild regression risk: last-5 (80%) ahead of season (65%) | ⚠️ Short-start alert: form less predictive vs. bullpen-heavy game (×0.97) | 🎯 SHARP HIT: Cons 66% + Env 0.954 + Platoon + Score 50 — validated (17-slate) | 📊 wRC+ vs RHP: 124 (+1.5 hit pts),🥈 T2 (10.7fp),,,
32,James Wood,WSH,PHI,Cristopher Sánchez,6:45 PM ET,50.8,60%,vs 0.5 line,83%,80%,—,🔥 Hot hitter: 83% weighted hit rate | 📈 RotoWire projects 0.92 hits vs 0.5 line (+edge) | 💪 Power edge: 1.48 TB projected vs 0.5 line | 🎯 Elite contact vs SI: wOBA 0.426 on primary pitch type (+4 pts) | ⚾ vs Sánchez (SP): 57% hit rate | 🔥 Red hot last 5: 80% hit rate (+6 pts) | 📉 Mild regression risk: last-5 (80%) ahead of season (68%) | ⚡ K-Danger: 28% K rate vs elite K pitcher Sánchez (11.7 K/9) (-12 pts) | ⚠️ Elevated K% (28%) | 🎯 SHARP HIT: PM 1.100 + PA 4.6 — strong PM+PA contact combo | 📊 wRC+ vs RHP: 147 (+3 hit pts — elite vs this hand),🥇 T1 (9.1fp),,,
33,C. Yelich,MIL,PIT,Lake Bachar,6:40 PM ET,49.4,63%,vs 0.5 line,73%,80%,—,🔥 Hot hitter: 73% weighted hit rate | 📊 Strong hits probability (63% consensus over) | 📈 RotoWire projects 1.19 hits vs 0.5 line (+edge) | 📊 Contact-favorable matchup: PM 0.995 (low PM = 1.13x hit rate) | 💪 Power edge: 2.04 TB projected vs 0.5 line | ⚠️ Struggles vs CU: wOBA 0.239 on primary pitch type (-2 pts) | ⚾ vs Bachar (SP): 67% hit rate | 🔥 Red hot last 5: 80% hit rate (+6 pts) | 📉 Mild regression risk: last-5 (80%) ahead of season (61%) | ⚠️ Short-start alert: form less predictive vs. bullpen-heavy game (×0.97) | ⚠️ Elevated K% (27%) | 🎯 SHARP HIT: Cons 63% + Env 0.954 + Platoon + Score 49 — validated (17-slate),– (10.1fp),,,
34,Jonathan Aranda,TB,ATH,Jack Perkins,6:40 PM ET,48.2,65%,vs 1.5 line,71%,60%,—,🔥 Hot hitter: 71% weighted hit rate | 📊 Strong hits probability (65% consensus over) | 📈 RotoWire projects 1.09 hits vs 0.5 line (+edge) | 💪 Power edge: 1.86 TB projected vs 1.5 line | ⚾ vs Perkins (SP): 50% hit rate | 📈 Strong last 5: 60% hit rate (+3 pts) | ⚠️ Short-start alert: form less predictive vs. bullpen-heavy game (×0.97) | 🎯 SHARP HIT: Pwr 80 + PM 1.032 (sweet zone) — 5-slate: 100% (14/14) | 📊 wRC+ vs RHP: 124 (+1.5 hit pts),– (11.1fp),,,
35,Juan Soto,NYM,BAL,Shane Baz,7:10 PM ET,47.4,63%,vs 1.5 line,57%,60%,—,"📊 Solid hit rate: 57% | 📊 Strong hits probability (63% consensus over) | 📈 RotoWire projects 1.05 hits vs 0.5 line (+edge) | 💪 Power edge: 2.15 TB projected vs 1.5 line | 📊 Elite qAB% vs pitcher: 88% — works counts well (+2 pts) | 🎯 Elite contact vs FF: wOBA 0.407 on primary pitch type (+4 pts) | ⚾ vs Baz (SP): 63% hit rate | 📈 Strong last 5: 60% hit rate (+3 pts) | 🧤 Elite framing catcher (+9.1 runs) — tight zone (-2 pts) | 🎯 SHARP HIT: PM 1.087 + PA 4.6 — strong PM+PA contact combo | 📊 wRC+ vs RHP: 149 (+3 hit pts — elite vs this hand) | 💰 DFF CROSS-CHECK (TIER1): DailyFantasyFuel's #1-ranked batter on this team today (FPTS 12.6, slate rank #38) - independent same-day agreement, unvalidated, small bonus only.",🥇 T1 (12.6fp),,,
36,Bo Bichette,NYM,BAL,Shane Baz,7:10 PM ET,46.9,66%,—,65%,60%,—,🔥 Hot hitter: 65% weighted hit rate | ✅ High-consensus over: 66% of books project hit (+15 pts) | 📈 RotoWire projects 1.00 hits vs 0.5 line (+edge) | 📊 Contact-favorable matchup: PM 0.985 (low PM = 1.13x hit rate) | ⚠️ Weak contact vs pitcher: 9% HH% (-3 pts) | ⚠️ vs Baz (SP): 88% but ≤4 AB — tiny sample (+1.5 pts) | 📈 Strong last 5: 60% hit rate (+3 pts) | ⚠️ Same-side disadvantage (R vs R) -3 pts | 🧤 Elite framing catcher (+9.1 runs) — tight zone (-2 pts),– (8.9fp),,,
37,Cole Carrigg,COL,SD,Walker Buehler,8:40 PM ET,46.7,66%,—,56%,60%,—,📊 Solid hit rate: 56% | ✅ High-consensus over: 66% of books project hit (+15 pts) | 📈 RotoWire projects 0.88 hits vs 0.5 line (+edge) | ⚾ vs Buehler (SP): 67% hit rate | 📈 Strong last 5: 60% hit rate (+3 pts) | ⚠️ Short-start alert: form less predictive vs. bullpen-heavy game (×0.97) | 🌡️ Strong game environment (Env 1.577) — already reflected in HS baseline | 🎯 SHARP HIT: Pwr 82 + PM 1.002 (sweet zone) — 5-slate: 100% (14/14),– (11.7fp),,,
38,Bobby Witt,KC,HOU,Hunter Brown,8:10 PM ET,46.7,65%,vs 1.5 line,66%,60%,—,"🔥 Hot hitter: 66% weighted hit rate | 📊 Strong hits probability (65% consensus over) | 📈 RotoWire projects 1.10 hits vs 0.5 line (+edge) | 💪 Power edge: 1.97 TB projected vs 1.5 line | ⚠️ Weak contact vs pitcher: 10% HH% (-3 pts) | ⚠️ Struggles vs SL: wOBA 0.246 on primary pitch type (-2 pts) | ✅ Hits well vs Brown (SP): 70% (+2.5 pts, very small sample 0AB) | 📈 Strong last 5: 60% hit rate (+3 pts) | 💪 Same-side + elite power (R vs R) — HR advantage | 🎯 SHARP HIT: Pwr 83 + PM 1.037 (sweet zone) — 5-slate: 100% (14/14) | 📊 wRC+ vs RHP: 121 (+1.5 hit pts)",🥇 T1 (12.2fp),,,
39,Ronald Acuna,ATL,CHC,Kevin Gausman,7:40 PM ET,46.4,65%,vs 1.5 line,70%,60%,—,🔥 Hot hitter: 70% weighted hit rate | ✅ High-consensus over: 65% of books project hit (+8 pts) | 📈 RotoWire projects 0.94 hits vs 0.5 line (+edge) | 💪 Power edge: 1.63 TB projected vs 1.5 line | ⚾ vs Gausman (SP): 62% hit rate | 📈 Strong last 5: 60% hit rate (+3 pts) | ⚠️ K-Risk: 22% K rate vs Gausman (9.9 K/9) (-3 pts) | 💪 Same-side + elite power (R vs R) — HR advantage | 🧤 Poor framing catcher (-8.4 runs) — batter-friendly zone (+2 pts) | 🎯 SHARP HIT: Pwr 85 + PM 1.032 (sweet zone) — 5-slate: 100% (14/14),🥇 T1 (11.4fp),,,
40,Mike Trout,LAA,SEA,Logan Gilbert,9:38 PM ET,45.0,59%,vs 0.5 line,83%,80%,—,🔥 Hot hitter: 83% weighted hit rate | 📈 RotoWire projects 0.85 hits vs 0.5 line (+edge) | 💪 Power edge: 1.84 TB projected vs 0.5 line | ⚠️ Weak contact vs pitcher: 9% HH% (-3 pts) | ⚾ vs Gilbert (SP): 67% hit rate | 🔥 Red hot last 5: 80% hit rate (+6 pts) | 📉 Mild regression risk: last-5 (80%) ahead of season (66%) | ⚡ K-Danger: 26% K rate vs elite K pitcher Gilbert (11.7 K/9) (-12 pts) | 💪 Same-side + elite power (R vs R) — HR advantage | ⚠️ Elevated K% (26%) | ⚡ Game environment boost (Env 1.080): 80.6% hit rate in sweet zone (+3 pts) | 🎯 SHARP HIT: Pwr 84 + PM 1.035 (sweet zone) — 5-slate: 100% (14/14) | 📊 wRC+ vs RHP: 129 (+1.5 hit pts),🥈 T2 (10.0fp),,,
41,Kody Clemens,MIN,NYY,Max Fried,7:40 PM ET,43.5,58%,—,69%,80%,—,🔥 Hot hitter: 69% weighted hit rate | 📉 RotoWire projects only 0.23 hits vs 0.5 line | ⬇️ Below power line: 0.39 TB vs 0.5 | ⚾ vs Fried (SP): 25% hit rate | ⚾ vs Fried (SP): 25% hit rate (career fade skipped: ≤20 AB sample) | 🔥 Red hot last 5: 80% hit rate (+6 pts) | 📉 Mild regression risk: last-5 (80%) ahead of season (62%) | 📈 Quality trend up (form 1.07x) (+1.5 pts) | 🎯 SHARP HIT: Pwr 84 + PM 1.045 (sweet zone) — 5-slate: 100% (14/14),– (0.0fp),,,
42,Lars Nootbaar,ARI,MIA,Janson Junk,9:40 PM ET,43.1,67%,vs 1.5 line,—,—,—,"✅ High-consensus over: 67% of books project hit (+15 pts) | 📈 RotoWire projects 1.19 hits vs 0.5 line (+edge) | 💪 Power edge: 1.83 TB projected vs 1.5 line | 📊 Good contact vs FF: wOBA 0.375 on primary pitch type (+2 pts) | ✅ Hits well vs Junk (SP): 73% (+2.5 pts, very small sample 0AB) | ⚠️ Short-start alert: form less predictive vs. bullpen-heavy game (×0.97) | 📈 Quality trend up (form 1.06x) (+1.3 pts) | ⚡ Game environment boost (Env 1.069): 80.6% hit rate in sweet zone (+3 pts) | 🎯 SHARP HIT: Pwr 81 + PM 1.019 (sweet zone) — 5-slate: 100% (14/14)",– (11.0fp),,,
43,G. Henderson,BAL,NYM,Sean Manaea,7:10 PM ET,43.1,60%,vs 0.5 line,74%,80%,—,🔥 Hot hitter: 74% weighted hit rate | 📈 RotoWire projects 0.94 hits vs 0.5 line (+edge) | 📊 Contact-favorable matchup: PM 0.998 (low PM = 1.13x hit rate) | 💪 Power edge: 1.65 TB projected vs 0.5 line | ⚠️ vs Manaea (SP): 80% but ≤4 AB — tiny sample (+1.5 pts) | 🔥 Red hot last 5: 80% hit rate (+6 pts) | 📉 Mild regression risk: last-5 (80%) ahead of season (58%) | ⚠️ K-Risk: 22% K rate vs elite K pitcher Manaea (11.7 K/9) (-5 pts),– (9.8fp),,,
44,Austin Riley,ATL,CHC,Kevin Gausman,7:40 PM ET,43.1,56%,—,70%,80%,—,🔥 Hot hitter: 70% weighted hit rate | 📈 RotoWire projects 0.84 hits vs 0.5 line (+edge) | 📊 Contact-favorable matchup: PM 0.996 (low PM = 1.13x hit rate) | 📊 Elite qAB% vs pitcher: 67% — works counts well (+2 pts) | ⚾ vs Gausman (SP): 61% hit rate | 🔥 Red hot last 5: 80% hit rate (+6 pts) | 📉 Mild regression risk: last-5 (80%) ahead of season (54%) | ⚡ K-Collision: 31% K rate vs Gausman (9.9 K/9) (-8 pts) | 💪 Same-side + elite power (R vs R) — HR advantage | ⚠️ High-K profile (31%) — significant contact risk | 🧤 Poor framing catcher (-8.4 runs) — batter-friendly zone (+2 pts),– (8.0fp),,,
45,Jeremy Pena,HOU,KC,Michael Wacha,8:10 PM ET,42.8,67%,vs 1.5 line,—,60%,—,✅ High-consensus over: 67% of books project hit (+15 pts) | 📈 RotoWire projects 1.16 hits vs 0.5 line (+edge) | 💪 Power edge: 1.68 TB projected vs 1.5 line | 🎯 Elite contact vs FF: wOBA 0.407 on primary pitch type (+4 pts) | ⚾ vs Wacha (SP): 69% hit rate | 📈 Strong last 5: 60% hit rate (+3 pts) | ⚠️ Same-side disadvantage (R vs R) -3 pts | 🧤 Poor framing catcher (-9.1 runs) — batter-friendly zone (+2 pts) | 🎯 SHARP HIT: Pwr 80 + PM 1.023 (sweet zone) — 5-slate: 100% (14/14),🥈 T2 (10.2fp),,,
46,F. Lindor,NYM,BAL,Shane Baz,7:10 PM ET,42.5,63%,vs 1.5 line,59%,60%,—,"📊 Solid hit rate: 59% | 📊 Strong hits probability (63% consensus over) | 📈 RotoWire projects 0.92 hits vs 0.5 line (+edge) | 💪 Power edge: 1.78 TB projected vs 1.5 line | ✅ Hits well vs Baz (SP): 79% (+2.5 pts, very small sample 0AB) | 📈 Strong last 5: 60% hit rate (+3 pts) | 🧤 Elite framing catcher (+9.1 runs) — tight zone (-2 pts) | 🎯 SHARP HIT: Pwr 81 + PM 1.004 (sweet zone) — 5-slate: 100% (14/14)",🥈 T2 (11.3fp),,,
47,Coby Mayo,BAL,NYM,Sean Manaea,7:10 PM ET,42.4,59%,vs 0.5 line,87%,100%,—,"🔥 Hot hitter: 87% weighted hit rate | 📈 RotoWire projects 1.02 hits vs 0.5 line (+edge) | 💪 Power edge: 1.99 TB projected vs 0.5 line | 📊 Good contact vs FF: wOBA 0.365 on primary pitch type (+2 pts) | ⚾ vs Manaea (SP): 50% hit rate | 🔥 Red hot last 5: 100% hit rate (+6 pts) | ⚠️ Regression risk: 100% last-5 vs 54% season (46pt gap, -7.0 pts) | ⚡ K-Danger: 31% K rate vs elite K pitcher Manaea (11.7 K/9) (-12 pts) | 💪 Same-side + elite power (R vs R) — HR advantage | ⚠️ High-K profile (31%) — significant contact risk | 📈 Quality trend up (form 1.12x) (+2.4 pts)",🥈 T2 (10.6fp),,,
48,Brett Baty,NYM,BAL,Shane Baz,7:10 PM ET,42.2,51%,vs 0.5 line,68%,80%,—,🔥 Hot hitter: 68% weighted hit rate | 📈 RotoWire projects 0.85 hits vs 0.5 line (+edge) | 📊 Contact-favorable matchup: PM 0.999 (low PM = 1.13x hit rate) | 💪 Power edge: 1.45 TB projected vs 0.5 line | ⚾ vs Baz (SP): 29% hit rate | ⚾ vs Baz (SP): 29% hit rate (career fade skipped: ≤20 AB sample) | 🔥 Red hot last 5: 80% hit rate (+6 pts) | 📉 Mild regression risk: last-5 (80%) ahead of season (53%) | ⚠️ Elevated K% (27%) | 📈 Quality trend up (form 1.06x) (+1.2 pts) | 🧤 Elite framing catcher (+9.1 runs) — tight zone (-2 pts),– (7.4fp),,,
49,Jake Bauers,MIL,PIT,Lake Bachar,6:40 PM ET,41.8,59%,vs 1.5 line,57%,60%,—,📊 Solid hit rate: 57% | 📈 RotoWire projects 0.92 hits vs 0.5 line (+edge) | 💪 Power edge: 1.81 TB projected vs 1.5 line | 📊 Good contact vs CU: wOBA 0.379 on primary pitch type (+2 pts) | ⚾ vs Bachar (SP): 58% hit rate | 📈 Strong last 5: 60% hit rate (+3 pts) | ⚠️ Short-start alert: form less predictive vs. bullpen-heavy game (×0.97) | ⚠️ Elevated K% (26%) | 🎯 SHARP HIT: Pwr 87 + PM 1.067 (sweet zone) — 5-slate: 100% (14/14) | 📊 wRC+ vs RHP: 146 (+3 hit pts — elite vs this hand),– (9.5fp),,,
50,Aaron Judge,NYY,MIN,Bailey Ober,7:40 PM ET,38.9,64%,vs 1.5 line,—,60%,—,"📊 Strong hits probability (64% consensus over) | 📈 RotoWire projects 1.16 hits vs 0.5 line (+edge) | 💪 Power edge: 2.78 TB projected vs 1.5 line | 📊 Elite qAB% vs pitcher: 100% — works counts well (+2 pts) | ✅ Hits well vs Ober (SP): 71% (+2.5 pts, very small sample 0AB) | 📈 Strong last 5: 60% hit rate (+3 pts) | ⚠️ Short-start alert: form less predictive vs. bullpen-heavy game (×0.97) | 💪 Same-side + elite power (R vs R) — HR advantage | ⚠️ Elevated K% (29%) | 📊 wRC+ vs RHP: 141 (+3 hit pts — elite vs this hand) | 💰 DFF CROSS-CHECK (TIER1): DailyFantasyFuel's #1-ranked batter on this team today (FPTS 14.1, slate rank #30) - independent same-day agreement, unvalidated, small bonus only.",🥇 T1 (14.1fp),,,
51,C. Koss,SF,STL,Andre Pallante,7:45 PM ET,38.3,58%,vs 0.5 line,61%,60%,—,📊 Solid hit rate: 61% | 📈 RotoWire projects 0.96 hits vs 0.5 line (+edge) | 📊 Contact-favorable matchup: PM 0.951 (low PM = 1.13x hit rate) | 💪 Power edge: 1.43 TB projected vs 0.5 line | 📊 Elite qAB% vs pitcher: 100% — works counts well (+2 pts) | ⚾ vs Pallante (SP): 63% hit rate | 📈 Strong last 5: 60% hit rate (+3 pts) | 📉 Mild regression risk: last-5 (60%) ahead of season (49%) | ⚠️ Same-side disadvantage (R vs R) -3 pts | 📈 Quality trend up (form 1.12x) (+2.4 pts) | ⚠️ wRC+ vs RHP: 70 (-2 hit pts — struggles vs this hand),– (8.3fp),,,
52,Max Muncy,LAD,CIN,Rhett Lowder,6:40 PM ET,36.4,61%,vs 1.5 line,—,60%,—,📊 Strong hits probability (61% consensus over) | 📈 RotoWire projects 1.02 hits vs 0.5 line (+edge) | 💪 Power edge: 1.88 TB projected vs 1.5 line | 📊 Good contact vs SI: wOBA 0.373 on primary pitch type (+2 pts) | ⚾ vs Lowder (SP): 52% hit rate | 📈 Strong last 5: 60% hit rate (+3 pts) | ⚠️ Short-start alert: form less predictive vs. bullpen-heavy game (×0.97) | ⚠️ High-K profile (32%) — significant contact risk | 🌡️ Strong game environment (Env 1.201) — already reflected in HS baseline | 🎯 SHARP HIT: Pwr 84 + PM 1.036 (sweet zone) — 5-slate: 100% (14/14),– (11.3fp),,,
53,Pete Alonso,BAL,NYM,Sean Manaea,7:10 PM ET,36.4,63%,vs 1.5 line,—,60%,—,📊 Strong hits probability (63% consensus over) | 📈 RotoWire projects 1.10 hits vs 0.5 line (+edge) | 💪 Power edge: 2.27 TB projected vs 1.5 line | 📊 Elite qAB% vs pitcher: 75% — works counts well (+2 pts) | 🎯 Elite contact vs FF: wOBA 0.423 on primary pitch type (+4 pts) | ⚾ vs Manaea (SP): 61% hit rate | 📈 Strong last 5: 60% hit rate (+3 pts) | ⚡ K-Risk: 24% K rate vs elite K pitcher Manaea (11.7 K/9) (-8 pts) | 💪 Same-side + elite power (R vs R) — HR advantage | 🎯 SHARP HIT: Pwr 85 + PM 1.055 (sweet zone) — 5-slate: 100% (14/14) | 📊 wRC+ vs RHP: 141 (+3 hit pts — elite vs this hand),🥇 T1 (12.0fp),,,
54,M. Ballesteros,LAA,SEA,Logan Gilbert,9:38 PM ET,35.7,53%,vs 0.5 line,65%,60%,—,🔥 Hot hitter: 65% weighted hit rate | 📈 RotoWire projects 0.87 hits vs 0.5 line (+edge) | 📊 Contact-favorable matchup: PM 0.988 (low PM = 1.13x hit rate) | 💪 Power edge: 1.50 TB projected vs 0.5 line | 📈 Strong last 5: 60% hit rate (+3 pts) | 📉 Mild regression risk: last-5 (60%) ahead of season (48%) | ⚡ K-Risk: 23% K rate vs elite K pitcher Gilbert (11.7 K/9) (-8 pts) | 📈 Quality trend up (form 1.10x) (+1.9 pts),– (7.7fp),,,
55,G. Mitchell,MIL,PIT,Lake Bachar,6:40 PM ET,35.6,59%,vs 0.5 line,58%,—,—,📊 Solid hit rate: 58% | 📈 RotoWire projects 1.03 hits vs 0.5 line (+edge) | 💪 Power edge: 1.87 TB projected vs 0.5 line | ⚾ vs Bachar (SP): 41% hit rate | ⚠️ Short-start alert: form less predictive vs. bullpen-heavy game (×0.97) | ⚠️ High-K profile (31%) — significant contact risk | 📈 Quality trend up (form 1.12x) (+2.4 pts) | 🎯 SHARP HIT: Pwr 87 + PM 1.025 (sweet zone) — 5-slate: 100% (14/14) | 📊 wRC+ vs RHP: 120 (+1.5 hit pts),– (9.9fp),,,
56,Y. Alvarez,HOU,KC,Michael Wacha,8:10 PM ET,35.3,66%,vs 1.5 line,—,—,—,✅ High-consensus over: 66% of books project hit (+8 pts) | 📈 RotoWire projects 1.14 hits vs 0.5 line (+edge) | 💪 Power edge: 2.02 TB projected vs 1.5 line | 📊 Hard contact vs pitcher: 29% HH% (+2 pts) | 🎯 Elite contact vs FF: wOBA 0.428 on primary pitch type (+4 pts) | ⚠️ vs Wacha (SP): 81% but ≤4 AB — tiny sample (+1.5 pts) | 📉 Negative momentum | 🧤 Poor framing catcher (-9.1 runs) — batter-friendly zone (+2 pts) | 🎯 SHARP HIT: PM 1.128 + PA 4.6 — strong PM+PA contact combo | 📊 wRC+ vs RHP: 175 (+3 hit pts — elite vs this hand) | 📊 AVG vs RHP: 0.310 (+1.5 hit pts) | 📊 Home AVG: 0.310 (+1 hit pt),🥇 T1 (11.8fp),,,
57,Brandon Lowe,PIT,MIL,Jacob Misiorowski,6:40 PM ET,35.3,51%,vs 1.5 line,70%,80%,—,"🔥 Hot hitter: 70% weighted hit rate | 📈 RotoWire projects 0.89 hits vs 0.5 line (+edge) | 💪 Power edge: 1.64 TB projected vs 1.5 line | 🎯 Elite contact vs FF: wOBA 0.401 on primary pitch type (+4 pts) | ✅ Hits well vs Misiorowski (SP): 73% (+2.5 pts, very small sample 0AB) | 🔥 Red hot last 5: 80% hit rate (+6 pts) | 📉 Mild regression risk: last-5 (80%) ahead of season (68%) | ⚠️ Hot streak not confirmed by market (WHR 70% but only 51% consensus over, -2 pts) | ⚡ K-Danger: 29% K rate vs elite K pitcher Misiorowski (15.3 K/9) (-12 pts) | ⚠️ Elevated K% (29%) | 🧤 Elite framing catcher (+8.6 runs) — tight zone (-2 pts) | 🎯 SHARP HIT: Pwr 84 + PM 1.041 (sweet zone) — 5-slate: 100% (14/14)",– (7.9fp),,,
58,Zach Neto,LAA,SEA,Logan Gilbert,9:38 PM ET,34.8,60%,vs 1.5 line,64%,60%,—,📊 Solid hit rate: 64% | 📊 Strong hits probability (60% consensus over) | 📈 RotoWire projects 0.96 hits vs 0.5 line (+edge) | 💪 Power edge: 1.87 TB projected vs 1.5 line | 📊 Good contact vs FF: wOBA 0.390 on primary pitch type (+2 pts) | ⚾ vs Gilbert (SP): 57% hit rate | 📈 Strong last 5: 60% hit rate (+3 pts) | ⚡ K-Danger: 31% K rate vs elite K pitcher Gilbert (11.7 K/9) (-12 pts) | ⚠️ Same-side disadvantage (R vs R) -3 pts | ⚠️ High-K profile (31%) — significant contact risk | 📈 Quality trend up (form 1.11x) (+2.2 pts) | ⚡ Game environment boost (Env 1.080): 80.6% hit rate in sweet zone (+3 pts) | 🎯 SHARP HIT: Pwr 79 + PM 1.025 (sweet zone) — 5-slate: 100% (14/14),🥇 T1 (10.2fp),,,
59,Seiya Suzuki,CHC,ATL,Martín Pérez,7:40 PM ET,34.1,65%,vs 1.5 line,—,—,—,📊 Strong hits probability (65% consensus over) | 📈 RotoWire projects 1.16 hits vs 0.5 line (+edge) | 💪 Power edge: 2.06 TB projected vs 1.5 line | 🎯 Elite contact vs SI: wOBA 0.403 on primary pitch type (+4 pts) | ⚾ vs Pérez (SP): 48% hit rate | ⚠️ Short-start alert: form less predictive vs. bullpen-heavy game (×0.97) | 💪 Same-side + elite power (R vs R) — HR advantage | 🎯 SHARP HIT: PM 1.062 + PA 4.6 — strong PM+PA contact combo | 📊 wRC+ vs RHP: 133 (+1.5 hit pts),🥈 T2 (11.5fp),,,
60,F. Alvarez,NYM,BAL,Shane Baz,7:10 PM ET,32.8,49%,—,59%,80%,—,📊 Solid hit rate: 59% | 📈 RotoWire projects 0.82 hits vs 0.5 line (+edge) | ⚾ vs Baz (SP): 33% hit rate | ⚾ vs Baz (SP): 33% hit rate (career fade skipped: ≤20 AB sample) | 🔥 Red hot last 5: 80% hit rate (+6 pts) | 📉 Mild regression risk: last-5 (80%) ahead of season (60%) | 💪 Same-side + elite power (R vs R) — HR advantage | ⚠️ High-K profile (31%) — significant contact risk | 🧤 Elite framing catcher (+9.1 runs) — tight zone (-2 pts) | 🎯 SHARP HIT: Pwr 85 + PM 1.045 (sweet zone) — 5-slate: 100% (14/14),– (8.2fp),,,
61,Matt Olson,ATL,CHC,Kevin Gausman,7:40 PM ET,31.6,62%,vs 1.5 line,—,60%,—,📊 Strong hits probability (62% consensus over) | 📈 RotoWire projects 0.97 hits vs 0.5 line (+edge) | 💪 Power edge: 1.78 TB projected vs 1.5 line | ⚾ vs Gausman (SP): 68% hit rate | 📈 Strong last 5: 60% hit rate (+3 pts) | ⚠️ K-Warning: 25% K rate vs Gausman (9.9 K/9) (-5 pts) | ⚠️ Elevated K% (25%) | 🧤 Poor framing catcher (-8.4 runs) — batter-friendly zone (+2 pts) | 📊 wRC+ vs RHP: 122 (+1.5 hit pts),🥈 T2 (10.2fp),,,
62,D. Varsho,HOU,KC,Michael Wacha,8:10 PM ET,29.9,58%,—,—,—,—,"📈 RotoWire projects 0.82 hits vs 0.5 line (+edge) | 📊 Contact-favorable matchup: PM 0.986 (low PM = 1.13x hit rate) | ✅ Hits well vs Wacha (SP): 77% (+2.5 pts, very small sample 0AB) | 🧤 Poor framing catcher (-9.1 runs) — batter-friendly zone (+2 pts)",– (9.0fp),,,
63,J. Caglianone,KC,HOU,Hunter Brown,8:10 PM ET,29.7,61%,vs 0.5 line,—,—,—,📊 Strong hits probability (61% consensus over) | 📈 RotoWire projects 0.86 hits vs 0.5 line (+edge) | 💪 Power edge: 1.57 TB projected vs 0.5 line | 🎯 Elite contact vs FF: wOBA 0.398 on primary pitch type (+4 pts) | ⚾ vs Brown (SP): 33% hit rate | ⚾ vs Brown (SP): 33% hit rate (career fade skipped: ≤20 AB sample) | ⚠️ K-Warning: 26% K rate vs Brown (9.9 K/9) (-5 pts) | ⚠️ Elevated K% (26%) | 🎯 SHARP HIT: Pwr 88 + PM 1.048 (sweet zone) — 5-slate: 100% (14/14) | 📊 wRC+ vs RHP: 125 (+1.5 hit pts) | 📊 AVG vs RHP: 0.281 (+1.5 hit pts),– (9.8fp),,,
64,H. Goodman,COL,SD,Walker Buehler,8:40 PM ET,29.3,66%,vs 1.5 line,—,—,—,✅ High-consensus over: 66% of books project hit (+8 pts) | 📈 RotoWire projects 1.10 hits vs 0.5 line (+edge) | 💪 Power edge: 2.25 TB projected vs 1.5 line | 📊 Good contact vs FC: wOBA 0.390 on primary pitch type (+2 pts) | ⚾ vs Buehler (SP): 48% hit rate | ⚠️ Short-start alert: form less predictive vs. bullpen-heavy game (×0.97) | 💪 Same-side + elite power (R vs R) — HR advantage | ⚠️ High-K profile (32%) — significant contact risk | 🌡️ Strong game environment (Env 1.577) — already reflected in HS baseline | 🎯 SHARP HIT: PM 1.067 + PA 4.5 — strong PM+PA contact combo,🥈 T2 (12.4fp),,,
65,K. Schwarber,PHI,WSH,Jackson Kent,6:45 PM ET,28.7,62%,vs 1.5 line,—,—,—,📊 Strong hits probability (62% consensus over) | 📈 RotoWire projects 1.11 hits vs 0.5 line (+edge) | 💪 Power edge: 2.62 TB projected vs 1.5 line | ⚾ vs Kent (SP): 49% hit rate | ⚠️ Short-start alert: form less predictive vs. bullpen-heavy game (×0.97) | ⚠️ High-K profile (33%) — significant contact risk | 🎯 SHARP HIT: PM 1.079 + PA 4.7 — strong PM+PA contact combo | 📊 wRC+ vs RHP: 131 (+1.5 hit pts),🥈 T2 (11.6fp),,,
66,M. Yastrzemski,ATL,CHC,Kevin Gausman,7:40 PM ET,27.8,50%,—,—,60%,—,📈 RotoWire projects 0.83 hits vs 0.5 line (+edge) | 📊 Contact-favorable matchup: PM 0.988 (low PM = 1.13x hit rate) | ⚾ vs Gausman (SP): 69% hit rate | 📈 Strong last 5: 60% hit rate (+3 pts) | 📉 Mild regression risk: last-5 (60%) ahead of season (48%) | ⚠️ K-Risk: 24% K rate vs Gausman (9.9 K/9) (-3 pts) | 🧤 Poor framing catcher (-8.4 runs) — batter-friendly zone (+2 pts),– (8.5fp),,,
67,Joshua Baez,STL,SF,Blade Tidwell,7:45 PM ET,26.8,56%,vs 0.5 line,63%,—,—,📊 Solid hit rate: 63% | 📈 RotoWire projects 1.03 hits vs 0.5 line (+edge) | 💪 Power edge: 1.72 TB projected vs 0.5 line | ⚾ vs Tidwell (SP): 50% hit rate | ⚠️ Short-start alert: form less predictive vs. bullpen-heavy game (×0.97) | 💪 Same-side + elite power (R vs R) — HR advantage | ⚠️ High-K profile (32%) — significant contact risk | 📉 Quality trend down (form 0.71x) (-4.0 pts) | 🧤 Elite framing catcher (+10.2 runs) — tight zone (-2 pts) | 📊 wRC+ vs RHP: 121 (+1.5 hit pts),– (8.8fp),,,
68,Jordan Walker,STL,SF,Blade Tidwell,7:45 PM ET,26.1,66%,vs 1.5 line,—,—,—,✅ High-consensus over: 66% of books project hit (+8 pts) | 📈 RotoWire projects 1.06 hits vs 0.5 line (+edge) | 📊 Contact-favorable matchup: PM 0.907 (low PM = 1.13x hit rate) | 💪 Power edge: 1.87 TB projected vs 1.5 line | 📊 Hard contact vs pitcher: 36% HH% (+2 pts) | ⚾ vs Tidwell (SP): 69% hit rate | 📉 Negative momentum | ⚠️ Short-start alert: form less predictive vs. bullpen-heavy game (×0.97) | 💪 Same-side + elite power (R vs R) — HR advantage | ⚠️ Elevated K% (25%) | 📉 Quality trend down (form 0.70x) (-4.0 pts) | 🧤 Elite framing catcher (+10.2 runs) — tight zone (-2 pts) | 📊 wRC+ vs RHP: 126 (+1.5 hit pts) | 📊 AVG vs RHP: 0.281 (+1.5 hit pts),– (9.5fp),,,
69,Ryan Jeffers,MIN,NYY,Max Fried,7:40 PM ET,25.8,59%,—,—,—,—,📈 RotoWire projects 0.97 hits vs 0.5 line (+edge) | ⚾ vs Fried (SP): 28% hit rate | ⚾ vs Fried (SP): 28% hit rate (career fade skipped: ≤20 AB sample) | 📉 Negative momentum | 💪 Same-side + elite power (R vs R) — HR advantage | 🎯 SHARP HIT: Pwr 83 + PM 1.036 (sweet zone) — 5-slate: 100% (14/14) | 📊 wRC+ vs RHP: 136 (+1.5 hit pts),🥇 T1 (9.1fp),,,
70,Zack Gelof,ATH,TB,Griffin Jax,6:40 PM ET,25.7,54%,—,57%,—,—,📊 Solid hit rate: 57% | 📈 RotoWire projects 0.74 hits vs 0.5 line (+edge) | ⬇️ Below power line: 1.27 TB vs 1.5 | 📊 Good contact vs SI: wOBA 0.370 on primary pitch type (+2 pts) | ⚾ vs Jax (SP): 67% hit rate | ⚠️ Short-start alert: form less predictive vs. bullpen-heavy game (×0.97) | ⚠️ K-Warning: 25% K rate vs Jax (9.9 K/9) (-5 pts) | 💪 Same-side + elite power (R vs R) — HR advantage | ⚠️ Elevated K% (25%) | 🎯 SHARP HIT: Pwr 82 + PM 1.025 (sweet zone) — 5-slate: 100% (14/14),– (7.9fp),,,
71,Josh Bell,MIN,NYY,Max Fried,7:40 PM ET,25.6,59%,—,—,—,—,📈 RotoWire projects 0.86 hits vs 0.5 line (+edge) | ⬇️ Below power line: 1.38 TB vs 1.5 | ⚾ vs Fried (SP): 63% hit rate | 🎯 SHARP HIT: Pwr 79 + PM 1.017 (sweet zone) — 5-slate: 100% (14/14),– (7.9fp),,,
72,M. Harris,ATL,CHC,Kevin Gausman,7:40 PM ET,25.1,55%,vs 1.5 line,—,60%,—,📉 RotoWire projects only 1.11 hits vs 1.5 line | 💪 Power edge: 1.74 TB projected vs 1.5 line | 📊 Hard contact vs pitcher: 33% HH% (+2 pts) | 📊 Good contact vs FF: wOBA 0.379 on primary pitch type (+2 pts) | ⚾ vs Gausman (SP): 20% hit rate | ⚾ vs Gausman (SP): 20% hit rate (career fade skipped: ≤20 AB sample) | 📈 Strong last 5: 60% hit rate (+3 pts) | 📉 Mild regression risk: last-5 (60%) ahead of season (30%) | 🧤 Poor framing catcher (-8.4 runs) — batter-friendly zone (+2 pts) | 🎯 SHARP HIT: Pwr 85 + PM 1.053 (sweet zone) — 5-slate: 100% (14/14) | 📊 AVG vs RHP: 0.292 (+1.5 hit pts) | 📊 Road AVG: 0.292 (+1 hit pt),– (10.1fp),,,
73,Eugenio Suárez,CIN,LAD,Yoshinobu Yamamoto,6:40 PM ET,25.1,53%,—,64%,60%,—,📊 Solid hit rate: 64% | 📈 RotoWire projects 0.76 hits vs 0.5 line (+edge) | 🎯 Elite contact vs FF: wOBA 0.410 on primary pitch type (+4 pts) | ⚾ vs Yamamoto (SP): 44% hit rate | 📈 Strong last 5: 60% hit rate (+3 pts) | ⚡ K-Danger: 34% K rate vs elite K pitcher Yamamoto (13.5 K/9) (-12 pts) | ⚠️ Same-side disadvantage (R vs R) -3 pts | ⚠️ High-K profile (34%) — significant contact risk | 📈 Quality trend up (form 1.07x) (+1.4 pts) | 🌡️ Strong game environment (Env 1.161) — already reflected in HS baseline | 🎯 SHARP HIT: Pwr 80 + PM 1.008 (sweet zone) — 5-slate: 100% (14/14),🥈 T2 (8.8fp),,,
74,Jared Young,NYM,BAL,Shane Baz,7:10 PM ET,23.5,59%,vs 0.5 line,—,—,—,📈 RotoWire projects 0.89 hits vs 0.5 line (+edge) | 💪 Power edge: 1.89 TB projected vs 0.5 line | 🧤 Elite framing catcher (+9.1 runs) — tight zone (-2 pts) | 🎯 SHARP HIT: Pwr 81 + PM 1.009 (sweet zone) — 5-slate: 100% (14/14),– (9.5fp),,,
75,Sal Frelick,MIL,PIT,Lake Bachar,6:40 PM ET,21.9,62%,—,—,—,—,📊 Strong hits probability (62% consensus over) | 📈 RotoWire projects 1.04 hits vs 0.5 line (+edge) | 📊 Contact-favorable matchup: PM 0.955 (low PM = 1.13x hit rate) | ⚾ vs Bachar (SP): 67% hit rate | ⚠️ Short-start alert: form less predictive vs. bullpen-heavy game (×0.97) | ⚠️ wRC+ vs RHP: 72 (-2 hit pts — struggles vs this hand),– (8.6fp),,,
76,F. Tatis,SD,COL,Kyle Freeland,8:40 PM ET,21.5,47%,vs 1.5 line,—,60%,—,"💪 Power edge: 2.58 TB projected vs 1.5 line | 📊 Good contact vs FF: wOBA 0.365 on primary pitch type (+2 pts) | ⚾ vs Freeland (SP): 33% hit rate | ⚾ vs Freeland (SP): 33% hit rate (career fade skipped: ≤20 AB sample) | 📈 Strong last 5: 60% hit rate (+3 pts) | 📉 Mild regression risk: last-5 (60%) ahead of season (30%) | ⚠️ Short-start alert: form less predictive vs. bullpen-heavy game (×0.97) | 💪 Same-side + elite power (R vs R) — HR advantage | 📈 Quality trend up (form 1.12x) (+2.4 pts) | 🌡️ Strong game environment (Env 1.577) — already reflected in HS baseline | 🎯 SHARP HIT: PM 1.065 + PA 4.8 — strong PM+PA contact combo | 📊 wRC+ vs RHP: 127 (+1.5 hit pts) | 📊 AVG vs RHP: 0.289 (+1.5 hit pts) | 📊 Road AVG: 0.289 (+1 hit pt) | 💰 DFF CROSS-CHECK (TIER1): DailyFantasyFuel's #1-ranked batter on this team today (FPTS 16.3, slate rank #26) - independent same-day agreement, unvalidated, small bonus only.",🥇 T1 (16.3fp),,,
77,J. Chourio,MIL,PIT,Lake Bachar,6:40 PM ET,18.6,34%,vs 1.5 line,—,60%,—,⚠️ Weak hits probability (34% consensus over) | 💪 Power edge: 2.53 TB projected vs 1.5 line | 🎯 Elite contact vs FF: wOBA 0.435 on primary pitch type (+4 pts) | ⚾ vs Bachar (SP): 25% hit rate | ⚾ vs Bachar (SP): 25% hit rate (career fade skipped: ≤20 AB sample) | 📈 Strong last 5: 60% hit rate (+3 pts) | 📉 Mild regression risk: last-5 (60%) ahead of season (30%) | ⚠️ Short-start alert: form less predictive vs. bullpen-heavy game (×0.97) | 💪 Same-side + elite power (R vs R) — HR advantage | 📈 Quality trend up (form 1.12x) (+2.4 pts) | 🎯 SHARP HIT: Pwr 85 + PM 1.048 (sweet zone) — 5-slate: 100% (14/14) | 📊 wRC+ vs RHP: 129 (+1.5 hit pts) | 📊 AVG vs RHP: 0.292 (+1.5 hit pts) | 📊 Road AVG: 0.292 (+1 hit pt),🥇 T1 (11.7fp),,,
78,C. Walker,HOU,KC,Michael Wacha,8:10 PM ET,18.5,58%,—,—,20%,—,📈 RotoWire projects 0.89 hits vs 0.5 line (+edge) | 📊 Hard contact vs pitcher: 36% HH% (+2 pts) | ⚾ vs Wacha (SP): 57% hit rate | ❄️ Ice cold last 5: 20% | 📉 Negative momentum | 📉 Negative momentum | 💪 Same-side + elite power (R vs R) — HR advantage | 🧤 Poor framing catcher (-9.1 runs) — batter-friendly zone (+2 pts) | 🎯 SHARP HIT: Pwr 82 + PM 1.019 (sweet zone) — 5-slate: 100% (14/14),– (9.0fp),,,
79,Luis Garcia,NYY,MIN,Bailey Ober,7:40 PM ET,13.9,56%,vs 1.5 line,—,—,—,📉 RotoWire projects only 1.17 hits vs 1.5 line | 💪 Power edge: 2.02 TB projected vs 1.5 line | ⚾ vs Ober (SP): 29% hit rate | ⚾ vs Ober (SP): 29% hit rate (career fade skipped: ≤20 AB sample) | 📉 Mild regression risk: last-5 (40%) ahead of season (27%) | ⚠️ Short-start alert: form less predictive vs. bullpen-heavy game (×0.97) | 📊 wRC+ vs RHP: 132 (+1.5 hit pts) | 📊 AVG vs RHP: 0.287 (+1.5 hit pts) | 📊 Road AVG: 0.287 (+1 hit pt),– (10.2fp),,,
80,Y. Morales,WSH,PHI,Cristopher Sánchez,6:45 PM ET,13.4,57%,vs 0.5 line,—,—,—,📈 RotoWire projects 0.99 hits vs 0.5 line (+edge) | 💪 Power edge: 1.41 TB projected vs 0.5 line | ⚡ K-Danger: 30% K rate vs elite K pitcher Sánchez (11.7 K/9) (-12 pts) | 💪 Same-side + elite power (R vs R) — HR advantage | ⚠️ Elevated K% (30%) | 📉 Quality trend down (form 0.77x) (-4.0 pts) | 📊 wRC+ vs RHP: 136 (+1.5 hit pts) | 📊 AVG vs RHP: 0.296 (+1.5 hit pts) | 📊 Home AVG: 0.296 (+1 hit pt),– (8.2fp),,,
81,Luis Arraez,PHI,WSH,Jackson Kent,6:45 PM ET,13.0,35%,vs 1.5 line,—,—,—,⚠️ Weak hits probability (35% consensus over) | 📊 Contact-favorable matchup: PM 0.974 (low PM = 1.13x hit rate) | 💪 Power edge: 1.91 TB projected vs 1.5 line | ⚾ vs Kent (SP): 64% hit rate | ⚠️ Short-start alert: form less predictive vs. bullpen-heavy game (×0.97) | 🎯 AVG vs RHP: 0.313 (+3 hit pts — elite contact vs this hand) | 🏟️ Road AVG: 0.313 (+2 hit pts),– (8.9fp),,,
82,Mickey Moniak,COL,SD,Walker Buehler,8:40 PM ET,11.9,63%,vs 1.5 line,—,20%,—,📊 Strong hits probability (63% consensus over) | 📈 RotoWire projects 1.09 hits vs 0.5 line (+edge) | 💪 Power edge: 2.16 TB projected vs 1.5 line | ⚾ vs Buehler (SP): 58% hit rate | ❄️ Ice cold last 5: 20% | 📉 Negative momentum | 📉 Negative momentum | ⚠️ Short-start alert: form less predictive vs. bullpen-heavy game (×0.97) | ⚠️ Elevated K% (27%) | 🌡️ Strong game environment (Env 1.521) — already reflected in HS baseline | 🎯 SHARP HIT: Pwr 86 + PM 1.040 (sweet zone) — 5-slate: 100% (14/14),– (10.5fp),,,
83,Nolan Gorman,STL,SF,Blade Tidwell,7:45 PM ET,11.0,56%,vs 1.5 line,—,—,—,📈 RotoWire projects 0.90 hits vs 0.5 line (+edge) | 📊 Contact-favorable matchup: PM 0.995 (low PM = 1.13x hit rate) | 💪 Power edge: 1.72 TB projected vs 1.5 line | ⚾ vs Tidwell (SP): 47% hit rate | ⚠️ Short-start alert: form less predictive vs. bullpen-heavy game (×0.97) | ⚠️ High-K profile (33%) — significant contact risk | 🧤 Elite framing catcher (+10.2 runs) — tight zone (-2 pts) | ⚠️ wRC+ vs RHP: 60 (-2 hit pts — struggles vs this hand) | ⚠️ AVG vs RHP: 0.185 (-2 hit pts) | ⚠️ Home AVG: 0.185 (-1.5 hit pts),– (8.3fp),,,
84,V. Caratini,MIN,NYY,Max Fried,7:40 PM ET,11.0,N/A,—,—,—,—,📐 Stats-based estimate (no hits market data): L7=0.182 xwOBA=0.288 K%=19.6% HH%=36.5 PM=0.963 wRC+=81,– (6.6fp),,,
85,F. Freeman,LAD,CIN,Rhett Lowder,6:40 PM ET,7.9,57%,vs 1.5 line,15%,—,—,"❄️ Ice cold hitter: 15% weighted hit rate (-4 pts) | 💪 Power edge: 2.08 TB projected vs 1.5 line | ⚾ vs Lowder (SP): 38% hit rate | ⚠️ Short-start alert: form less predictive vs. bullpen-heavy game (×0.97) | 🌡️ Strong game environment (Env 1.201) — already reflected in HS baseline | 🎯 SHARP HIT: Pwr 78 + PM 1.021 (sweet zone) — 5-slate: 100% (14/14) | 📊 wRC+ vs RHP: 126 (+1.5 hit pts) | 📊 AVG vs RHP: 0.293 (+1.5 hit pts) | 📊 Road AVG: 0.293 (+1 hit pt) | 💰 DFF CROSS-CHECK (TIER2): DailyFantasyFuel's #2-ranked batter on this team today (FPTS 12.9, slate rank #11) - independent same-day agreement, unvalidated, smaller bonus only.",🥈 T2 (12.9fp),,,
86,JJ Bleday,CIN,LAD,Yoshinobu Yamamoto,6:40 PM ET,7.4,53%,—,—,—,—,📈 RotoWire projects 0.74 hits vs 0.5 line (+edge) | ⬇️ Below power line: 1.26 TB vs 1.5 | ⚾ vs Yamamoto (SP): 27% hit rate | ⚾ vs Yamamoto (SP): 27% hit rate (career fade skipped: ≤20 AB sample) | ⚡ K-Risk: 23% K rate vs elite K pitcher Yamamoto (13.5 K/9) (-8 pts) | 🌡️ Strong game environment (Env 1.201) — already reflected in HS baseline | 🎯 SHARP HIT: Pwr 83 + PM 1.021 (sweet zone) — 5-slate: 100% (14/14),– (8.1fp),,,
87,C. DeLauter,CLE,CWS,Chris Murphy,6:40 PM ET,7.0,33%,vs 1.5 line,—,20%,—,❄️ Cold: 25% WHR but FF contact edge (wOBA 0.433) softens penalty (-4 pts) | ⚠️ Weak hits probability (33% consensus over) | 📉 RotoWire projects only 0.99 hits vs 1.5 line | 💪 Power edge: 1.67 TB projected vs 1.5 line | 🎯 Elite contact vs FF: wOBA 0.433 on primary pitch type (+4 pts) | ⚾ vs Murphy (SP): 25% hit rate | ⚾ vs Murphy (SP): 25% hit rate (career fade skipped: ≤20 AB sample) | ❄️ Ice cold last 5: 20% | 📉 Negative momentum | ⚠️ Short-start alert: form less predictive vs. bullpen-heavy game (×0.97) | ⚡ Game environment boost (Env 1.108): 80.6% hit rate in sweet zone (+3 pts) | 🎯 SHARP HIT: Pwr 79 + PM 1.037 (sweet zone) — 5-slate: 100% (14/14) | 📊 wRC+ vs RHP: 130 (+1.5 hit pts) | 📊 AVG vs RHP: 0.289 (+1.5 hit pts) | 📊 Home AVG: 0.289 (+1 hit pt),– (10.4fp),,,
88,Alec Burleson,STL,SF,Blade Tidwell,7:45 PM ET,6.8,34%,vs 1.5 line,—,—,—,⚠️ Weak hits probability (34% consensus over) | 📉 RotoWire projects only 1.31 hits vs 1.5 line | 💪 Power edge: 2.10 TB projected vs 1.5 line | 📊 Hard contact vs pitcher: 33% HH% (+2 pts) | 📊 Elite qAB% vs pitcher: 67% — works counts well (+2 pts) | 📊 Good contact vs FF: wOBA 0.368 on primary pitch type (+2 pts) | ⚾ vs Tidwell (SP): 44% hit rate | ⚠️ Short-start alert: form less predictive vs. bullpen-heavy game (×0.97) | 🧤 Elite framing catcher (+10.2 runs) — tight zone (-2 pts) | 🎯 SHARP HIT: PM 1.066 + PA 4.5 — strong PM+PA contact combo | 📊 wRC+ vs RHP: 126 (+1.5 hit pts) | 📊 AVG vs RHP: 0.285 (+1.5 hit pts),🥈 T2 (10.7fp),,,
89,Mookie Betts,LAD,CIN,Rhett Lowder,6:40 PM ET,6.5,34%,vs 1.5 line,—,—,—,⚠️ Weak hits probability (34% consensus over) | 📉 RotoWire projects only 1.10 hits vs 1.5 line | 💪 Power edge: 1.68 TB projected vs 1.5 line | 📊 Good contact vs SI: wOBA 0.381 on primary pitch type (+2 pts) | ⚾ vs Lowder (SP): 28% hit rate | ⚾ vs Lowder (SP): 28% hit rate (career fade skipped: ≤20 AB sample) | 📉 Mild regression risk: last-5 (40%) ahead of season (24%) | ⚠️ Short-start alert: form less predictive vs. bullpen-heavy game (×0.97) | ⚠️ Same-side disadvantage (R vs R) -3 pts | 📈 Quality trend up (form 1.12x) (+2.4 pts) | 🌡️ Strong game environment (Env 1.161) — already reflected in HS baseline | 🎯 SHARP HIT: Pwr 80 + PM 1.021 (sweet zone) — 5-slate: 100% (14/14),– (11.8fp),,,
90,H. Feduccia,LAD,CIN,Rhett Lowder,6:40 PM ET,5.0,N/A,—,—,—,—,📐 Stats-based estimate (no hits market data): L7=0.143 xwOBA=0.303 K%=24.8% HH%=36.5 PM=0.989 wRC+=83,– (1.9fp),,,
91,P. Crow-Armstrong,CHC,ATL,Martín Pérez,7:40 PM ET,4.5,N/A,—,—,—,—,⚠️ Limited market signal (no hits or HR consensus over) | ⚠️ Short-start alert: form less predictive vs. bullpen-heavy game (×0.97) | ⚠️ Elevated K% (26%) | 📈 Quality trend up (form 1.12x) (+2.4 pts) | 🎯 SHARP HIT: PM 1.062 + PA 4.7 — strong PM+PA contact combo | 📊 wRC+ vs RHP: 156 (+3 hit pts — elite vs this hand) | 📊 AVG vs RHP: 0.281 (+1.5 hit pts),🥇 T1 (11.5fp),,,
92,Junior Caminero,TB,ATH,Jack Perkins,6:40 PM ET,4.0,34%,vs 1.5 line,—,—,—,❄️ Cold: 27% WHR but FF contact edge (wOBA 0.448) softens penalty (-4 pts) | ⚠️ Weak hits probability (34% consensus over) | 📉 RotoWire projects only 1.07 hits vs 1.5 line | 💪 Power edge: 2.10 TB projected vs 1.5 line | 🎯 Elite contact vs FF: wOBA 0.448 on primary pitch type (+4 pts) | ⚾ vs Perkins (SP): 33% hit rate | ⚾ vs Perkins (SP): 33% hit rate (career fade skipped: ≤20 AB sample) | 📉 Mild regression risk: last-5 (40%) ahead of season (29%) | ⚠️ Short-start alert: form less predictive vs. bullpen-heavy game (×0.97) | 💪 Same-side + elite power (R vs R) — HR advantage | 🎯 SHARP HIT: PM 1.080 + PA 4.5 — strong PM+PA contact combo | 📊 wRC+ vs RHP: 144 (+3 hit pts — elite vs this hand),🥇 T1 (12.3fp),,,
93,Mickey Gasper,BOS,TEX,Jacob deGrom,8:05 PM ET,3.0,N/A,—,—,—,—,⚠️ Limited market signal (no hits or HR consensus over) | 📈 Quality trend up (form 1.12x) (+2.4 pts) | ⚡ Game environment boost (Env 1.101): 80.6% hit rate in sweet zone (+3 pts) | 🎯 SHARP HIT: Pwr 79 + PM 1.002 (sweet zone) — 5-slate: 100% (14/14) | 📊 wRC+ vs RHP: 140 (+3 hit pts — elite vs this hand),– (0.0fp),,,
94,Manny Machado,SD,COL,Kyle Freeland,8:40 PM ET,1.7,40%,vs 1.5 line,17%,—,—,"❄️ Ice cold hitter: 17% weighted hit rate (-4 pts) | ⚠️ Weak hits probability (40% consensus over) | 📉 RotoWire projects only 1.27 hits vs 1.5 line | 💪 Power edge: 2.25 TB projected vs 1.5 line | 🎯 Elite contact vs FF: wOBA 0.430 on primary pitch type (+4 pts) | ⚾ vs Freeland (SP): 34% hit rate | ⚾ vs Freeland (SP): 34% hit rate (career fade skipped: ≤20 AB sample) | 📉 Mild regression risk: last-5 (40%) ahead of season (21%) | ⚠️ Short-start alert: form less predictive vs. bullpen-heavy game (×0.97) | 💪 Same-side + elite power (R vs R) — HR advantage | 📈 Quality trend up (form 1.08x) (+1.7 pts) | 🌡️ Strong game environment (Env 1.577) — already reflected in HS baseline | 🎯 SHARP HIT: Pwr 84 + PM 1.019 (sweet zone) — 5-slate: 100% (14/14) | 💰 DFF CROSS-CHECK (TIER2): DailyFantasyFuel's #2-ranked batter on this team today (FPTS 14.8, slate rank #12) - independent same-day agreement, unvalidated, smaller bonus only.",🥈 T2 (14.8fp),,,
95,Tristan Peters,CWS,CLE,Foster Griffin,6:40 PM ET,1.5,N/A,—,—,—,—,⚠️ Limited market signal (no hits or HR consensus over) | 📊 Contact-favorable matchup: PM 0.952 (low PM = 1.13x hit rate) | 📈 Quality trend up (form 1.10x) (+2.1 pts) | ⚡ Game environment boost (Env 1.108): 80.6% hit rate in sweet zone (+3 pts) | 📊 wRC+ vs RHP: 125 (+1.5 hit pts),– (6.2fp),,,
96,Tommy Edman,LAD,CIN,Rhett Lowder,6:40 PM ET,1.0,45%,—,13%,—,—,❄️ Ice cold hitter: 13% weighted hit rate (-4 pts) | 📉 RotoWire projects only 1.02 hits vs 1.5 line | 📊 Contact-favorable matchup: PM 0.984 (low PM = 1.13x hit rate) | ⚾ vs Lowder (SP): 18% hit rate | ⚾ vs Lowder (SP): 18% hit rate (career fade skipped: ≤20 AB sample) | ⚠️ Short-start alert: form less predictive vs. bullpen-heavy game (×0.97) | 🌡️ Strong game environment (Env 1.161) — already reflected in HS baseline,– (11.1fp),,,
97,Josh Lowe,LAA,SEA,Logan Gilbert,9:38 PM ET,N/A,47%,—,26%,20%,—,❄️ Cold: 26% weighted hit rate (-7 pts) | 📈 RotoWire projects 0.74 hits vs 0.5 line (+edge) | 📊 Contact-favorable matchup: PM 0.991 (low PM = 1.13x hit rate) | ⬇️ Below power line: 1.32 TB vs 1.5 | ⚾ vs Gilbert (SP): 63% hit rate | ❄️ Ice cold last 5: 20% | 📉 Negative momentum | ⚡ K-Danger: 29% K rate vs elite K pitcher Gilbert (11.7 K/9) (-12 pts) | ⚠️ Elevated K% (29%) | ⚠️ wRC+ vs RHP: 74 (-2 hit pts — struggles vs this hand) | ⚠️ AVG vs RHP: 0.205 (-2 hit pts) | ⚠️ Home AVG: 0.205 (-1.5 hit pts),– (8.5fp),,,
