first_name,last_name,Name,position,injury_status,game_date,slate,team,opp,confirmed_order,starting_pitcher,hand,spread,over_under,implied_team_score,salary,L5_fppg_avg,L10_fppg_avg,szn_fppg_avg,ppg_projection,value_projection,Last Refresh,,,,,,,,,,,,,,,,,,,,,,,,,,,,,,,,,,,,,,,,,,,,,,,,,,,,,,,,,,,,,,,,,,,,,,,,,,,,,,,,,,,,,,,,,,,,,,,,,,,,,,,,,,,,,,,,,,,,,2026-08-13T15:14:51
Tyler,Glasnow,Tyler Glasnow,P,,2026-09-18T00:00:00,All Day,LAD,SF,,YES,R,-1.5,8,5.1,10200,26.0,35.4,35.3,37.29,3.66,2026-09-18T17:03:02,,,,,,,,,,,,,,,,,,,,,,,,,,,,,,,,,,,,,,,,,,,,,,,,,,,,,,,,,,,,,,,,,,,,,,,,,,,,,,,,,,,,,,,,,,,,,,,,,,,,,,,,,,,,,,,,,,,,,
Paul,Skenes,Paul Skenes,P,,2026-09-18T00:00:00,All Day,PIT,KC,,YES,R,-1.5,8.5,4.8,8700,24.6,27.5,31.5,36.56,4.20,,,,,,,,,,,,,,,,,,,,,,,,,,,,,,,,,,,,,,,,,,,,,,,,,,,,,,,,,,,,,,,,,,,,,,,,,,,,,,,,,,,,,,,,,,,,,,,,,,,,,,,,,,,,,,,,,,,,,,
Dylan,Cease,Dylan Cease,P,,2026-09-18T00:00:00,All Day,TOR,TEX,,YES,R,-1.5,7.5,4,10700,41.2,44.8,42.9,36.38,3.40,,,,,,,,,,,,,,,,,,,,,,,,,,,,,,,,,,,,,,,,,,,,,,,,,,,,,,,,,,,,,,,,,,,,,,,,,,,,,,,,,,,,,,,,,,,,,,,,,,,,,,,,,,,,,,,,,,,,,,
Ian,Seymour,Ian Seymour,P,,2026-09-18T00:00:00,All Day,TB,BOS,,YES,L,-1.5,7,3.7,9500,29.8,34.9,16.4,30.05,3.16,,,,,,,,,,,,,,,,,,,,,,,,,,,,,,,,,,,,,,,,,,,,,,,,,,,,,,,,,,,,,,,,,,,,,,,,,,,,,,,,,,,,,,,,,,,,,,,,,,,,,,,,,,,,,,,,,,,,,,
Connor,Prielipp,Connor Prielipp,P,,2026-09-18T00:00:00,All Day,MIN,LAA,,YES,L,-1.5,8,4,8100,23.2,23.3,24.3,28.42,3.51,,,,,,,,,,,,,,,,,,,,,,,,,,,,,,,,,,,,,,,,,,,,,,,,,,,,,,,,,,,,,,,,,,,,,,,,,,,,,,,,,,,,,,,,,,,,,,,,,,,,,,,,,,,,,,,,,,,,,,
Bryan,Woo,Bryan Woo,P,,2026-09-18T00:00:00,All Day,SEA,COL,,YES,R,-1.5,10.5,6,9100,39.2,34.8,32.2,28.24,3.10,,,,,,,,,,,,,,,,,,,,,,,,,,,,,,,,,,,,,,,,,,,,,,,,,,,,,,,,,,,,,,,,,,,,,,,,,,,,,,,,,,,,,,,,,,,,,,,,,,,,,,,,,,,,,,,,,,,,,,
Nick,Pivetta,Nick Pivetta,P,,2026-09-18T00:00:00,All Day,SD,MIA,,YES,R,-1.5,7.5,4.4,8300,29.4,27.8,25.0,27.51,3.31,,,,,,,,,,,,,,,,,,,,,,,,,,,,,,,,,,,,,,,,,,,,,,,,,,,,,,,,,,,,,,,,,,,,,,,,,,,,,,,,,,,,,,,,,,,,,,,,,,,,,,,,,,,,,,,,,,,,,,
Cade,Cavalli,Cade Cavalli,P,,2026-09-18T00:00:00,All Day,WAS,STL,,YES,R,-1.5,7.5,3.8,10300,44.6,43.8,33.8,27.37,2.66,,,,,,,,,,,,,,,,,,,,,,,,,,,,,,,,,,,,,,,,,,,,,,,,,,,,,,,,,,,,,,,,,,,,,,,,,,,,,,,,,,,,,,,,,,,,,,,,,,,,,,,,,,,,,,,,,,,,,,
Dustin,May,Dustin May,P,,2026-09-18T00:00:00,All Day,MIL,BAL,,YES,R,-1.5,8.5,4.6,8400,13.6,23.0,25.0,26.25,3.12,,,,,,,,,,,,,,,,,,,,,,,,,,,,,,,,,,,,,,,,,,,,,,,,,,,,,,,,,,,,,,,,,,,,,,,,,,,,,,,,,,,,,,,,,,,,,,,,,,,,,,,,,,,,,,,,,,,,,,
Clay,Holmes,Clay Holmes,P,,2026-09-18T00:00:00,All Day,CHC,CIN,,YES,R,-1.5,8.5,4.6,8800,26.4,27.3,29.1,25.88,2.94,,,,,,,,,,,,,,,,,,,,,,,,,,,,,,,,,,,,,,,,,,,,,,,,,,,,,,,,,,,,,,,,,,,,,,,,,,,,,,,,,,,,,,,,,,,,,,,,,,,,,,,,,,,,,,,,,,,,,,
Joey,Cantillo,Joey Cantillo,P,,2026-09-18T00:00:00,All Day,CLE,OAK,,YES,L,-1.5,8.5,5,8200,21.4,23.0,26.3,24.44,2.98,,,,,,,,,,,,,,,,,,,,,,,,,,,,,,,,,,,,,,,,,,,,,,,,,,,,,,,,,,,,,,,,,,,,,,,,,,,,,,,,,,,,,,,,,,,,,,,,,,,,,,,,,,,,,,,,,,,,,,
Tyler,Mahle,Tyler Mahle,P,,2026-09-18T00:00:00,All Day,ATL,HOU,,YES,R,-1.5,8,4.1,9300,34.6,35.2,27.5,24.25,2.61,,,,,,,,,,,,,,,,,,,,,,,,,,,,,,,,,,,,,,,,,,,,,,,,,,,,,,,,,,,,,,,,,,,,,,,,,,,,,,,,,,,,,,,,,,,,,,,,,,,,,,,,,,,,,,,,,,,,,,
Peter,Lambert,Peter Lambert,P,,2026-09-18T00:00:00,All Day,HOU,ATL,,YES,R,+1.5,8,3.9,8500,20.8,23.6,29.5,24.25,2.85,,,,,,,,,,,,,,,,,,,,,,,,,,,,,,,,,,,,,,,,,,,,,,,,,,,,,,,,,,,,,,,,,,,,,,,,,,,,,,,,,,,,,,,,,,,,,,,,,,,,,,,,,,,,,,,,,,,,,,
Ranger,Suarez,Ranger Suarez,P,,2026-09-18T00:00:00,All Day,BOS,TB,,YES,L,+1.5,7,3.3,8600,27.8,22.1,28.0,24.25,2.82,,,,,,,,,,,,,,,,,,,,,,,,,,,,,,,,,,,,,,,,,,,,,,,,,,,,,,,,,,,,,,,,,,,,,,,,,,,,,,,,,,,,,,,,,,,,,,,,,,,,,,,,,,,,,,,,,,,,,,
Gerrit,Cole,Gerrit Cole,P,,2026-09-18T00:00:00,All Day,NYY,ARI,,YES,R,-1.5,8,4.1,9900,26.6,35.2,32.4,23.71,2.40,,,,,,,,,,,,,,,,,,,,,,,,,,,,,,,,,,,,,,,,,,,,,,,,,,,,,,,,,,,,,,,,,,,,,,,,,,,,,,,,,,,,,,,,,,,,,,,,,,,,,,,,,,,,,,,,,,,,,,
David,Sandlin,David Sandlin,P,,2026-09-18T00:00:00,All Day,CWS,DET,,YES,R,-1.5,8.5,4.5,7500,20.8,23.5,23.5,22.26,2.97,,,,,,,,,,,,,,,,,,,,,,,,,,,,,,,,,,,,,,,,,,,,,,,,,,,,,,,,,,,,,,,,,,,,,,,,,,,,,,,,,,,,,,,,,,,,,,,,,,,,,,,,,,,,,,,,,,,,,,
Grayson,Rodriguez,Grayson Rodriguez,P,,2026-09-18T00:00:00,All Day,LAA,MIN,,YES,R,+1.5,8,4,7800,26.0,24.5,19.6,22.08,2.83,,,,,,,,,,,,,,,,,,,,,,,,,,,,,,,,,,,,,,,,,,,,,,,,,,,,,,,,,,,,,,,,,,,,,,,,,,,,,,,,,,,,,,,,,,,,,,,,,,,,,,,,,,,,,,,,,,,,,,
Eduardo,Rodriguez,Eduardo Rodriguez,P,,2026-09-18T00:00:00,All Day,ARI,NYY,,YES,L,+1.5,8,3.9,9300,35.8,35.6,31.5,21.90,2.35,,,,,,,,,,,,,,,,,,,,,,,,,,,,,,,,,,,,,,,,,,,,,,,,,,,,,,,,,,,,,,,,,,,,,,,,,,,,,,,,,,,,,,,,,,,,,,,,,,,,,,,,,,,,,,,,,,,,,,
Andrew,Sears,Andrew Sears,P,,2026-09-18T00:00:00,All Day,DET,CWS,,YES,L,+1.5,8.5,4.1,6900,14.8,14.8,14.8,21.54,3.12,,,,,,,,,,,,,,,,,,,,,,,,,,,,,,,,,,,,,,,,,,,,,,,,,,,,,,,,,,,,,,,,,,,,,,,,,,,,,,,,,,,,,,,,,,,,,,,,,,,,,,,,,,,,,,,,,,,,,,
Kumar,Rocker,Kumar Rocker,P,,2026-09-18T00:00:00,All Day,TEX,TOR,,YES,R,+1.5,7.5,3.5,7600,23.2,25.0,23.4,19.73,2.60,,,,,,,,,,,,,,,,,,,,,,,,,,,,,,,,,,,,,,,,,,,,,,,,,,,,,,,,,,,,,,,,,,,,,,,,,,,,,,,,,,,,,,,,,,,,,,,,,,,,,,,,,,,,,,,,,,,,,,
Mason,Barnett,Mason Barnett,P,,2026-09-18T00:00:00,All Day,OAK,CLE,,YES,R,+1.5,8.5,3.5,6100,9.2,4.5,8.1,19.55,3.20,,,,,,,,,,,,,,,,,,,,,,,,,,,,,,,,,,,,,,,,,,,,,,,,,,,,,,,,,,,,,,,,,,,,,,,,,,,,,,,,,,,,,,,,,,,,,,,,,,,,,,,,,,,,,,,,,,,,,,
Randy,Dobnak,Randy Dobnak,P,,2026-09-18T00:00:00,All Day,KC,PIT,,YES,R,+1.5,8.5,3.7,7700,24.8,26.2,24.3,19.37,2.52,,,,,,,,,,,,,,,,,,,,,,,,,,,,,,,,,,,,,,,,,,,,,,,,,,,,,,,,,,,,,,,,,,,,,,,,,,,,,,,,,,,,,,,,,,,,,,,,,,,,,,,,,,,,,,,,,,,,,,
Zac,Thornton,Zac Thornton,P,,2026-09-18T00:00:00,All Day,NYM,PHI,,YES,L,-1.5,8.5,4.3,8200,26.8,26.3,27.2,19.19,2.34,,,,,,,,,,,,,,,,,,,,,,,,,,,,,,,,,,,,,,,,,,,,,,,,,,,,,,,,,,,,,,,,,,,,,,,,,,,,,,,,,,,,,,,,,,,,,,,,,,,,,,,,,,,,,,,,,,,,,,
Tyler,Phillips,Tyler Phillips,P,,2026-09-18T00:00:00,All Day,MIA,SD,,YES,R,+1.5,7.5,3.1,7300,22.4,21.6,15.5,18.82,2.58,,,,,,,,,,,,,,,,,,,,,,,,,,,,,,,,,,,,,,,,,,,,,,,,,,,,,,,,,,,,,,,,,,,,,,,,,,,,,,,,,,,,,,,,,,,,,,,,,,,,,,,,,,,,,,,,,,,,,,
Cooper,Hjerpe,Cooper Hjerpe,P,,2026-09-18T00:00:00,All Day,STL,WAS,,YES,L,+1.5,7.5,3.8,5500,18.0,18.0,18.0,18.46,3.36,,,,,,,,,,,,,,,,,,,,,,,,,,,,,,,,,,,,,,,,,,,,,,,,,,,,,,,,,,,,,,,,,,,,,,,,,,,,,,,,,,,,,,,,,,,,,,,,,,,,,,,,,,,,,,,,,,,,,,
Cesar,Perdomo,Cesar Perdomo,P,,2026-09-18T00:00:00,All Day,SF,LAD,,YES,L,+1.5,8,2.9,7200,21.0,21.0,21.0,17.92,2.49,,,,,,,,,,,,,,,,,,,,,,,,,,,,,,,,,,,,,,,,,,,,,,,,,,,,,,,,,,,,,,,,,,,,,,,,,,,,,,,,,,,,,,,,,,,,,,,,,,,,,,,,,,,,,,,,,,,,,,
Gabriel,Hughes,Gabriel Hughes,P,,2026-09-18T00:00:00,All Day,COL,SEA,,YES,R,+1.5,10.5,4.5,6500,14.8,13.2,15.9,17.67,2.72,,,,,,,,,,,,,,,,,,,,,,,,,,,,,,,,,,,,,,,,,,,,,,,,,,,,,,,,,,,,,,,,,,,,,,,,,,,,,,,,,,,,,,,,,,,,,,,,,,,,,,,,,,,,,,,,,,,,,,
Cade,Povich,Cade Povich,P,,2026-09-18T00:00:00,All Day,BAL,MIL,,YES,L,+1.5,8.5,3.9,8000,18.2,21.4,21.4,16.47,2.06,,,,,,,,,,,,,,,,,,,,,,,,,,,,,,,,,,,,,,,,,,,,,,,,,,,,,,,,,,,,,,,,,,,,,,,,,,,,,,,,,,,,,,,,,,,,,,,,,,,,,,,,,,,,,,,,,,,,,,
Julian,Aguiar,Julian Aguiar,P,,2026-09-18T00:00:00,All Day,CIN,CHC,,YES,R,+1.5,8.5,3.9,6000,12.0,15.1,,15.49,2.58,,,,,,,,,,,,,,,,,,,,,,,,,,,,,,,,,,,,,,,,,,,,,,,,,,,,,,,,,,,,,,,,,,,,,,,,,,,,,,,,,,,,,,,,,,,,,,,,,,,,,,,,,,,,,,,,,,,,,,
Randy,Arozarena,Randy Arozarena,OF,,2026-09-18T00:00:00,All Day,SEA,COL,1900-01-02T00:00:00,,R,-1.5,10.5,6,4000,23.9,16.9,12.1,14.06,3.52,,,,,,,,,,,,,,,,,,,,,,,,,,,,,,,,,,,,,,,,,,,,,,,,,,,,,,,,,,,,,,,,,,,,,,,,,,,,,,,,,,,,,,,,,,,,,,,,,,,,,,,,,,,,,,,,,,,,,,
Pete,Crow-Armstrong,Pete Crow-Armstrong,OF,,2026-09-18T00:00:00,All Day,CHC,CIN,1900-01-01T00:00:00,,L,-1.5,8.5,4.6,4100,20.7,20.0,14.8,14.02,3.42,,,,,,,,,,,,,,,,,,,,,,,,,,,,,,,,,,,,,,,,,,,,,,,,,,,,,,,,,,,,,,,,,,,,,,,,,,,,,,,,,,,,,,,,,,,,,,,,,,,,,,,,,,,,,,,,,,,,,,
Jackson,Chourio,Jackson Chourio,OF,,2026-09-18T00:00:00,All Day,MIL,BAL,1900-01-01T00:00:00,,R,-1.5,8.5,4.6,3400,4.9,15.9,12.4,13.67,4.02,,,,,,,,,,,,,,,,,,,,,,,,,,,,,,,,,,,,,,,,,,,,,,,,,,,,,,,,,,,,,,,,,,,,,,,,,,,,,,,,,,,,,,,,,,,,,,,,,,,,,,,,,,,,,,,,,,,,,,
Juan,Soto,Juan Soto,OF,,2026-09-18T00:00:00,All Day,NYM,PHI,1900-01-02T00:00:00,,L,-1.5,8.5,4.3,3900,6.7,12.1,12.1,13.55,3.47,,,,,,,,,,,,,,,,,,,,,,,,,,,,,,,,,,,,,,,,,,,,,,,,,,,,,,,,,,,,,,,,,,,,,,,,,,,,,,,,,,,,,,,,,,,,,,,,,,,,,,,,,,,,,,,,,,,,,,
Aaron,Judge,Aaron Judge,OF,DTD,2026-09-18T00:00:00,All Day,NYY,ARI,1900-01-03T00:00:00,,R,-1.5,8,4.1,3900,6.3,7.3,12.4,13.42,3.44,,,,,,,,,,,,,,,,,,,,,,,,,,,,,,,,,,,,,,,,,,,,,,,,,,,,,,,,,,,,,,,,,,,,,,,,,,,,,,,,,,,,,,,,,,,,,,,,,,,,,,,,,,,,,,,,,,,,,,
Cal,Raleigh,Cal Raleigh,C,,2026-09-18T00:00:00,All Day,SEA,COL,1900-01-04T00:00:00,,S,-1.5,10.5,6,3700,13.4,10.4,9.1,13.26,3.58,,,,,,,,,,,,,,,,,,,,,,,,,,,,,,,,,,,,,,,,,,,,,,,,,,,,,,,,,,,,,,,,,,,,,,,,,,,,,,,,,,,,,,,,,,,,,,,,,,,,,,,,,,,,,,,,,,,,,,
Josh,Naylor,Josh Naylor,1B,,2026-09-18T00:00:00,All Day,SEA,COL,1900-01-06T00:00:00,,L,-1.5,10.5,6,3400,13.0,9.9,9.1,13.13,3.86,,,,,,,,,,,,,,,,,,,,,,,,,,,,,,,,,,,,,,,,,,,,,,,,,,,,,,,,,,,,,,,,,,,,,,,,,,,,,,,,,,,,,,,,,,,,,,,,,,,,,,,,,,,,,,,,,,,,,,
Brice,Turang,Brice Turang,2B,,2026-09-18T00:00:00,All Day,MIL,BAL,1900-01-02T00:00:00,,L,-1.5,8.5,4.6,3600,16.0,19.7,12.3,13.06,3.63,,,,,,,,,,,,,,,,,,,,,,,,,,,,,,,,,,,,,,,,,,,,,,,,,,,,,,,,,,,,,,,,,,,,,,,,,,,,,,,,,,,,,,,,,,,,,,,,,,,,,,,,,,,,,,,,,,,,,,
Ronald,Acuna Jr.,Ronald Acuna Jr,OF,,2026-09-18T00:00:00,All Day,ATL,HOU,1900-01-02T00:00:00,,R,-1.5,8,4.1,3700,16.2,10.2,11.6,12.90,3.49,,,,,,,,,,,,,,,,,,,,,,,,,,,,,,,,,,,,,,,,,,,,,,,,,,,,,,,,,,,,,,,,,,,,,,,,,,,,,,,,,,,,,,,,,,,,,,,,,,,,,,,,,,,,,,,,,,,,,,
Pete,Alonso,Pete Alonso,1B,,2026-09-18T00:00:00,All Day,BAL,MIL,1900-01-02T00:00:00,,R,+1.5,8.5,3.9,3600,16.2,13.7,11.8,12.81,3.56,,,,,,,,,,,,,,,,,,,,,,,,,,,,,,,,,,,,,,,,,,,,,,,,,,,,,,,,,,,,,,,,,,,,,,,,,,,,,,,,,,,,,,,,,,,,,,,,,,,,,,,,,,,,,,,,,,,,,,
Julio,Rodriguez,Julio Rodriguez,OF,,2026-09-18T00:00:00,All Day,SEA,COL,1900-01-05T00:00:00,,R,-1.5,10.5,6,3800,12.2,10.5,9.9,12.77,3.36,,,,,,,,,,,,,,,,,,,,,,,,,,,,,,,,,,,,,,,,,,,,,,,,,,,,,,,,,,,,,,,,,,,,,,,,,,,,,,,,,,,,,,,,,,,,,,,,,,,,,,,,,,,,,,,,,,,,,,
Cody,Bellinger,Cody Bellinger,OF,,2026-09-18T00:00:00,All Day,NYY,ARI,1900-01-02T00:00:00,,L,-1.5,8,4.1,3100,16.8,17.5,10.8,12.76,4.12,,,,,,,,,,,,,,,,,,,,,,,,,,,,,,,,,,,,,,,,,,,,,,,,,,,,,,,,,,,,,,,,,,,,,,,,,,,,,,,,,,,,,,,,,,,,,,,,,,,,,,,,,,,,,,,,,,,,,,
Elly,De La Cruz,Elly De La Cruz,SS,,2026-09-18T00:00:00,All Day,CIN,CHC,1900-01-02T00:00:00,,S,+1.5,8.5,3.9,3900,15.5,17.1,12.9,12.63,3.24,,,,,,,,,,,,,,,,,,,,,,,,,,,,,,,,,,,,,,,,,,,,,,,,,,,,,,,,,,,,,,,,,,,,,,,,,,,,,,,,,,,,,,,,,,,,,,,,,,,,,,,,,,,,,,,,,,,,,,
Jose,Ramirez,Jose Ramirez,3B,,2026-09-18T00:00:00,All Day,CLE,OAK,1900-01-02T00:00:00,,S,-1.5,8.5,5,3300,6.1,4.9,10.6,12.61,3.82,,,,,,,,,,,,,,,,,,,,,,,,,,,,,,,,,,,,,,,,,,,,,,,,,,,,,,,,,,,,,,,,,,,,,,,,,,,,,,,,,,,,,,,,,,,,,,,,,,,,,,,,,,,,,,,,,,,,,,
Yordan,Alvarez,Yordan Alvarez,OF,,2026-09-18T00:00:00,All Day,HOU,ATL,1900-01-02T00:00:00,,L,+1.5,8,3.9,4100,12.4,11.2,13.2,12.51,3.05,,,,,,,,,,,,,,,,,,,,,,,,,,,,,,,,,,,,,,,,,,,,,,,,,,,,,,,,,,,,,,,,,,,,,,,,,,,,,,,,,,,,,,,,,,,,,,,,,,,,,,,,,,,,,,,,,,,,,,
James,Wood,James Wood,OF,,2026-09-18T00:00:00,All Day,WAS,STL,1900-01-01T00:00:00,,L,-1.5,7.5,3.8,4200,9.1,8.5,14.0,12.51,2.98,,,,,,,,,,,,,,,,,,,,,,,,,,,,,,,,,,,,,,,,,,,,,,,,,,,,,,,,,,,,,,,,,,,,,,,,,,,,,,,,,,,,,,,,,,,,,,,,,,,,,,,,,,,,,,,,,,,,,,
Matt,Olson,Matt Olson,1B,,2026-09-18T00:00:00,All Day,ATL,HOU,1900-01-03T00:00:00,,L,-1.5,8,4.1,3500,9.4,8.4,11.3,12.48,3.57,,,,,,,,,,,,,,,,,,,,,,,,,,,,,,,,,,,,,,,,,,,,,,,,,,,,,,,,,,,,,,,,,,,,,,,,,,,,,,,,,,,,,,,,,,,,,,,,,,,,,,,,,,,,,,,,,,,,,,
Bryce,Harper,Bryce Harper,1B,,2026-09-18T00:00:00,All Day,PHI,NYM,1900-01-03T00:00:00,,L,+1.5,8.5,4.3,3400,12.4,9.3,11.5,12.45,3.66,,,,,,,,,,,,,,,,,,,,,,,,,,,,,,,,,,,,,,,,,,,,,,,,,,,,,,,,,,,,,,,,,,,,,,,,,,,,,,,,,,,,,,,,,,,,,,,,,,,,,,,,,,,,,,,,,,,,,,
Zach,Neto,Zach Neto,SS,,2026-09-18T00:00:00,All Day,LAA,MIN,1900-01-01T00:00:00,,R,+1.5,8,4,3400,16.6,15.2,11.4,12.38,3.64,,,,,,,,,,,,,,,,,,,,,,,,,,,,,,,,,,,,,,,,,,,,,,,,,,,,,,,,,,,,,,,,,,,,,,,,,,,,,,,,,,,,,,,,,,,,,,,,,,,,,,,,,,,,,,,,,,,,,,
Mookie,Betts,Mookie Betts,SS,,2026-09-18T00:00:00,All Day,LAD,SF,1900-01-02T00:00:00,,R,-1.5,8,5.1,3300,11.7,14.7,10.0,12.36,3.75,,,,,,,,,,,,,,,,,,,,,,,,,,,,,,,,,,,,,,,,,,,,,,,,,,,,,,,,,,,,,,,,,,,,,,,,,,,,,,,,,,,,,,,,,,,,,,,,,,,,,,,,,,,,,,,,,,,,,,
Travis,Bazzana,Travis Bazzana,2B,,2026-09-18T00:00:00,All Day,CLE,OAK,1900-01-05T00:00:00,,L,-1.5,8.5,5,3100,18.2,17.5,10.2,12.35,3.98,,,,,,,,,,,,,,,,,,,,,,,,,,,,,,,,,,,,,,,,,,,,,,,,,,,,,,,,,,,,,,,,,,,,,,,,,,,,,,,,,,,,,,,,,,,,,,,,,,,,,,,,,,,,,,,,,,,,,,
Will,Smith,Will Smith,C,,2026-09-18T00:00:00,All Day,LAD,SF,1900-01-03T00:00:00,,R,-1.5,8,5.1,2800,7.4,9.4,8.2,12.28,4.39,,,,,,,,,,,,,,,,,,,,,,,,,,,,,,,,,,,,,,,,,,,,,,,,,,,,,,,,,,,,,,,,,,,,,,,,,,,,,,,,,,,,,,,,,,,,,,,,,,,,,,,,,,,,,,,,,,,,,,
Fernando,Tatis Jr.,Fernando Tatis Jr,OF,,2026-09-18T00:00:00,All Day,SD,MIA,1900-01-01T00:00:00,,R,-1.5,7.5,4.4,3800,17.5,18.3,12.0,12.22,3.22,,,,,,,,,,,,,,,,,,,,,,,,,,,,,,,,,,,,,,,,,,,,,,,,,,,,,,,,,,,,,,,,,,,,,,,,,,,,,,,,,,,,,,,,,,,,,,,,,,,,,,,,,,,,,,,,,,,,,,
William,Contreras,William Contreras,C,,2026-09-18T00:00:00,All Day,MIL,BAL,1900-01-03T00:00:00,,R,-1.5,8.5,4.6,3300,24.9,16.8,10.2,12.22,3.70,,,,,,,,,,,,,,,,,,,,,,,,,,,,,,,,,,,,,,,,,,,,,,,,,,,,,,,,,,,,,,,,,,,,,,,,,,,,,,,,,,,,,,,,,,,,,,,,,,,,,,,,,,,,,,,,,,,,,,
Kevin,McGonigle,Kevin McGonigle,SS,,2026-09-18T00:00:00,All Day,DET,CWS,1900-01-01T00:00:00,,L,+1.5,8.5,4.1,3200,11.7,13.9,10.9,12.22,3.82,,,,,,,,,,,,,,,,,,,,,,,,,,,,,,,,,,,,,,,,,,,,,,,,,,,,,,,,,,,,,,,,,,,,,,,,,,,,,,,,,,,,,,,,,,,,,,,,,,,,,,,,,,,,,,,,,,,,,,
Jeremy,Pena,Jeremy Pena,SS,,2026-09-18T00:00:00,All Day,HOU,ATL,1900-01-01T00:00:00,,R,+1.5,8,3.9,3200,16.8,11.5,11.3,12.07,3.77,,,,,,,,,,,,,,,,,,,,,,,,,,,,,,,,,,,,,,,,,,,,,,,,,,,,,,,,,,,,,,,,,,,,,,,,,,,,,,,,,,,,,,,,,,,,,,,,,,,,,,,,,,,,,,,,,,,,,,
Dominic,Canzone,Dominic Canzone,OF,,2026-09-18T00:00:00,All Day,SEA,COL,1900-01-03T00:00:00,,L,-1.5,10.5,6,3500,13.1,10.6,8.8,12.00,3.43,,,,,,,,,,,,,,,,,,,,,,,,,,,,,,,,,,,,,,,,,,,,,,,,,,,,,,,,,,,,,,,,,,,,,,,,,,,,,,,,,,,,,,,,,,,,,,,,,,,,,,,,,,,,,,,,,,,,,,
Kyle,Schwarber,Kyle Schwarber,OF,,2026-09-18T00:00:00,All Day,PHI,NYM,1900-01-01T00:00:00,,L,+1.5,8.5,4.3,4000,9.4,11.1,12.2,11.96,2.99,,,,,,,,,,,,,,,,,,,,,,,,,,,,,,,,,,,,,,,,,,,,,,,,,,,,,,,,,,,,,,,,,,,,,,,,,,,,,,,,,,,,,,,,,,,,,,,,,,,,,,,,,,,,,,,,,,,,,,
Alec,Burleson,Alec Burleson,OF,,2026-09-18T00:00:00,All Day,STL,WAS,1900-01-03T00:00:00,,L,+1.5,7.5,3.8,3200,12.0,14.1,11.1,11.86,3.71,,,,,,,,,,,,,,,,,,,,,,,,,,,,,,,,,,,,,,,,,,,,,,,,,,,,,,,,,,,,,,,,,,,,,,,,,,,,,,,,,,,,,,,,,,,,,,,,,,,,,,,,,,,,,,,,,,,,,,
Mike,Trout,Mike Trout,OF,,2026-09-18T00:00:00,All Day,LAA,MIN,1900-01-02T00:00:00,,R,+1.5,8,4,3300,8.6,9.8,10.9,11.80,3.57,,,,,,,,,,,,,,,,,,,,,,,,,,,,,,,,,,,,,,,,,,,,,,,,,,,,,,,,,,,,,,,,,,,,,,,,,,,,,,,,,,,,,,,,,,,,,,,,,,,,,,,,,,,,,,,,,,,,,,
Trea,Turner,Trea Turner,SS,,2026-09-18T00:00:00,All Day,PHI,NYM,1900-01-02T00:00:00,,R,+1.5,8.5,4.3,3000,9.3,11.5,9.9,11.78,3.93,,,,,,,,,,,,,,,,,,,,,,,,,,,,,,,,,,,,,,,,,,,,,,,,,,,,,,,,,,,,,,,,,,,,,,,,,,,,,,,,,,,,,,,,,,,,,,,,,,,,,,,,,,,,,,,,,,,,,,
Gunnar,Henderson,Gunnar Henderson,SS,,2026-09-18T00:00:00,All Day,BAL,MIL,1900-01-03T00:00:00,,L,+1.5,8.5,3.9,2900,9.2,7.3,9.7,11.78,4.06,,,,,,,,,,,,,,,,,,,,,,,,,,,,,,,,,,,,,,,,,,,,,,,,,,,,,,,,,,,,,,,,,,,,,,,,,,,,,,,,,,,,,,,,,,,,,,,,,,,,,,,,,,,,,,,,,,,,,,
Teoscar,Hernandez,Teoscar Hernandez,OF,,2026-09-18T00:00:00,All Day,LAD,SF,1900-01-05T00:00:00,,R,-1.5,8,5.1,3200,15.0,16.6,9.5,11.77,3.68,,,,,,,,,,,,,,,,,,,,,,,,,,,,,,,,,,,,,,,,,,,,,,,,,,,,,,,,,,,,,,,,,,,,,,,,,,,,,,,,,,,,,,,,,,,,,,,,,,,,,,,,,,,,,,,,,,,,,,
Oneil,Cruz,Oneil Cruz,SS,,2026-09-18T00:00:00,All Day,PIT,KC,1900-01-04T00:00:00,,L,-1.5,8.5,4.8,3800,9.4,11.0,13.7,11.74,3.09,,,,,,,,,,,,,,,,,,,,,,,,,,,,,,,,,,,,,,,,,,,,,,,,,,,,,,,,,,,,,,,,,,,,,,,,,,,,,,,,,,,,,,,,,,,,,,,,,,,,,,,,,,,,,,,,,,,,,,
Michael,Busch,Michael Busch,1B,,2026-09-18T00:00:00,All Day,CHC,CIN,1900-01-03T00:00:00,,L,-1.5,8.5,4.6,3100,12.3,11.0,9.8,11.74,3.79,,,,,,,,,,,,,,,,,,,,,,,,,,,,,,,,,,,,,,,,,,,,,,,,,,,,,,,,,,,,,,,,,,,,,,,,,,,,,,,,,,,,,,,,,,,,,,,,,,,,,,,,,,,,,,,,,,,,,,
Chase,DeLauter,Chase DeLauter,OF,DTD,2026-09-18T00:00:00,All Day,CLE,OAK,1900-01-03T00:00:00,,L,-1.5,8.5,5,3200,9.2,8.8,10.1,11.74,3.67,,,,,,,,,,,,,,,,,,,,,,,,,,,,,,,,,,,,,,,,,,,,,,,,,,,,,,,,,,,,,,,,,,,,,,,,,,,,,,,,,,,,,,,,,,,,,,,,,,,,,,,,,,,,,,,,,,,,,,
Vladimir,Guerrero Jr.,Vladimir Guerrero Jr,1B,,2026-09-18T00:00:00,All Day,TOR,TEX,1900-01-03T00:00:00,,R,-1.5,7.5,4,2800,12.3,8.3,8.8,11.61,4.14,,,,,,,,,,,,,,,,,,,,,,,,,,,,,,,,,,,,,,,,,,,,,,,,,,,,,,,,,,,,,,,,,,,,,,,,,,,,,,,,,,,,,,,,,,,,,,,,,,,,,,,,,,,,,,,,,,,,,,
Michael,Harris II,Michael Harris II,OF,,2026-09-18T00:00:00,All Day,ATL,HOU,1900-01-04T00:00:00,,L,-1.5,8,4.1,3200,14.9,8.1,10.0,11.61,3.63,,,,,,,,,,,,,,,,,,,,,,,,,,,,,,,,,,,,,,,,,,,,,,,,,,,,,,,,,,,,,,,,,,,,,,,,,,,,,,,,,,,,,,,,,,,,,,,,,,,,,,,,,,,,,,,,,,,,,,
Miguel,Vargas,Miguel Vargas,OF,,2026-09-18T00:00:00,All Day,CWS,DET,1900-01-01T00:00:00,,R,-1.5,8.5,4.5,3600,12.6,8.7,12.0,11.57,3.21,,,,,,,,,,,,,,,,,,,,,,,,,,,,,,,,,,,,,,,,,,,,,,,,,,,,,,,,,,,,,,,,,,,,,,,,,,,,,,,,,,,,,,,,,,,,,,,,,,,,,,,,,,,,,,,,,,,,,,
J.P.,Crawford,JP Crawford,SS,,2026-09-18T00:00:00,All Day,SEA,COL,1900-01-01T00:00:00,,L,-1.5,10.5,6,3100,15.6,9.4,8.4,11.52,3.72,,,,,,,,,,,,,,,,,,,,,,,,,,,,,,,,,,,,,,,,,,,,,,,,,,,,,,,,,,,,,,,,,,,,,,,,,,,,,,,,,,,,,,,,,,,,,,,,,,,,,,,,,,,,,,,,,,,,,,
Freddie,Freeman,Freddie Freeman,1B,,2026-09-18T00:00:00,All Day,LAD,SF,1900-01-04T00:00:00,,L,-1.5,8,5.1,3200,6.2,5.2,10.0,11.47,3.59,,,,,,,,,,,,,,,,,,,,,,,,,,,,,,,,,,,,,,,,,,,,,,,,,,,,,,,,,,,,,,,,,,,,,,,,,,,,,,,,,,,,,,,,,,,,,,,,,,,,,,,,,,,,,,,,,,,,,,
Ben,Rice,Ben Rice,C,,2026-09-18T00:00:00,All Day,NYY,ARI,1900-01-01T00:00:00,,L,-1.5,8,4.1,3800,19.3,13.6,12.1,11.47,3.02,,,,,,,,,,,,,,,,,,,,,,,,,,,,,,,,,,,,,,,,,,,,,,,,,,,,,,,,,,,,,,,,,,,,,,,,,,,,,,,,,,,,,,,,,,,,,,,,,,,,,,,,,,,,,,,,,,,,,,
Drake,Baldwin,Drake Baldwin,C,,2026-09-18T00:00:00,All Day,ATL,HOU,1900-01-01T00:00:00,,L,-1.5,8,4.1,3200,12.0,11.0,10.9,11.44,3.58,,,,,,,,,,,,,,,,,,,,,,,,,,,,,,,,,,,,,,,,,,,,,,,,,,,,,,,,,,,,,,,,,,,,,,,,,,,,,,,,,,,,,,,,,,,,,,,,,,,,,,,,,,,,,,,,,,,,,,
Munetaka,Murakami,Munetaka Murakami,1B,,2026-09-18T00:00:00,All Day,CWS,DET,1900-01-04T00:00:00,,L,-1.5,8.5,4.5,3400,9.9,8.8,11.5,11.44,3.36,,,,,,,,,,,,,,,,,,,,,,,,,,,,,,,,,,,,,,,,,,,,,,,,,,,,,,,,,,,,,,,,,,,,,,,,,,,,,,,,,,,,,,,,,,,,,,,,,,,,,,,,,,,,,,,,,,,,,,
George,Springer,George Springer,OF,,2026-09-18T00:00:00,All Day,TOR,TEX,1900-01-02T00:00:00,,R,-1.5,7.5,4,2900,15.1,9.7,9.6,11.40,3.93,,,,,,,,,,,,,,,,,,,,,,,,,,,,,,,,,,,,,,,,,,,,,,,,,,,,,,,,,,,,,,,,,,,,,,,,,,,,,,,,,,,,,,,,,,,,,,,,,,,,,,,,,,,,,,,,,,,,,,
Corbin,Carroll,Corbin Carroll,OF,,2026-09-18T00:00:00,All Day,ARI,NYY,1900-01-05T00:00:00,,L,+1.5,8,3.9,3300,8.9,8.8,11.2,11.40,3.46,,,,,,,,,,,,,,,,,,,,,,,,,,,,,,,,,,,,,,,,,,,,,,,,,,,,,,,,,,,,,,,,,,,,,,,,,,,,,,,,,,,,,,,,,,,,,,,,,,,,,,,,,,,,,,,,,,,,,,
CJ,Abrams,CJ Abrams,SS,,2026-09-18T00:00:00,All Day,WAS,STL,1900-01-04T00:00:00,,L,-1.5,7.5,3.8,3500,10.4,9.5,12.6,11.39,3.25,,,,,,,,,,,,,,,,,,,,,,,,,,,,,,,,,,,,,,,,,,,,,,,,,,,,,,,,,,,,,,,,,,,,,,,,,,,,,,,,,,,,,,,,,,,,,,,,,,,,,,,,,,,,,,,,,,,,,,
Gabriel,Moreno,Gabriel Moreno,C,,2026-09-18T00:00:00,All Day,ARI,NYY,1900-01-03T00:00:00,,R,+1.5,8,3.9,3200,19.7,13.9,11.0,11.39,3.56,,,,,,,,,,,,,,,,,,,,,,,,,,,,,,,,,,,,,,,,,,,,,,,,,,,,,,,,,,,,,,,,,,,,,,,,,,,,,,,,,,,,,,,,,,,,,,,,,,,,,,,,,,,,,,,,,,,,,,
Chase,Meidroth,Chase Meidroth,SS,,2026-09-18T00:00:00,All Day,CWS,DET,1900-01-05T00:00:00,,R,-1.5,8.5,4.5,2800,10.7,10.3,9.0,11.39,4.07,,,,,,,,,,,,,,,,,,,,,,,,,,,,,,,,,,,,,,,,,,,,,,,,,,,,,,,,,,,,,,,,,,,,,,,,,,,,,,,,,,,,,,,,,,,,,,,,,,,,,,,,,,,,,,,,,,,,,,
Kody,Clemens,Kody Clemens,1B,,2026-09-18T00:00:00,All Day,MIN,LAA,1900-01-03T00:00:00,,L,-1.5,8,4,3000,8.5,11.2,10.2,11.31,3.77,,,,,,,,,,,,,,,,,,,,,,,,,,,,,,,,,,,,,,,,,,,,,,,,,,,,,,,,,,,,,,,,,,,,,,,,,,,,,,,,,,,,,,,,,,,,,,,,,,,,,,,,,,,,,,,,,,,,,,
Cole,Young,Cole Young,SS,,2026-09-18T00:00:00,All Day,SEA,COL,1900-01-07T00:00:00,,L,-1.5,10.5,6,3300,9.6,9.1,8.4,11.26,3.41,,,,,,,,,,,,,,,,,,,,,,,,,,,,,,,,,,,,,,,,,,,,,,,,,,,,,,,,,,,,,,,,,,,,,,,,,,,,,,,,,,,,,,,,,,,,,,,,,,,,,,,,,,,,,,,,,,,,,,
Jo,Adell,Jo Adell,OF,,2026-09-18T00:00:00,All Day,CLE,OAK,1900-01-04T00:00:00,,R,-1.5,8.5,5,3200,15.8,11.3,9.2,11.22,3.51,,,,,,,,,,,,,,,,,,,,,,,,,,,,,,,,,,,,,,,,,,,,,,,,,,,,,,,,,,,,,,,,,,,,,,,,,,,,,,,,,,,,,,,,,,,,,,,,,,,,,,,,,,,,,,,,,,,,,,
Jake,McCarthy,Jake McCarthy,OF,,2026-09-18T00:00:00,All Day,COL,SEA,1900-01-01T00:00:00,,L,+1.5,10.5,4.5,3600,12.4,10.9,11.5,11.22,3.12,,,,,,,,,,,,,,,,,,,,,,,,,,,,,,,,,,,,,,,,,,,,,,,,,,,,,,,,,,,,,,,,,,,,,,,,,,,,,,,,,,,,,,,,,,,,,,,,,,,,,,,,,,,,,,,,,,,,,,
Luke,Keaschall,Luke Keaschall,2B,,2026-09-18T00:00:00,All Day,MIN,LAA,1900-01-01T00:00:00,,R,-1.5,8,4,3000,11.0,9.8,9.2,11.22,3.74,,,,,,,,,,,,,,,,,,,,,,,,,,,,,,,,,,,,,,,,,,,,,,,,,,,,,,,,,,,,,,,,,,,,,,,,,,,,,,,,,,,,,,,,,,,,,,,,,,,,,,,,,,,,,,,,,,,,,,
Francisco,Lindor,Francisco Lindor,SS,,2026-09-18T00:00:00,All Day,NYM,PHI,1900-01-01T00:00:00,,S,-1.5,8.5,4.3,3300,4.2,14.1,10.5,11.14,3.37,,,,,,,,,,,,,,,,,,,,,,,,,,,,,,,,,,,,,,,,,,,,,,,,,,,,,,,,,,,,,,,,,,,,,,,,,,,,,,,,,,,,,,,,,,,,,,,,,,,,,,,,,,,,,,,,,,,,,,
Hunter,Goodman,Hunter Goodman,OF,DTD,2026-09-18T00:00:00,All Day,COL,SEA,1900-01-04T00:00:00,,R,+1.5,10.5,4.5,3700,10.0,10.7,11.5,11.13,3.01,,,,,,,,,,,,,,,,,,,,,,,,,,,,,,,,,,,,,,,,,,,,,,,,,,,,,,,,,,,,,,,,,,,,,,,,,,,,,,,,,,,,,,,,,,,,,,,,,,,,,,,,,,,,,,,,,,,,,,
Christian,Yelich,Christian Yelich,OF,,2026-09-18T00:00:00,All Day,MIL,BAL,1900-01-05T00:00:00,,L,-1.5,8.5,4.6,2900,8.3,8.3,10.0,11.12,3.83,,,,,,,,,,,,,,,,,,,,,,,,,,,,,,,,,,,,,,,,,,,,,,,,,,,,,,,,,,,,,,,,,,,,,,,,,,,,,,,,,,,,,,,,,,,,,,,,,,,,,,,,,,,,,,,,,,,,,,
Ian,Happ,Ian Happ,OF,,2026-09-18T00:00:00,All Day,CHC,CIN,1900-01-05T00:00:00,,S,-1.5,8.5,4.6,2800,5.4,6.5,9.7,11.11,3.97,,,,,,,,,,,,,,,,,,,,,,,,,,,,,,,,,,,,,,,,,,,,,,,,,,,,,,,,,,,,,,,,,,,,,,,,,,,,,,,,,,,,,,,,,,,,,,,,,,,,,,,,,,,,,,,,,,,,,,
Steven,Kwan,Steven Kwan,OF,,2026-09-18T00:00:00,All Day,CLE,OAK,1900-01-01T00:00:00,,L,-1.5,8.5,5,2700,13.1,12.0,8.3,11.09,4.11,,,,,,,,,,,,,,,,,,,,,,,,,,,,,,,,,,,,,,,,,,,,,,,,,,,,,,,,,,,,,,,,,,,,,,,,,,,,,,,,,,,,,,,,,,,,,,,,,,,,,,,,,,,,,,,,,,,,,,
Alec,Bohm,Alec Bohm,3B,,2026-09-18T00:00:00,All Day,PHI,NYM,1900-01-05T00:00:00,,R,+1.5,8.5,4.3,2800,11.2,8.7,8.8,11.05,3.95,,,,,,,,,,,,,,,,,,,,,,,,,,,,,,,,,,,,,,,,,,,,,,,,,,,,,,,,,,,,,,,,,,,,,,,,,,,,,,,,,,,,,,,,,,,,,,,,,,,,,,,,,,,,,,,,,,,,,,
Brandon,Lowe,Brandon Lowe,2B,,2026-09-18T00:00:00,All Day,PIT,KC,1900-01-02T00:00:00,,L,-1.5,8.5,4.8,3300,16.3,11.2,11.3,11.01,3.34,,,,,,,,,,,,,,,,,,,,,,,,,,,,,,,,,,,,,,,,,,,,,,,,,,,,,,,,,,,,,,,,,,,,,,,,,,,,,,,,,,,,,,,,,,,,,,,,,,,,,,,,,,,,,,,,,,,,,,
Jackson,Merrill,Jackson Merrill,OF,,2026-09-18T00:00:00,All Day,SD,MIA,1900-01-05T00:00:00,,L,-1.5,7.5,4.4,3300,13.2,20.4,10.9,11.01,3.34,,,,,,,,,,,,,,,,,,,,,,,,,,,,,,,,,,,,,,,,,,,,,,,,,,,,,,,,,,,,,,,,,,,,,,,,,,,,,,,,,,,,,,,,,,,,,,,,,,,,,,,,,,,,,,,,,,,,,,
Spencer,Jones,Spencer Jones,OF,,2026-09-18T00:00:00,All Day,NYY,ARI,1900-01-05T00:00:00,,L,-1.5,8,4.1,2800,6.9,9.7,8.7,11.01,3.93,,,,,,,,,,,,,,,,,,,,,,,,,,,,,,,,,,,,,,,,,,,,,,,,,,,,,,,,,,,,,,,,,,,,,,,,,,,,,,,,,,,,,,,,,,,,,,,,,,,,,,,,,,,,,,,,,,,,,,
Seiya,Suzuki,Seiya Suzuki,OF,,2026-09-18T00:00:00,All Day,CHC,CIN,1900-01-02T00:00:00,,R,-1.5,8.5,4.6,3500,3.6,7.7,11.6,10.91,3.12,,,,,,,,,,,,,,,,,,,,,,,,,,,,,,,,,,,,,,,,,,,,,,,,,,,,,,,,,,,,,,,,,,,,,,,,,,,,,,,,,,,,,,,,,,,,,,,,,,,,,,,,,,,,,,,,,,,,,,
Dustin,Harris,Dustin Harris,3B,,2026-09-18T00:00:00,All Day,SD,MIA,1900-01-02T00:00:00,,L,-1.5,7.5,4.4,2400,16.3,12.6,8.7,10.90,4.54,,,,,,,,,,,,,,,,,,,,,,,,,,,,,,,,,,,,,,,,,,,,,,,,,,,,,,,,,,,,,,,,,,,,,,,,,,,,,,,,,,,,,,,,,,,,,,,,,,,,,,,,,,,,,,,,,,,,,,
Garrett,Mitchell,Garrett Mitchell,OF,DTD,2026-09-18T00:00:00,All Day,MIL,BAL,1900-01-07T00:00:00,,L,-1.5,8.5,4.6,2800,23.2,16.0,9.5,10.71,3.82,,,,,,,,,,,,,,,,,,,,,,,,,,,,,,,,,,,,,,,,,,,,,,,,,,,,,,,,,,,,,,,,,,,,,,,,,,,,,,,,,,,,,,,,,,,,,,,,,,,,,,,,,,,,,,,,,,,,,,
Josh,Bell,Josh Bell,1B,,2026-09-18T00:00:00,All Day,MIN,LAA,1900-01-05T00:00:00,,S,-1.5,8,4,2800,7.5,6.9,9.6,10.68,3.82,,,,,,,,,,,,,,,,,,,,,,,,,,,,,,,,,,,,,,,,,,,,,,,,,,,,,,,,,,,,,,,,,,,,,,,,,,,,,,,,,,,,,,,,,,,,,,,,,,,,,,,,,,,,,,,,,,,,,,
Ryan,Jeffers,Ryan Jeffers,C,,2026-09-18T00:00:00,All Day,MIN,LAA,1900-01-04T00:00:00,,R,-1.5,8,4,3100,1.8,5.6,10.6,10.67,3.44,,,,,,,,,,,,,,,,,,,,,,,,,,,,,,,,,,,,,,,,,,,,,,,,,,,,,,,,,,,,,,,,,,,,,,,,,,,,,,,,,,,,,,,,,,,,,,,,,,,,,,,,,,,,,,,,,,,,,,
Yandy,Diaz,Yandy Diaz,1B,,2026-09-18T00:00:00,All Day,TB,BOS,1900-01-01T00:00:00,,R,-1.5,7,3.7,3100,3.2,6.6,10.6,10.66,3.44,,,,,,,,,,,,,,,,,,,,,,,,,,,,,,,,,,,,,,,,,,,,,,,,,,,,,,,,,,,,,,,,,,,,,,,,,,,,,,,,,,,,,,,,,,,,,,,,,,,,,,,,,,,,,,,,,,,,,,
Shea,Langeliers,Shea Langeliers,C,,2026-09-18T00:00:00,All Day,OAK,CLE,1900-01-02T00:00:00,,R,+1.5,8.5,3.5,3200,7.6,10.6,11.1,10.66,3.33,,,,,,,,,,,,,,,,,,,,,,,,,,,,,,,,,,,,,,,,,,,,,,,,,,,,,,,,,,,,,,,,,,,,,,,,,,,,,,,,,,,,,,,,,,,,,,,,,,,,,,,,,,,,,,,,,,,,,,
Ivan,Herrera,Ivan Herrera,C,,2026-09-18T00:00:00,All Day,STL,WAS,1900-01-02T00:00:00,,R,+1.5,7.5,3.8,3000,4.4,7.2,10.0,10.66,3.55,,,,,,,,,,,,,,,,,,,,,,,,,,,,,,,,,,,,,,,,,,,,,,,,,,,,,,,,,,,,,,,,,,,,,,,,,,,,,,,,,,,,,,,,,,,,,,,,,,,,,,,,,,,,,,,,,,,,,,
Junior,Caminero,Junior Caminero,3B,,2026-09-18T00:00:00,All Day,TB,BOS,1900-01-03T00:00:00,,R,-1.5,7,3.7,3700,9.9,11.8,12.0,10.66,2.88,,,,,,,,,,,,,,,,,,,,,,,,,,,,,,,,,,,,,,,,,,,,,,,,,,,,,,,,,,,,,,,,,,,,,,,,,,,,,,,,,,,,,,,,,,,,,,,,,,,,,,,,,,,,,,,,,,,,,,
Brooks,Lee,Brooks Lee,SS,,2026-09-18T00:00:00,All Day,MIN,LAA,1900-01-02T00:00:00,,S,-1.5,8,4,2900,5.6,6.2,9.4,10.61,3.66,,,,,,,,,,,,,,,,,,,,,,,,,,,,,,,,,,,,,,,,,,,,,,,,,,,,,,,,,,,,,,,,,,,,,,,,,,,,,,,,,,,,,,,,,,,,,,,,,,,,,,,,,,,,,,,,,,,,,,
Riley,Greene,Riley Greene,OF,,2026-09-18T00:00:00,All Day,DET,CWS,1900-01-04T00:00:00,,L,+1.5,8.5,4.1,3200,12.0,13.9,10.6,10.58,3.31,,,,,,,,,,,,,,,,,,,,,,,,,,,,,,,,,,,,,,,,,,,,,,,,,,,,,,,,,,,,,,,,,,,,,,,,,,,,,,,,,,,,,,,,,,,,,,,,,,,,,,,,,,,,,,,,,,,,,,
Bobby,Witt Jr.,Bobby Witt Jr,SS,,2026-09-18T00:00:00,All Day,KC,PIT,1900-01-02T00:00:00,,R,+1.5,8.5,3.7,3700,7.8,10.7,12.0,10.50,2.84,,,,,,,,,,,,,,,,,,,,,,,,,,,,,,,,,,,,,,,,,,,,,,,,,,,,,,,,,,,,,,,,,,,,,,,,,,,,,,,,,,,,,,,,,,,,,,,,,,,,,,,,,,,,,,,,,,,,,,
Kyle,Tucker,Kyle Tucker,OF,,2026-09-18T00:00:00,All Day,LAD,SF,1900-01-07T00:00:00,,L,-1.5,8,5.1,3000,19.9,17.8,9.8,10.48,3.49,,,,,,,,,,,,,,,,,,,,,,,,,,,,,,,,,,,,,,,,,,,,,,,,,,,,,,,,,,,,,,,,,,,,,,,,,,,,,,,,,,,,,,,,,,,,,,,,,,,,,,,,,,,,,,,,,,,,,,
Tommy,Edman,Tommy Edman,SS,,2026-09-18T00:00:00,All Day,LAD,SF,1900-01-01T00:00:00,,S,-1.5,8,5.1,3000,3.1,3.7,9.1,10.45,3.48,,,,,,,,,,,,,,,,,,,,,,,,,,,,,,,,,,,,,,,,,,,,,,,,,,,,,,,,,,,,,,,,,,,,,,,,,,,,,,,,,,,,,,,,,,,,,,,,,,,,,,,,,,,,,,,,,,,,,,
Jordan,Walker,Jordan Walker,OF,,2026-09-18T00:00:00,All Day,STL,WAS,1900-01-04T00:00:00,,R,+1.5,7.5,3.8,3500,4.2,4.9,11.8,10.45,2.99,,,,,,,,,,,,,,,,,,,,,,,,,,,,,,,,,,,,,,,,,,,,,,,,,,,,,,,,,,,,,,,,,,,,,,,,,,,,,,,,,,,,,,,,,,,,,,,,,,,,,,,,,,,,,,,,,,,,,,
Brett,Bateman,Brett Bateman,OF,,2026-09-18T00:00:00,All Day,TOR,TEX,1900-01-01T00:00:00,,L,-1.5,7.5,4,2800,12.4,11.4,10.4,10.41,3.72,,,,,,,,,,,,,,,,,,,,,,,,,,,,,,,,,,,,,,,,,,,,,,,,,,,,,,,,,,,,,,,,,,,,,,,,,,,,,,,,,,,,,,,,,,,,,,,,,,,,,,,,,,,,,,,,,,,,,,
Leo,Bernal,Leo Bernal,C,,2026-09-18T00:00:00,All Day,STL,WAS,1900-01-05T00:00:00,,S,+1.5,7.5,3.8,2900,8.1,11.4,12.0,10.40,3.59,,,,,,,,,,,,,,,,,,,,,,,,,,,,,,,,,,,,,,,,,,,,,,,,,,,,,,,,,,,,,,,,,,,,,,,,,,,,,,,,,,,,,,,,,,,,,,,,,,,,,,,,,,,,,,,,,,,,,,
Konnor,Griffin,Konnor Griffin,SS,,2026-09-18T00:00:00,All Day,PIT,KC,1900-01-01T00:00:00,,R,-1.5,8.5,4.8,3000,8.1,9.6,10.7,10.37,3.46,,,,,,,,,,,,,,,,,,,,,,,,,,,,,,,,,,,,,,,,,,,,,,,,,,,,,,,,,,,,,,,,,,,,,,,,,,,,,,,,,,,,,,,,,,,,,,,,,,,,,,,,,,,,,,,,,,,,,,
Bryan,Reynolds,Bryan Reynolds,OF,,2026-09-18T00:00:00,All Day,PIT,KC,1900-01-03T00:00:00,,S,-1.5,8.5,4.8,3100,6.2,8.1,10.7,10.32,3.33,,,,,,,,,,,,,,,,,,,,,,,,,,,,,,,,,,,,,,,,,,,,,,,,,,,,,,,,,,,,,,,,,,,,,,,,,,,,,,,,,,,,,,,,,,,,,,,,,,,,,,,,,,,,,,,,,,,,,,
Daniel,Espino,Daniel Espino,P,,2026-09-18T00:00:00,All Day,CLE,OAK,,YES,R,-1.5,8.5,5,5900,8.6,7.9,8.0,10.32,1.75,,,,,,,,,,,,,,,,,,,,,,,,,,,,,,,,,,,,,,,,,,,,,,,,,,,,,,,,,,,,,,,,,,,,,,,,,,,,,,,,,,,,,,,,,,,,,,,,,,,,,,,,,,,,,,,,,,,,,,
Daylen,Lile,Daylen Lile,OF,,2026-09-18T00:00:00,All Day,WAS,STL,1900-01-02T00:00:00,,L,-1.5,7.5,3.8,3100,11.9,9.1,10.1,10.32,3.33,,,,,,,,,,,,,,,,,,,,,,,,,,,,,,,,,,,,,,,,,,,,,,,,,,,,,,,,,,,,,,,,,,,,,,,,,,,,,,,,,,,,,,,,,,,,,,,,,,,,,,,,,,,,,,,,,,,,,,
Dylan,Beavers,Dylan Beavers,OF,,2026-09-18T00:00:00,All Day,BAL,MIL,1900-01-01T00:00:00,,L,+1.5,8.5,3.9,2700,4.3,8.2,7.5,10.32,3.82,,,,,,,,,,,,,,,,,,,,,,,,,,,,,,,,,,,,,,,,,,,,,,,,,,,,,,,,,,,,,,,,,,,,,,,,,,,,,,,,,,,,,,,,,,,,,,,,,,,,,,,,,,,,,,,,,,,,,,
Ketel,Marte,Ketel Marte,2B,,2026-09-18T00:00:00,All Day,ARI,NYY,1900-01-02T00:00:00,,S,+1.5,8,3.9,3000,6.1,9.7,10.4,10.27,3.42,,,,,,,,,,,,,,,,,,,,,,,,,,,,,,,,,,,,,,,,,,,,,,,,,,,,,,,,,,,,,,,,,,,,,,,,,,,,,,,,,,,,,,,,,,,,,,,,,,,,,,,,,,,,,,,,,,,,,,
Nathaniel,Lowe,Nathaniel Lowe,1B,,2026-09-18T00:00:00,All Day,CLE,OAK,1900-01-06T00:00:00,,L,-1.5,8.5,5,2900,3.1,8.5,8.1,10.27,3.54,,,,,,,,,,,,,,,,,,,,,,,,,,,,,,,,,,,,,,,,,,,,,,,,,,,,,,,,,,,,,,,,,,,,,,,,,,,,,,,,,,,,,,,,,,,,,,,,,,,,,,,,,,,,,,,,,,,,,,
Corey,Seager,Corey Seager,SS,,2026-09-18T00:00:00,All Day,TEX,TOR,1900-01-02T00:00:00,,L,+1.5,7.5,3.5,3200,15.2,13.8,10.2,10.24,3.20,,,,,,,,,,,,,,,,,,,,,,,,,,,,,,,,,,,,,,,,,,,,,,,,,,,,,,,,,,,,,,,,,,,,,,,,,,,,,,,,,,,,,,,,,,,,,,,,,,,,,,,,,,,,,,,,,,,,,,
Manny,Machado,Manny Machado,3B,,2026-09-18T00:00:00,All Day,SD,MIA,1900-01-03T00:00:00,,R,-1.5,7.5,4.4,3200,11.9,11.0,9.9,10.22,3.19,,,,,,,,,,,,,,,,,,,,,,,,,,,,,,,,,,,,,,,,,,,,,,,,,,,,,,,,,,,,,,,,,,,,,,,,,,,,,,,,,,,,,,,,,,,,,,,,,,,,,,,,,,,,,,,,,,,,,,
Andrew,Vaughn,Andrew Vaughn,1B,,2026-09-18T00:00:00,All Day,MIL,BAL,1900-01-04T00:00:00,,R,-1.5,8.5,4.6,2500,4.9,6.8,7.5,10.14,4.06,,,,,,,,,,,,,,,,,,,,,,,,,,,,,,,,,,,,,,,,,,,,,,,,,,,,,,,,,,,,,,,,,,,,,,,,,,,,,,,,,,,,,,,,,,,,,,,,,,,,,,,,,,,,,,,,,,,,,,
Alex,Call,Alex Call,OF,,2026-09-18T00:00:00,All Day,LAD,SF,1900-01-09T00:00:00,,R,-1.5,8,5.1,2200,2.4,3.7,5.1,10.09,4.59,,,,,,,,,,,,,,,,,,,,,,,,,,,,,,,,,,,,,,,,,,,,,,,,,,,,,,,,,,,,,,,,,,,,,,,,,,,,,,,,,,,,,,,,,,,,,,,,,,,,,,,,,,,,,,,,,,,,,,
Carson,Benge,Carson Benge,OF,,2026-09-18T00:00:00,All Day,NYM,PHI,1900-01-04T00:00:00,,L,-1.5,8.5,4.3,3000,6.8,11.1,9.8,10.06,3.35,,,,,,,,,,,,,,,,,,,,,,,,,,,,,,,,,,,,,,,,,,,,,,,,,,,,,,,,,,,,,,,,,,,,,,,,,,,,,,,,,,,,,,,,,,,,,,,,,,,,,,,,,,,,,,,,,,,,,,
Henry,Bolte,Henry Bolte,OF,,2026-09-18T00:00:00,All Day,OAK,CLE,1900-01-01T00:00:00,,R,+1.5,8.5,3.5,3200,11.1,15.3,9.5,9.93,3.10,,,,,,,,,,,,,,,,,,,,,,,,,,,,,,,,,,,,,,,,,,,,,,,,,,,,,,,,,,,,,,,,,,,,,,,,,,,,,,,,,,,,,,,,,,,,,,,,,,,,,,,,,,,,,,,,,,,,,,
Cole,Carrigg,Cole Carrigg,OF,,2026-09-18T00:00:00,All Day,COL,SEA,1900-01-05T00:00:00,,S,+1.5,10.5,4.5,3400,17.0,10.0,10.7,9.93,2.92,,,,,,,,,,,,,,,,,,,,,,,,,,,,,,,,,,,,,,,,,,,,,,,,,,,,,,,,,,,,,,,,,,,,,,,,,,,,,,,,,,,,,,,,,,,,,,,,,,,,,,,,,,,,,,,,,,,,,,
Lazaro,Montes,Lazaro Montes,OF,,2026-09-18T00:00:00,All Day,SEA,COL,1900-01-08T00:00:00,,L,-1.5,10.5,6,3200,6.9,6.6,8.0,9.89,3.09,,,,,,,,,,,,,,,,,,,,,,,,,,,,,,,,,,,,,,,,,,,,,,,,,,,,,,,,,,,,,,,,,,,,,,,,,,,,,,,,,,,,,,,,,,,,,,,,,,,,,,,,,,,,,,,,,,,,,,
Ryan,O'Hearn,Ryan O'Hearn,1B,,2026-09-18T00:00:00,All Day,PIT,KC,1900-01-06T00:00:00,,L,-1.5,8.5,4.8,2500,7.5,6.2,10.5,9.88,3.95,,,,,,,,,,,,,,,,,,,,,,,,,,,,,,,,,,,,,,,,,,,,,,,,,,,,,,,,,,,,,,,,,,,,,,,,,,,,,,,,,,,,,,,,,,,,,,,,,,,,,,,,,,,,,,,,,,,,,,
Spencer,Horwitz,Spencer Horwitz,1B,,2026-09-18T00:00:00,All Day,PIT,KC,1900-01-08T00:00:00,,L,-1.5,8.5,4.8,2600,3.0,4.7,8.1,9.88,3.80,,,,,,,,,,,,,,,,,,,,,,,,,,,,,,,,,,,,,,,,,,,,,,,,,,,,,,,,,,,,,,,,,,,,,,,,,,,,,,,,,,,,,,,,,,,,,,,,,,,,,,,,,,,,,,,,,,,,,,
Christian,Encarnacion-Strand,Christian Encarnacion-Strand,1B,,2026-09-18T00:00:00,All Day,BAL,MIL,1900-01-06T00:00:00,,R,+1.5,8.5,3.9,2900,15.5,11.8,10.0,9.88,3.41,,,,,,,,,,,,,,,,,,,,,,,,,,,,,,,,,,,,,,,,,,,,,,,,,,,,,,,,,,,,,,,,,,,,,,,,,,,,,,,,,,,,,,,,,,,,,,,,,,,,,,,,,,,,,,,,,,,,,,
Alex,Bregman,Alex Bregman,3B,,2026-09-18T00:00:00,All Day,CHC,CIN,1900-01-04T00:00:00,,R,-1.5,8.5,4.6,3400,13.7,13.1,11.2,9.87,2.90,,,,,,,,,,,,,,,,,,,,,,,,,,,,,,,,,,,,,,,,,,,,,,,,,,,,,,,,,,,,,,,,,,,,,,,,,,,,,,,,,,,,,,,,,,,,,,,,,,,,,,,,,,,,,,,,,,,,,,
JJ,Wetherholt,JJ Wetherholt,SS,,2026-09-18T00:00:00,All Day,STL,WAS,1900-01-01T00:00:00,,L,+1.5,7.5,3.8,3000,2.4,8.3,10.2,9.86,3.29,,,,,,,,,,,,,,,,,,,,,,,,,,,,,,,,,,,,,,,,,,,,,,,,,,,,,,,,,,,,,,,,,,,,,,,,,,,,,,,,,,,,,,,,,,,,,,,,,,,,,,,,,,,,,,,,,,,,,,
Nolan,Arenado,Nolan Arenado,3B,,2026-09-18T00:00:00,All Day,ARI,NYY,1900-01-06T00:00:00,,R,+1.5,8,3.9,3000,13.7,16.2,9.5,9.80,3.27,,,,,,,,,,,,,,,,,,,,,,,,,,,,,,,,,,,,,,,,,,,,,,,,,,,,,,,,,,,,,,,,,,,,,,,,,,,,,,,,,,,,,,,,,,,,,,,,,,,,,,,,,,,,,,,,,,,,,,
Eugenio,Suarez,Eugenio Suarez,3B,,2026-09-18T00:00:00,All Day,CIN,CHC,1900-01-06T00:00:00,,R,+1.5,8.5,3.9,2800,14.5,12.4,9.2,9.75,3.48,,,,,,,,,,,,,,,,,,,,,,,,,,,,,,,,,,,,,,,,,,,,,,,,,,,,,,,,,,,,,,,,,,,,,,,,,,,,,,,,,,,,,,,,,,,,,,,,,,,,,,,,,,,,,,,,,,,,,,
Austin,Riley,Austin Riley,3B,,2026-09-18T00:00:00,All Day,ATL,HOU,1900-01-08T00:00:00,,R,-1.5,8,4.1,2600,5.6,6.5,8.3,9.75,3.75,,,,,,,,,,,,,,,,,,,,,,,,,,,,,,,,,,,,,,,,,,,,,,,,,,,,,,,,,,,,,,,,,,,,,,,,,,,,,,,,,,,,,,,,,,,,,,,,,,,,,,,,,,,,,,,,,,,,,,
Isaac,Paredes,Isaac Paredes,3B,,2026-09-18T00:00:00,All Day,HOU,ATL,1900-01-03T00:00:00,,R,+1.5,8,3.9,2900,10.7,10.6,9.8,9.75,3.36,,,,,,,,,,,,,,,,,,,,,,,,,,,,,,,,,,,,,,,,,,,,,,,,,,,,,,,,,,,,,,,,,,,,,,,,,,,,,,,,,,,,,,,,,,,,,,,,,,,,,,,,,,,,,,,,,,,,,,
Sal,Stewart,Sal Stewart,3B,,2026-09-18T00:00:00,All Day,CIN,CHC,1900-01-03T00:00:00,,R,+1.5,8.5,3.9,3300,10.0,7.4,11.6,9.75,2.95,,,,,,,,,,,,,,,,,,,,,,,,,,,,,,,,,,,,,,,,,,,,,,,,,,,,,,,,,,,,,,,,,,,,,,,,,,,,,,,,,,,,,,,,,,,,,,,,,,,,,,,,,,,,,,,,,,,,,,
Jose,Altuve,Jose Altuve,2B,,2026-09-18T00:00:00,All Day,HOU,ATL,1900-01-04T00:00:00,,R,+1.5,8,3.9,2800,4.2,6.4,8.7,9.73,3.47,,,,,,,,,,,,,,,,,,,,,,,,,,,,,,,,,,,,,,,,,,,,,,,,,,,,,,,,,,,,,,,,,,,,,,,,,,,,,,,,,,,,,,,,,,,,,,,,,,,,,,,,,,,,,,,,,,,,,,
Kazuma,Okamoto,Kazuma Okamoto,3B,,2026-09-18T00:00:00,All Day,TOR,TEX,1900-01-06T00:00:00,,R,-1.5,7.5,4,3200,13.1,13.7,10.2,9.70,3.03,,,,,,,,,,,,,,,,,,,,,,,,,,,,,,,,,,,,,,,,,,,,,,,,,,,,,,,,,,,,,,,,,,,,,,,,,,,,,,,,,,,,,,,,,,,,,,,,,,,,,,,,,,,,,,,,,,,,,,
Christian,Walker,Christian Walker,1B,,2026-09-18T00:00:00,All Day,HOU,ATL,1900-01-06T00:00:00,,R,+1.5,8,3.9,2900,0.6,4.7,9.1,9.69,3.34,,,,,,,,,,,,,,,,,,,,,,,,,,,,,,,,,,,,,,,,,,,,,,,,,,,,,,,,,,,,,,,,,,,,,,,,,,,,,,,,,,,,,,,,,,,,,,,,,,,,,,,,,,,,,,,,,,,,,,
Mickey,Moniak,Mickey Moniak,OF,,2026-09-18T00:00:00,All Day,COL,SEA,1900-01-07T00:00:00,,L,+1.5,10.5,4.5,3400,6.0,6.2,9.4,9.68,2.85,,,,,,,,,,,,,,,,,,,,,,,,,,,,,,,,,,,,,,,,,,,,,,,,,,,,,,,,,,,,,,,,,,,,,,,,,,,,,,,,,,,,,,,,,,,,,,,,,,,,,,,,,,,,,,,,,,,,,,
Wilyer,Abreu,Wilyer Abreu,OF,,2026-09-18T00:00:00,All Day,BOS,TB,1900-01-04T00:00:00,,L,+1.5,7,3.3,3100,5.7,7.5,10.5,9.68,3.12,,,,,,,,,,,,,,,,,,,,,,,,,,,,,,,,,,,,,,,,,,,,,,,,,,,,,,,,,,,,,,,,,,,,,,,,,,,,,,,,,,,,,,,,,,,,,,,,,,,,,,,,,,,,,,,,,,,,,,
Kyle,Stowers,Kyle Stowers,OF,,2026-09-18T00:00:00,All Day,MIA,SD,1900-01-01T00:00:00,,L,+1.5,7.5,3.1,3100,5.6,5.8,9.9,9.63,3.11,,,,,,,,,,,,,,,,,,,,,,,,,,,,,,,,,,,,,,,,,,,,,,,,,,,,,,,,,,,,,,,,,,,,,,,,,,,,,,,,,,,,,,,,,,,,,,,,,,,,,,,,,,,,,,,,,,,,,,
Vaughn,Grissom,Vaughn Grissom,SS,,2026-09-18T00:00:00,All Day,LAA,MIN,1900-01-04T00:00:00,,R,+1.5,8,4,2700,5.1,7.6,8.5,9.63,3.57,,,,,,,,,,,,,,,,,,,,,,,,,,,,,,,,,,,,,,,,,,,,,,,,,,,,,,,,,,,,,,,,,,,,,,,,,,,,,,,,,,,,,,,,,,,,,,,,,,,,,,,,,,,,,,,,,,,,,,
Mark,Vientos,Mark Vientos,3B,,2026-09-18T00:00:00,All Day,NYM,PHI,1900-01-05T00:00:00,,R,-1.5,8.5,4.3,2700,8.2,6.9,7.2,9.62,3.56,,,,,,,,,,,,,,,,,,,,,,,,,,,,,,,,,,,,,,,,,,,,,,,,,,,,,,,,,,,,,,,,,,,,,,,,,,,,,,,,,,,,,,,,,,,,,,,,,,,,,,,,,,,,,,,,,,,,,,
Alejandro,Kirk,Alejandro Kirk,C,,2026-09-18T00:00:00,All Day,TOR,TEX,1900-01-04T00:00:00,,R,-1.5,7.5,4,2800,12.6,11.7,8.9,9.62,3.43,,,,,,,,,,,,,,,,,,,,,,,,,,,,,,,,,,,,,,,,,,,,,,,,,,,,,,,,,,,,,,,,,,,,,,,,,,,,,,,,,,,,,,,,,,,,,,,,,,,,,,,,,,,,,,,,,,,,,,
Joey,Ortiz,Joey Ortiz,3B,,2026-09-18T00:00:00,All Day,MIL,BAL,1900-01-06T00:00:00,,R,-1.5,8.5,4.6,2600,15.6,9.6,7.8,9.62,3.70,,,,,,,,,,,,,,,,,,,,,,,,,,,,,,,,,,,,,,,,,,,,,,,,,,,,,,,,,,,,,,,,,,,,,,,,,,,,,,,,,,,,,,,,,,,,,,,,,,,,,,,,,,,,,,,,,,,,,,
TJ,Rumfield,TJ Rumfield,1B,,2026-09-18T00:00:00,All Day,COL,SEA,1900-01-03T00:00:00,,L,+1.5,10.5,4.5,3300,9.2,9.3,9.4,9.62,2.92,,,,,,,,,,,,,,,,,,,,,,,,,,,,,,,,,,,,,,,,,,,,,,,,,,,,,,,,,,,,,,,,,,,,,,,,,,,,,,,,,,,,,,,,,,,,,,,,,,,,,,,,,,,,,,,,,,,,,,
Lawrence,Butler,Lawrence Butler,OF,,2026-09-18T00:00:00,All Day,OAK,CLE,1900-01-03T00:00:00,,L,+1.5,8.5,3.5,2800,15.0,10.6,8.1,9.55,3.41,,,,,,,,,,,,,,,,,,,,,,,,,,,,,,,,,,,,,,,,,,,,,,,,,,,,,,,,,,,,,,,,,,,,,,,,,,,,,,,,,,,,,,,,,,,,,,,,,,,,,,,,,,,,,,,,,,,,,,
A.J.,Ewing,AJ Ewing,OF,,2026-09-18T00:00:00,All Day,NYM,PHI,1900-01-06T00:00:00,,L,-1.5,8.5,4.3,3100,9.2,13.4,9.4,9.55,3.08,,,,,,,,,,,,,,,,,,,,,,,,,,,,,,,,,,,,,,,,,,,,,,,,,,,,,,,,,,,,,,,,,,,,,,,,,,,,,,,,,,,,,,,,,,,,,,,,,,,,,,,,,,,,,,,,,,,,,,
Connor,Norby,Connor Norby,1B,,2026-09-18T00:00:00,All Day,COL,SEA,1900-01-02T00:00:00,,R,+1.5,10.5,4.5,3200,13.6,11.8,7.9,9.54,2.98,,,,,,,,,,,,,,,,,,,,,,,,,,,,,,,,,,,,,,,,,,,,,,,,,,,,,,,,,,,,,,,,,,,,,,,,,,,,,,,,,,,,,,,,,,,,,,,,,,,,,,,,,,,,,,,,,,,,,,
Geraldo,Perdomo,Geraldo Perdomo,SS,,2026-09-18T00:00:00,All Day,ARI,NYY,1900-01-04T00:00:00,,S,+1.5,8,3.9,2800,6.6,6.7,9.2,9.50,3.39,,,,,,,,,,,,,,,,,,,,,,,,,,,,,,,,,,,,,,,,,,,,,,,,,,,,,,,,,,,,,,,,,,,,,,,,,,,,,,,,,,,,,,,,,,,,,,,,,,,,,,,,,,,,,,,,,,,,,,
Otto,Lopez,Otto Lopez,2B,,2026-09-18T00:00:00,All Day,MIA,SD,1900-01-03T00:00:00,,R,+1.5,7.5,3.1,3200,9.3,12.8,10.9,9.50,2.97,,,,,,,,,,,,,,,,,,,,,,,,,,,,,,,,,,,,,,,,,,,,,,,,,,,,,,,,,,,,,,,,,,,,,,,,,,,,,,,,,,,,,,,,,,,,,,,,,,,,,,,,,,,,,,,,,,,,,,
Bo,Bichette,Bo Bichette,SS,,2026-09-18T00:00:00,All Day,NYM,PHI,1900-01-03T00:00:00,,R,-1.5,8.5,4.3,2800,4.3,6.2,8.9,9.49,3.39,,,,,,,,,,,,,,,,,,,,,,,,,,,,,,,,,,,,,,,,,,,,,,,,,,,,,,,,,,,,,,,,,,,,,,,,,,,,,,,,,,,,,,,,,,,,,,,,,,,,,,,,,,,,,,,,,,,,,,
Bryson,Stott,Bryson Stott,2B,,2026-09-18T00:00:00,All Day,PHI,NYM,1900-01-07T00:00:00,,L,+1.5,8.5,4.3,2900,9.3,7.2,9.3,9.49,3.27,,,,,,,,,,,,,,,,,,,,,,,,,,,,,,,,,,,,,,,,,,,,,,,,,,,,,,,,,,,,,,,,,,,,,,,,,,,,,,,,,,,,,,,,,,,,,,,,,,,,,,,,,,,,,,,,,,,,,,
Lars,Nootbaar,Lars Nootbaar,OF,,2026-09-18T00:00:00,All Day,ARI,NYY,1900-01-01T00:00:00,,L,+1.5,8,3.9,2700,8.7,6.2,7.8,9.44,3.50,,,,,,,,,,,,,,,,,,,,,,,,,,,,,,,,,,,,,,,,,,,,,,,,,,,,,,,,,,,,,,,,,,,,,,,,,,,,,,,,,,,,,,,,,,,,,,,,,,,,,,,,,,,,,,,,,,,,,,
Heriberto,Hernandez,Heriberto Hernandez,OF,,2026-09-18T00:00:00,All Day,MIA,SD,1900-01-02T00:00:00,,R,+1.5,7.5,3.1,3300,7.3,8.9,9.5,9.44,2.86,,,,,,,,,,,,,,,,,,,,,,,,,,,,,,,,,,,,,,,,,,,,,,,,,,,,,,,,,,,,,,,,,,,,,,,,,,,,,,,,,,,,,,,,,,,,,,,,,,,,,,,,,,,,,,,,,,,,,,
Nathan,Lukes,Nathan Lukes,OF,,2026-09-18T00:00:00,All Day,TOR,TEX,1900-01-05T00:00:00,,L,-1.5,7.5,4,2600,4.9,5.2,7.0,9.44,3.63,,,,,,,,,,,,,,,,,,,,,,,,,,,,,,,,,,,,,,,,,,,,,,,,,,,,,,,,,,,,,,,,,,,,,,,,,,,,,,,,,,,,,,,,,,,,,,,,,,,,,,,,,,,,,,,,,,,,,,
Wyatt,Langford,Wyatt Langford,OF,,2026-09-18T00:00:00,All Day,TEX,TOR,1900-01-05T00:00:00,,R,+1.5,7.5,3.5,3100,9.3,11.4,10.5,9.42,3.04,,,,,,,,,,,,,,,,,,,,,,,,,,,,,,,,,,,,,,,,,,,,,,,,,,,,,,,,,,,,,,,,,,,,,,,,,,,,,,,,,,,,,,,,,,,,,,,,,,,,,,,,,,,,,,,,,,,,,,
Andres,Gimenez,Andres Gimenez,2B,,2026-09-18T00:00:00,All Day,TOR,TEX,1900-01-07T00:00:00,,L,-1.5,7.5,4,2600,5.7,7.2,7.5,9.37,3.60,,,,,,,,,,,,,,,,,,,,,,,,,,,,,,,,,,,,,,,,,,,,,,,,,,,,,,,,,,,,,,,,,,,,,,,,,,,,,,,,,,,,,,,,,,,,,,,,,,,,,,,,,,,,,,,,,,,,,,
Jeff,McNeil,Jeff McNeil,2B,,2026-09-18T00:00:00,All Day,OAK,CLE,1900-01-05T00:00:00,,L,+1.5,8.5,3.5,2600,4.3,5.6,7.3,9.36,3.60,,,,,,,,,,,,,,,,,,,,,,,,,,,,,,,,,,,,,,,,,,,,,,,,,,,,,,,,,,,,,,,,,,,,,,,,,,,,,,,,,,,,,,,,,,,,,,,,,,,,,,,,,,,,,,,,,,,,,,
Victor,Mesa Jr.,Victor Mesa Jr,OF,,2026-09-18T00:00:00,All Day,TB,BOS,1900-01-08T00:00:00,,L,-1.5,7,3.7,2800,14.9,16.1,9.7,9.32,3.33,,,,,,,,,,,,,,,,,,,,,,,,,,,,,,,,,,,,,,,,,,,,,,,,,,,,,,,,,,,,,,,,,,,,,,,,,,,,,,,,,,,,,,,,,,,,,,,,,,,,,,,,,,,,,,,,,,,,,,
Daulton,Varsho,Daulton Varsho,OF,,2026-09-18T00:00:00,All Day,HOU,ATL,1900-01-05T00:00:00,,L,+1.5,8,3.9,2500,4.3,7.1,7.7,9.29,3.72,,,,,,,,,,,,,,,,,,,,,,,,,,,,,,,,,,,,,,,,,,,,,,,,,,,,,,,,,,,,,,,,,,,,,,,,,,,,,,,,,,,,,,,,,,,,,,,,,,,,,,,,,,,,,,,,,,,,,,
Dylan,Crews,Dylan Crews,OF,,2026-09-18T00:00:00,All Day,WAS,STL,1900-01-03T00:00:00,,R,-1.5,7.5,3.8,2900,3.1,9.4,8.8,9.29,3.20,,,,,,,,,,,,,,,,,,,,,,,,,,,,,,,,,,,,,,,,,,,,,,,,,,,,,,,,,,,,,,,,,,,,,,,,,,,,,,,,,,,,,,,,,,,,,,,,,,,,,,,,,,,,,,,,,,,,,,
Roman,Anthony,Roman Anthony,OF,,2026-09-18T00:00:00,All Day,BOS,TB,1900-01-01T00:00:00,,L,+1.5,7,3.3,2900,5.6,6.6,8.4,9.29,3.20,,,,,,,,,,,,,,,,,,,,,,,,,,,,,,,,,,,,,,,,,,,,,,,,,,,,,,,,,,,,,,,,,,,,,,,,,,,,,,,,,,,,,,,,,,,,,,,,,,,,,,,,,,,,,,,,,,,,,,
Royce,Lewis,Royce Lewis,3B,,2026-09-18T00:00:00,All Day,MIN,LAA,1900-01-06T00:00:00,,R,-1.5,8,4,2700,5.0,3.8,9.0,9.26,3.43,,,,,,,,,,,,,,,,,,,,,,,,,,,,,,,,,,,,,,,,,,,,,,,,,,,,,,,,,,,,,,,,,,,,,,,,,,,,,,,,,,,,,,,,,,,,,,,,,,,,,,,,,,,,,,,,,,,,,,
Kyle,Teel,Kyle Teel,C,,2026-09-18T00:00:00,All Day,CWS,DET,1900-01-06T00:00:00,,L,-1.5,8.5,4.5,2600,9.3,10.3,8.5,9.26,3.56,,,,,,,,,,,,,,,,,,,,,,,,,,,,,,,,,,,,,,,,,,,,,,,,,,,,,,,,,,,,,,,,,,,,,,,,,,,,,,,,,,,,,,,,,,,,,,,,,,,,,,,,,,,,,,,,,,,,,,
Luis,Garcia Jr.,Luis Garcia Jr,2B,,2026-09-18T00:00:00,All Day,NYY,ARI,1900-01-04T00:00:00,,L,-1.5,8,4.1,3200,3.0,7.4,10.1,9.23,2.88,,,,,,,,,,,,,,,,,,,,,,,,,,,,,,,,,,,,,,,,,,,,,,,,,,,,,,,,,,,,,,,,,,,,,,,,,,,,,,,,,,,,,,,,,,,,,,,,,,,,,,,,,,,,,,,,,,,,,,
Miguel,Rojas,Miguel Rojas,SS,,2026-09-18T00:00:00,All Day,LAD,SF,1900-01-06T00:00:00,,R,-1.5,8,5.1,2400,7.4,4.6,4.7,9.22,3.84,,,,,,,,,,,,,,,,,,,,,,,,,,,,,,,,,,,,,,,,,,,,,,,,,,,,,,,,,,,,,,,,,,,,,,,,,,,,,,,,,,,,,,,,,,,,,,,,,,,,,,,,,,,,,,,,,,,,,,
JJ,Bleday,JJ Bleday,OF,,2026-09-18T00:00:00,All Day,CIN,CHC,1900-01-05T00:00:00,,L,+1.5,8.5,3.9,2700,6.2,3.4,9.4,9.22,3.42,,,,,,,,,,,,,,,,,,,,,,,,,,,,,,,,,,,,,,,,,,,,,,,,,,,,,,,,,,,,,,,,,,,,,,,,,,,,,,,,,,,,,,,,,,,,,,,,,,,,,,,,,,,,,,,,,,,,,,
Agustin,Ramirez,Agustin Ramirez,C,,2026-09-18T00:00:00,All Day,MIA,SD,1900-01-09T00:00:00,,R,+1.5,7.5,3.1,2700,7.5,5.6,7.4,9.22,3.42,,,,,,,,,,,,,,,,,,,,,,,,,,,,,,,,,,,,,,,,,,,,,,,,,,,,,,,,,,,,,,,,,,,,,,,,,,,,,,,,,,,,,,,,,,,,,,,,,,,,,,,,,,,,,,,,,,,,,,
Luis,Lara,Luis Lara,OF,,2026-09-18T00:00:00,All Day,MIL,BAL,1900-01-08T00:00:00,,S,-1.5,8.5,4.6,2700,6.9,7.0,8.0,9.19,3.40,,,,,,,,,,,,,,,,,,,,,,,,,,,,,,,,,,,,,,,,,,,,,,,,,,,,,,,,,,,,,,,,,,,,,,,,,,,,,,,,,,,,,,,,,,,,,,,,,,,,,,,,,,,,,,,,,,,,,,
Samad,Taylor,Samad Taylor,2B,,2026-09-18T00:00:00,All Day,SD,MIA,1900-01-09T00:00:00,,R,-1.5,7.5,4.4,2900,13.7,9.0,9.8,9.18,3.16,,,,,,,,,,,,,,,,,,,,,,,,,,,,,,,,,,,,,,,,,,,,,,,,,,,,,,,,,,,,,,,,,,,,,,,,,,,,,,,,,,,,,,,,,,,,,,,,,,,,,,,,,,,,,,,,,,,,,,
Jakob,Marsee,Jakob Marsee,OF,,2026-09-18T00:00:00,All Day,MIA,SD,1900-01-06T00:00:00,,L,+1.5,7.5,3.1,2900,17.9,16.1,9.1,9.18,3.16,,,,,,,,,,,,,,,,,,,,,,,,,,,,,,,,,,,,,,,,,,,,,,,,,,,,,,,,,,,,,,,,,,,,,,,,,,,,,,,,,,,,,,,,,,,,,,,,,,,,,,,,,,,,,,,,,,,,,,
Tommy,Pham,Tommy Pham,OF,,2026-09-18T00:00:00,All Day,CWS,DET,1900-01-02T00:00:00,,R,-1.5,8.5,4.5,2300,7.0,3.5,3.5,9.16,3.98,,,,,,,,,,,,,,,,,,,,,,,,,,,,,,,,,,,,,,,,,,,,,,,,,,,,,,,,,,,,,,,,,,,,,,,,,,,,,,,,,,,,,,,,,,,,,,,,,,,,,,,,,,,,,,,,,,,,,,
Brandon,Nimmo,Brandon Nimmo,OF,,2026-09-18T00:00:00,All Day,TEX,TOR,1900-01-04T00:00:00,,L,+1.5,7.5,3.5,2900,9.4,6.2,8.9,9.16,3.16,,,,,,,,,,,,,,,,,,,,,,,,,,,,,,,,,,,,,,,,,,,,,,,,,,,,,,,,,,,,,,,,,,,,,,,,,,,,,,,,,,,,,,,,,,,,,,,,,,,,,,,,,,,,,,,,,,,,,,
Anthony,Volpe,Anthony Volpe,SS,,2026-09-18T00:00:00,All Day,NYY,ARI,1900-01-09T00:00:00,,R,-1.5,8,4.1,2600,10.4,10.6,8.1,9.11,3.51,,,,,,,,,,,,,,,,,,,,,,,,,,,,,,,,,,,,,,,,,,,,,,,,,,,,,,,,,,,,,,,,,,,,,,,,,,,,,,,,,,,,,,,,,,,,,,,,,,,,,,,,,,,,,,,,,,,,,,
J.T.,Realmuto,JT Realmuto,C,,2026-09-18T00:00:00,All Day,PHI,NYM,1900-01-08T00:00:00,,R,+1.5,8.5,4.3,2600,10.6,6.9,7.8,9.10,3.50,,,,,,,,,,,,,,,,,,,,,,,,,,,,,,,,,,,,,,,,,,,,,,,,,,,,,,,,,,,,,,,,,,,,,,,,,,,,,,,,,,,,,,,,,,,,,,,,,,,,,,,,,,,,,,,,,,,,,,
Brayan,Rocchio,Brayan Rocchio,SS,,2026-09-18T00:00:00,All Day,CLE,OAK,1900-01-09T00:00:00,,S,-1.5,8.5,5,2600,10.7,10.7,8.6,9.10,3.50,,,,,,,,,,,,,,,,,,,,,,,,,,,,,,,,,,,,,,,,,,,,,,,,,,,,,,,,,,,,,,,,,,,,,,,,,,,,,,,,,,,,,,,,,,,,,,,,,,,,,,,,,,,,,,,,,,,,,,
Randal,Grichuk,Randal Grichuk,OF,,2026-09-18T00:00:00,All Day,CWS,DET,1900-01-03T00:00:00,,R,-1.5,8.5,4.5,2500,10.6,10.5,6.5,9.03,3.61,,,,,,,,,,,,,,,,,,,,,,,,,,,,,,,,,,,,,,,,,,,,,,,,,,,,,,,,,,,,,,,,,,,,,,,,,,,,,,,,,,,,,,,,,,,,,,,,,,,,,,,,,,,,,,,,,,,,,,
Brenton,Doyle,Brenton Doyle,OF,,2026-09-18T00:00:00,All Day,CWS,DET,1900-01-07T00:00:00,,R,-1.5,8.5,4.5,2500,7.9,4.2,6.3,9.03,3.61,,,,,,,,,,,,,,,,,,,,,,,,,,,,,,,,,,,,,,,,,,,,,,,,,,,,,,,,,,,,,,,,,,,,,,,,,,,,,,,,,,,,,,,,,,,,,,,,,,,,,,,,,,,,,,,,,,,,,,
Xander,Bogaerts,Xander Bogaerts,SS,,2026-09-18T00:00:00,All Day,SD,MIA,1900-01-06T00:00:00,,R,-1.5,7.5,4.4,3000,12.4,12.7,8.5,8.98,2.99,,,,,,,,,,,,,,,,,,,,,,,,,,,,,,,,,,,,,,,,,,,,,,,,,,,,,,,,,,,,,,,,,,,,,,,,,,,,,,,,,,,,,,,,,,,,,,,,,,,,,,,,,,,,,,,,,,,,,,
Ty,France,Ty France,1B,,2026-09-18T00:00:00,All Day,SD,MIA,1900-01-04T00:00:00,,R,-1.5,7.5,4.4,3000,14.4,10.2,9.9,8.97,2.99,,,,,,,,,,,,,,,,,,,,,,,,,,,,,,,,,,,,,,,,,,,,,,,,,,,,,,,,,,,,,,,,,,,,,,,,,,,,,,,,,,,,,,,,,,,,,,,,,,,,,,,,,,,,,,,,,,,,,,
Spencer,Torkelson,Spencer Torkelson,1B,,2026-09-18T00:00:00,All Day,DET,CWS,1900-01-05T00:00:00,,R,+1.5,8.5,4.1,2900,19.3,12.1,8.7,8.97,3.09,,,,,,,,,,,,,,,,,,,,,,,,,,,,,,,,,,,,,,,,,,,,,,,,,,,,,,,,,,,,,,,,,,,,,,,,,,,,,,,,,,,,,,,,,,,,,,,,,,,,,,,,,,,,,,,,,,,,,,
Carter,Jensen,Carter Jensen,C,,2026-09-18T00:00:00,All Day,KC,PIT,1900-01-01T00:00:00,,L,+1.5,8.5,3.7,3200,12.6,13.8,9.9,8.97,2.80,,,,,,,,,,,,,,,,,,,,,,,,,,,,,,,,,,,,,,,,,,,,,,,,,,,,,,,,,,,,,,,,,,,,,,,,,,,,,,,,,,,,,,,,,,,,,,,,,,,,,,,,,,,,,,,,,,,,,,
Nico,Hoerner,Nico Hoerner,2B,,2026-09-18T00:00:00,All Day,CHC,CIN,1900-01-06T00:00:00,,R,-1.5,8.5,4.6,2600,5.8,6.3,9.0,8.93,3.44,,,,,,,,,,,,,,,,,,,,,,,,,,,,,,,,,,,,,,,,,,,,,,,,,,,,,,,,,,,,,,,,,,,,,,,,,,,,,,,,,,,,,,,,,,,,,,,,,,,,,,,,,,,,,,,,,,,,,,
Chandler,Simpson,Chandler Simpson,OF,,2026-09-18T00:00:00,All Day,TB,BOS,1900-01-05T00:00:00,,L,-1.5,7,3.7,2700,16.9,14.0,8.9,8.90,3.30,,,,,,,,,,,,,,,,,,,,,,,,,,,,,,,,,,,,,,,,,,,,,,,,,,,,,,,,,,,,,,,,,,,,,,,,,,,,,,,,,,,,,,,,,,,,,,,,,,,,,,,,,,,,,,,,,,,,,,
Ezequiel,Duran,Ezequiel Duran,3B,,2026-09-18T00:00:00,All Day,TEX,TOR,1900-01-01T00:00:00,,R,+1.5,7.5,3.5,3100,7.7,6.3,9.7,8.84,2.85,,,,,,,,,,,,,,,,,,,,,,,,,,,,,,,,,,,,,,,,,,,,,,,,,,,,,,,,,,,,,,,,,,,,,,,,,,,,,,,,,,,,,,,,,,,,,,,,,,,,,,,,,,,,,,,,,,,,,,
Tim,Tawa,Tim Tawa,2B,,2026-09-18T00:00:00,All Day,ARI,NYY,1900-01-07T00:00:00,,R,+1.5,8,3.9,2600,7.4,8.7,8.0,8.84,3.40,,,,,,,,,,,,,,,,,,,,,,,,,,,,,,,,,,,,,,,,,,,,,,,,,,,,,,,,,,,,,,,,,,,,,,,,,,,,,,,,,,,,,,,,,,,,,,,,,,,,,,,,,,,,,,,,,,,,,,
Brock,Rodden,Brock Rodden,SS,,2026-09-18T00:00:00,All Day,SEA,COL,1900-01-09T00:00:00,,S,-1.5,10.5,6,2700,1.9,4.9,5.4,8.84,3.27,,,,,,,,,,,,,,,,,,,,,,,,,,,,,,,,,,,,,,,,,,,,,,,,,,,,,,,,,,,,,,,,,,,,,,,,,,,,,,,,,,,,,,,,,,,,,,,,,,,,,,,,,,,,,,,,,,,,,,
Marcus,Semien,Marcus Semien,2B,,2026-09-18T00:00:00,All Day,NYM,PHI,1900-01-07T00:00:00,,R,-1.5,8.5,4.3,2600,7.5,8.4,7.6,8.83,3.40,,,,,,,,,,,,,,,,,,,,,,,,,,,,,,,,,,,,,,,,,,,,,,,,,,,,,,,,,,,,,,,,,,,,,,,,,,,,,,,,,,,,,,,,,,,,,,,,,,,,,,,,,,,,,,,,,,,,,,
Trevor,Story,Trevor Story,SS,,2026-09-18T00:00:00,All Day,BOS,TB,1900-01-05T00:00:00,,R,+1.5,7,3.3,2800,13.2,8.7,8.3,8.83,3.15,,,,,,,,,,,,,,,,,,,,,,,,,,,,,,,,,,,,,,,,,,,,,,,,,,,,,,,,,,,,,,,,,,,,,,,,,,,,,,,,,,,,,,,,,,,,,,,,,,,,,,,,,,,,,,,,,,,,,,
Luis,Arraez,Luis Arraez,1B,,2026-09-18T00:00:00,All Day,PHI,NYM,1900-01-04T00:00:00,,L,+1.5,8.5,4.3,2800,8.7,8.4,9.2,8.82,3.15,,,,,,,,,,,,,,,,,,,,,,,,,,,,,,,,,,,,,,,,,,,,,,,,,,,,,,,,,,,,,,,,,,,,,,,,,,,,,,,,,,,,,,,,,,,,,,,,,,,,,,,,,,,,,,,,,,,,,,
Michael,Conforto,Michael Conforto,OF,,2026-09-18T00:00:00,All Day,CHC,CIN,1900-01-07T00:00:00,,L,-1.5,8.5,4.6,2500,4.4,8.1,6.8,8.81,3.52,,,,,,,,,,,,,,,,,,,,,,,,,,,,,,,,,,,,,,,,,,,,,,,,,,,,,,,,,,,,,,,,,,,,,,,,,,,,,,,,,,,,,,,,,,,,,,,,,,,,,,,,,,,,,,,,,,,,,,
Dillon,Dingler,Dillon Dingler,C,,2026-09-18T00:00:00,All Day,DET,CWS,,,R,+1.5,8.5,4.1,3000,7.6,5.7,10.0,8.81,2.94,,,,,,,,,,,,,,,,,,,,,,,,,,,,,,,,,,,,,,,,,,,,,,,,,,,,,,,,,,,,,,,,,,,,,,,,,,,,,,,,,,,,,,,,,,,,,,,,,,,,,,,,,,,,,,,,,,,,,,
Colson,Montgomery,Colson Montgomery,SS,DTD,2026-09-18T00:00:00,All Day,CWS,DET,1900-01-08T00:00:00,,L,-1.5,8.5,4.5,3000,4.9,4.3,9.7,8.81,2.94,,,,,,,,,,,,,,,,,,,,,,,,,,,,,,,,,,,,,,,,,,,,,,,,,,,,,,,,,,,,,,,,,,,,,,,,,,,,,,,,,,,,,,,,,,,,,,,,,,,,,,,,,,,,,,,,,,,,,,
Mauricio,Dubon,Mauricio Dubon,2B,,2026-09-18T00:00:00,All Day,ATL,HOU,1900-01-05T00:00:00,,R,-1.5,8,4.1,2700,15.4,9.2,8.6,8.77,3.25,,,,,,,,,,,,,,,,,,,,,,,,,,,,,,,,,,,,,,,,,,,,,,,,,,,,,,,,,,,,,,,,,,,,,,,,,,,,,,,,,,,,,,,,,,,,,,,,,,,,,,,,,,,,,,,,,,,,,,
Ryan,Kreidler,Ryan Kreidler,2B,,2026-09-18T00:00:00,All Day,MIN,LAA,1900-01-09T00:00:00,,R,-1.5,8,4,2500,6.1,4.0,6.1,8.71,3.48,,,,,,,,,,,,,,,,,,,,,,,,,,,,,,,,,,,,,,,,,,,,,,,,,,,,,,,,,,,,,,,,,,,,,,,,,,,,,,,,,,,,,,,,,,,,,,,,,,,,,,,,,,,,,,,,,,,,,,
Vinnie,Pasquantino,Vinnie Pasquantino,1B,,2026-09-18T00:00:00,All Day,KC,PIT,1900-01-03T00:00:00,,L,+1.5,8.5,3.7,2900,6.8,9.1,9.1,8.71,3.00,,,,,,,,,,,,,,,,,,,,,,,,,,,,,,,,,,,,,,,,,,,,,,,,,,,,,,,,,,,,,,,,,,,,,,,,,,,,,,,,,,,,,,,,,,,,,,,,,,,,,,,,,,,,,,,,,,,,,,
Zack,Gelof,Zack Gelof,2B,,2026-09-18T00:00:00,All Day,OAK,CLE,1900-01-04T00:00:00,,R,+1.5,8.5,3.5,3100,8.1,7.8,10.4,8.71,2.81,,,,,,,,,,,,,,,,,,,,,,,,,,,,,,,,,,,,,,,,,,,,,,,,,,,,,,,,,,,,,,,,,,,,,,,,,,,,,,,,,,,,,,,,,,,,,,,,,,,,,,,,,,,,,,,,,,,,,,
Brady,House,Brady House,3B,,2026-09-18T00:00:00,All Day,WAS,STL,1900-01-05T00:00:00,,R,-1.5,7.5,3.8,2800,4.9,5.0,8.5,8.71,3.11,,,,,,,,,,,,,,,,,,,,,,,,,,,,,,,,,,,,,,,,,,,,,,,,,,,,,,,,,,,,,,,,,,,,,,,,,,,,,,,,,,,,,,,,,,,,,,,,,,,,,,,,,,,,,,,,,,,,,,
Gleyber,Torres,Gleyber Torres,2B,,2026-09-18T00:00:00,All Day,DET,CWS,1900-01-02T00:00:00,,R,+1.5,8.5,4.1,2900,6.9,7.8,9.4,8.68,2.99,,,,,,,,,,,,,,,,,,,,,,,,,,,,,,,,,,,,,,,,,,,,,,,,,,,,,,,,,,,,,,,,,,,,,,,,,,,,,,,,,,,,,,,,,,,,,,,,,,,,,,,,,,,,,,,,,,,,,,
Cooper,Pratt,Cooper Pratt,SS,,2026-09-18T00:00:00,All Day,MIL,BAL,1900-01-09T00:00:00,,R,-1.5,8.5,4.6,2700,11.2,7.2,9.3,8.68,3.21,,,,,,,,,,,,,,,,,,,,,,,,,,,,,,,,,,,,,,,,,,,,,,,,,,,,,,,,,,,,,,,,,,,,,,,,,,,,,,,,,,,,,,,,,,,,,,,,,,,,,,,,,,,,,,,,,,,,,,
Thomas,Saggese,Thomas Saggese,3B,,2026-09-18T00:00:00,All Day,STL,WAS,1900-01-06T00:00:00,,R,+1.5,7.5,3.8,2600,7.5,7.1,7.7,8.65,3.33,,,,,,,,,,,,,,,,,,,,,,,,,,,,,,,,,,,,,,,,,,,,,,,,,,,,,,,,,,,,,,,,,,,,,,,,,,,,,,,,,,,,,,,,,,,,,,,,,,,,,,,,,,,,,,,,,,,,,,
Jahmai,Jones,Jahmai Jones,OF,,2026-09-18T00:00:00,All Day,BOS,TB,1900-01-03T00:00:00,,R,+1.5,7,3.3,2300,1.2,4.0,4.0,8.64,3.76,,,,,,,,,,,,,,,,,,,,,,,,,,,,,,,,,,,,,,,,,,,,,,,,,,,,,,,,,,,,,,,,,,,,,,,,,,,,,,,,,,,,,,,,,,,,,,,,,,,,,,,,,,,,,,,,,,,,,,
Samuel,Basallo,Samuel Basallo,C,,2026-09-18T00:00:00,All Day,BAL,MIL,1900-01-05T00:00:00,,L,+1.5,8.5,3.9,2700,6.9,5.3,7.9,8.62,3.19,,,,,,,,,,,,,,,,,,,,,,,,,,,,,,,,,,,,,,,,,,,,,,,,,,,,,,,,,,,,,,,,,,,,,,,,,,,,,,,,,,,,,,,,,,,,,,,,,,,,,,,,,,,,,,,,,,,,,,
Ozzie,Albies,Ozzie Albies,2B,,2026-09-18T00:00:00,All Day,ATL,HOU,1900-01-06T00:00:00,,S,-1.5,8,4.1,2900,12.5,8.1,9.3,8.58,2.96,,,,,,,,,,,,,,,,,,,,,,,,,,,,,,,,,,,,,,,,,,,,,,,,,,,,,,,,,,,,,,,,,,,,,,,,,,,,,,,,,,,,,,,,,,,,,,,,,,,,,,,,,,,,,,,,,,,,,,
Javier,Sanoja,Javier Sanoja,SS,,2026-09-18T00:00:00,All Day,MIA,SD,1900-01-05T00:00:00,,R,+1.5,7.5,3.1,2900,15.2,16.6,8.6,8.58,2.96,,,,,,,,,,,,,,,,,,,,,,,,,,,,,,,,,,,,,,,,,,,,,,,,,,,,,,,,,,,,,,,,,,,,,,,,,,,,,,,,,,,,,,,,,,,,,,,,,,,,,,,,,,,,,,,,,,,,,,
Caleb,Durbin,Caleb Durbin,3B,,2026-09-18T00:00:00,All Day,BOS,TB,1900-01-06T00:00:00,,R,+1.5,7,3.3,2900,13.6,10.1,9.1,8.58,2.96,,,,,,,,,,,,,,,,,,,,,,,,,,,,,,,,,,,,,,,,,,,,,,,,,,,,,,,,,,,,,,,,,,,,,,,,,,,,,,,,,,,,,,,,,,,,,,,,,,,,,,,,,,,,,,,,,,,,,,
Jonah,Cox,Jonah Cox,OF,,2026-09-18T00:00:00,All Day,SF,LAD,1900-01-03T00:00:00,,R,+1.5,8,2.9,2600,11.7,9.9,8.1,8.58,3.30,,,,,,,,,,,,,,,,,,,,,,,,,,,,,,,,,,,,,,,,,,,,,,,,,,,,,,,,,,,,,,,,,,,,,,,,,,,,,,,,,,,,,,,,,,,,,,,,,,,,,,,,,,,,,,,,,,,,,,
Griffin,Conine,Griffin Conine,OF,,2026-09-18T00:00:00,All Day,MIA,SD,1900-01-04T00:00:00,,L,+1.5,7.5,3.1,3000,8.6,8.4,9.1,8.57,2.86,,,,,,,,,,,,,,,,,,,,,,,,,,,,,,,,,,,,,,,,,,,,,,,,,,,,,,,,,,,,,,,,,,,,,,,,,,,,,,,,,,,,,,,,,,,,,,,,,,,,,,,,,,,,,,,,,,,,,,
Colt,Keith,Colt Keith,1B,,2026-09-18T00:00:00,All Day,DET,CWS,1900-01-03T00:00:00,,L,+1.5,8.5,4.1,2600,8.0,7.8,6.5,8.53,3.28,,,,,,,,,,,,,,,,,,,,,,,,,,,,,,,,,,,,,,,,,,,,,,,,,,,,,,,,,,,,,,,,,,,,,,,,,,,,,,,,,,,,,,,,,,,,,,,,,,,,,,,,,,,,,,,,,,,,,,
Jonathan,Aranda,Jonathan Aranda,1B,,2026-09-18T00:00:00,All Day,TB,BOS,1900-01-02T00:00:00,,L,-1.5,7,3.7,3300,14.9,13.1,10.2,8.52,2.58,,,,,,,,,,,,,,,,,,,,,,,,,,,,,,,,,,,,,,,,,,,,,,,,,,,,,,,,,,,,,,,,,,,,,,,,,,,,,,,,,,,,,,,,,,,,,,,,,,,,,,,,,,,,,,,,,,,,,,
Jonny,DeLuca,Jonny DeLuca,OF,,2026-09-18T00:00:00,All Day,TB,BOS,1900-01-06T00:00:00,,R,-1.5,7,3.7,2700,7.5,5.6,8.4,8.51,3.15,,,,,,,,,,,,,,,,,,,,,,,,,,,,,,,,,,,,,,,,,,,,,,,,,,,,,,,,,,,,,,,,,,,,,,,,,,,,,,,,,,,,,,,,,,,,,,,,,,,,,,,,,,,,,,,,,,,,,,
Nick,Gonzales,Nick Gonzales,2B,,2026-09-18T00:00:00,All Day,PIT,KC,1900-01-05T00:00:00,,R,-1.5,8.5,4.8,2600,6.7,5.2,8.9,8.45,3.25,,,,,,,,,,,,,,,,,,,,,,,,,,,,,,,,,,,,,,,,,,,,,,,,,,,,,,,,,,,,,,,,,,,,,,,,,,,,,,,,,,,,,,,,,,,,,,,,,,,,,,,,,,,,,,,,,,,,,,
George,Lombard Jr.,George Lombard Jr,SS,,2026-09-18T00:00:00,All Day,NYY,ARI,1900-01-06T00:00:00,,R,-1.5,8,4.1,2600,8.7,9.4,7.9,8.45,3.25,,,,,,,,,,,,,,,,,,,,,,,,,,,,,,,,,,,,,,,,,,,,,,,,,,,,,,,,,,,,,,,,,,,,,,,,,,,,,,,,,,,,,,,,,,,,,,,,,,,,,,,,,,,,,,,,,,,,,,
Kyle,Karros,Kyle Karros,3B,,2026-09-18T00:00:00,All Day,COL,SEA,1900-01-06T00:00:00,,R,+1.5,10.5,4.5,3200,11.2,8.4,8.8,8.45,2.64,,,,,,,,,,,,,,,,,,,,,,,,,,,,,,,,,,,,,,,,,,,,,,,,,,,,,,,,,,,,,,,,,,,,,,,,,,,,,,,,,,,,,,,,,,,,,,,,,,,,,,,,,,,,,,,,,,,,,,
Bryce,Eldridge,Bryce Eldridge,OF,,2026-09-18T00:00:00,All Day,SF,LAD,1900-01-02T00:00:00,,L,+1.5,8,2.9,2900,11.9,13.9,10.0,8.44,2.91,,,,,,,,,,,,,,,,,,,,,,,,,,,,,,,,,,,,,,,,,,,,,,,,,,,,,,,,,,,,,,,,,,,,,,,,,,,,,,,,,,,,,,,,,,,,,,,,,,,,,,,,,,,,,,,,,,,,,,
Kyren,Paris,Kyren Paris,SS,,2026-09-18T00:00:00,All Day,LAA,MIN,1900-01-08T00:00:00,,R,+1.5,8,4,2100,1.2,1.8,1.3,8.39,3.99,,,,,,,,,,,,,,,,,,,,,,,,,,,,,,,,,,,,,,,,,,,,,,,,,,,,,,,,,,,,,,,,,,,,,,,,,,,,,,,,,,,,,,,,,,,,,,,,,,,,,,,,,,,,,,,,,,,,,,
Emmanuel,Rodriguez,Emmanuel Rodriguez,OF,,2026-09-18T00:00:00,All Day,MIN,LAA,1900-01-07T00:00:00,,L,-1.5,8,4,2300,6.9,8.9,8.9,8.39,3.65,,,,,,,,,,,,,,,,,,,,,,,,,,,,,,,,,,,,,,,,,,,,,,,,,,,,,,,,,,,,,,,,,,,,,,,,,,,,,,,,,,,,,,,,,,,,,,,,,,,,,,,,,,,,,,,,,,,,,,
Max,Clark,Max Clark,OF,,2026-09-18T00:00:00,All Day,DET,CWS,1900-01-07T00:00:00,,L,+1.5,8.5,4.1,3000,13.2,14.6,10.2,8.39,2.80,,,,,,,,,,,,,,,,,,,,,,,,,,,,,,,,,,,,,,,,,,,,,,,,,,,,,,,,,,,,,,,,,,,,,,,,,,,,,,,,,,,,,,,,,,,,,,,,,,,,,,,,,,,,,,,,,,,,,,
Dansby,Swanson,Dansby Swanson,SS,,2026-09-18T00:00:00,All Day,CHC,CIN,1900-01-08T00:00:00,,R,-1.5,8.5,4.6,3000,14.9,12.4,10.4,8.36,2.79,,,,,,,,,,,,,,,,,,,,,,,,,,,,,,,,,,,,,,,,,,,,,,,,,,,,,,,,,,,,,,,,,,,,,,,,,,,,,,,,,,,,,,,,,,,,,,,,,,,,,,,,,,,,,,,,,,,,,,
Brett,Baty,Brett Baty,1B,,2026-09-18T00:00:00,All Day,NYM,PHI,1900-01-08T00:00:00,,L,-1.5,8.5,4.3,2700,4.2,10.0,7.0,8.36,3.10,,,,,,,,,,,,,,,,,,,,,,,,,,,,,,,,,,,,,,,,,,,,,,,,,,,,,,,,,,,,,,,,,,,,,,,,,,,,,,,,,,,,,,,,,,,,,,,,,,,,,,,,,,,,,,,,,,,,,,
Josh,Jung,Josh Jung,3B,,2026-09-18T00:00:00,All Day,TEX,TOR,1900-01-03T00:00:00,,R,+1.5,7.5,3.5,2800,12.5,8.4,9.5,8.32,2.97,,,,,,,,,,,,,,,,,,,,,,,,,,,,,,,,,,,,,,,,,,,,,,,,,,,,,,,,,,,,,,,,,,,,,,,,,,,,,,,,,,,,,,,,,,,,,,,,,,,,,,,,,,,,,,,,,,,,,,
Ernie,Clement,Ernie Clement,2B,,2026-09-18T00:00:00,All Day,TOR,TEX,1900-01-09T00:00:00,,R,-1.5,7.5,4,2500,4.4,4.4,7.3,8.32,3.33,,,,,,,,,,,,,,,,,,,,,,,,,,,,,,,,,,,,,,,,,,,,,,,,,,,,,,,,,,,,,,,,,,,,,,,,,,,,,,,,,,,,,,,,,,,,,,,,,,,,,,,,,,,,,,,,,,,,,,
Adael,Amador,Adael Amador,SS,,2026-09-18T00:00:00,All Day,COL,SEA,1900-01-08T00:00:00,,S,+1.5,10.5,4.5,3300,8.1,8.7,11.2,8.32,2.52,,,,,,,,,,,,,,,,,,,,,,,,,,,,,,,,,,,,,,,,,,,,,,,,,,,,,,,,,,,,,,,,,,,,,,,,,,,,,,,,,,,,,,,,,,,,,,,,,,,,,,,,,,,,,,,,,,,,,,
Kike,Hernandez,Kike Hernandez,3B,,2026-09-18T00:00:00,All Day,LAD,SF,1900-01-08T00:00:00,,R,-1.5,8,5.1,2600,10.8,6.9,5.7,8.31,3.20,,,,,,,,,,,,,,,,,,,,,,,,,,,,,,,,,,,,,,,,,,,,,,,,,,,,,,,,,,,,,,,,,,,,,,,,,,,,,,,,,,,,,,,,,,,,,,,,,,,,,,,,,,,,,,,,,,,,,,
Luis,Campusano,Luis Campusano,C,,2026-09-18T00:00:00,All Day,SD,MIA,1900-01-07T00:00:00,,R,-1.5,7.5,4.4,2700,4.9,8.1,7.9,8.30,3.07,,,,,,,,,,,,,,,,,,,,,,,,,,,,,,,,,,,,,,,,,,,,,,,,,,,,,,,,,,,,,,,,,,,,,,,,,,,,,,,,,,,,,,,,,,,,,,,,,,,,,,,,,,,,,,,,,,,,,,
Mike,Yastrzemski,Mike Yastrzemski,OF,,2026-09-18T00:00:00,All Day,ATL,HOU,1900-01-07T00:00:00,,L,-1.5,8,4.1,2600,7.4,6.5,6.1,8.26,3.18,,,,,,,,,,,,,,,,,,,,,,,,,,,,,,,,,,,,,,,,,,,,,,,,,,,,,,,,,,,,,,,,,,,,,,,,,,,,,,,,,,,,,,,,,,,,,,,,,,,,,,,,,,,,,,,,,,,,,,
Denzer,Guzman,Denzer Guzman,SS,,2026-09-18T00:00:00,All Day,LAA,MIN,1900-01-07T00:00:00,,R,+1.5,8,4,2500,6.3,8.2,7.2,8.26,3.30,,,,,,,,,,,,,,,,,,,,,,,,,,,,,,,,,,,,,,,,,,,,,,,,,,,,,,,,,,,,,,,,,,,,,,,,,,,,,,,,,,,,,,,,,,,,,,,,,,,,,,,,,,,,,,,,,,,,,,
Jung Hoo,Lee,Jung Hoo Lee,OF,,2026-09-18T00:00:00,All Day,SF,LAD,1900-01-04T00:00:00,,L,+1.5,8,2.9,2800,3.6,5.3,8.5,8.26,2.95,,,,,,,,,,,,,,,,,,,,,,,,,,,,,,,,,,,,,,,,,,,,,,,,,,,,,,,,,,,,,,,,,,,,,,,,,,,,,,,,,,,,,,,,,,,,,,,,,,,,,,,,,,,,,,,,,,,,,,
Ronny,Simon,Ronny Simon,OF,,2026-09-18T00:00:00,All Day,PIT,KC,1900-01-07T00:00:00,,S,-1.5,8.5,4.8,2400,6.7,8.0,7.3,8.26,3.44,,,,,,,,,,,,,,,,,,,,,,,,,,,,,,,,,,,,,,,,,,,,,,,,,,,,,,,,,,,,,,,,,,,,,,,,,,,,,,,,,,,,,,,,,,,,,,,,,,,,,,,,,,,,,,,,,,,,,,
Jake,Burger,Jake Burger,1B,,2026-09-18T00:00:00,All Day,TEX,TOR,1900-01-06T00:00:00,,R,+1.5,7.5,3.5,3100,8.0,13.1,9.4,8.19,2.64,,,,,,,,,,,,,,,,,,,,,,,,,,,,,,,,,,,,,,,,,,,,,,,,,,,,,,,,,,,,,,,,,,,,,,,,,,,,,,,,,,,,,,,,,,,,,,,,,,,,,,,,,,,,,,,,,,,,,,
Kyle,Leahy,Kyle Leahy,P,,2026-09-18T00:00:00,All Day,STL,WAS,,YES,R,+1.5,7.5,3.8,7000,22.0,28.7,25.8,8.15,1.16,,,,,,,,,,,,,,,,,,,,,,,,,,,,,,,,,,,,,,,,,,,,,,,,,,,,,,,,,,,,,,,,,,,,,,,,,,,,,,,,,,,,,,,,,,,,,,,,,,,,,,,,,,,,,,,,,,,,,,
Derek,Hill,Derek Hill,OF,,2026-09-18T00:00:00,All Day,PHI,NYM,1900-01-09T00:00:00,,R,+1.5,8.5,4.3,2500,10.7,7.5,6.5,8.13,3.25,,,,,,,,,,,,,,,,,,,,,,,,,,,,,,,,,,,,,,,,,,,,,,,,,,,,,,,,,,,,,,,,,,,,,,,,,,,,,,,,,,,,,,,,,,,,,,,,,,,,,,,,,,,,,,,,,,,,,,
Taylor,Trammell,Taylor Trammell,OF,,2026-09-18T00:00:00,All Day,HOU,ATL,1900-01-07T00:00:00,,L,+1.5,8,3.9,2400,9.3,6.8,6.3,8.13,3.39,,,,,,,,,,,,,,,,,,,,,,,,,,,,,,,,,,,,,,,,,,,,,,,,,,,,,,,,,,,,,,,,,,,,,,,,,,,,,,,,,,,,,,,,,,,,,,,,,,,,,,,,,,,,,,,,,,,,,,
Zach,McKinstry,Zach McKinstry,SS,,2026-09-18T00:00:00,All Day,DET,CWS,1900-01-06T00:00:00,,L,+1.5,8.5,4.1,2300,5.6,5.5,5.9,8.13,3.53,,,,,,,,,,,,,,,,,,,,,,,,,,,,,,,,,,,,,,,,,,,,,,,,,,,,,,,,,,,,,,,,,,,,,,,,,,,,,,,,,,,,,,,,,,,,,,,,,,,,,,,,,,,,,,,,,,,,,,
Drew,Gilbert,Drew Gilbert,OF,,2026-09-18T00:00:00,All Day,SF,LAD,1900-01-01T00:00:00,,L,+1.5,8,2.9,2600,13.2,8.1,6.7,8.13,3.13,,,,,,,,,,,,,,,,,,,,,,,,,,,,,,,,,,,,,,,,,,,,,,,,,,,,,,,,,,,,,,,,,,,,,,,,,,,,,,,,,,,,,,,,,,,,,,,,,,,,,,,,,,,,,,,,,,,,,,
Edmundo,Sosa,Edmundo Sosa,3B,,2026-09-18T00:00:00,All Day,PHI,NYM,1900-01-06T00:00:00,,R,+1.5,8.5,4.3,2600,6.3,5.9,7.0,8.06,3.10,,,,,,,,,,,,,,,,,,,,,,,,,,,,,,,,,,,,,,,,,,,,,,,,,,,,,,,,,,,,,,,,,,,,,,,,,,,,,,,,,,,,,,,,,,,,,,,,,,,,,,,,,,,,,,,,,,,,,,
Maikel,Garcia,Maikel Garcia,3B,,2026-09-18T00:00:00,All Day,KC,PIT,1900-01-04T00:00:00,,R,+1.5,8.5,3.7,2700,6.1,6.2,8.7,8.06,2.99,,,,,,,,,,,,,,,,,,,,,,,,,,,,,,,,,,,,,,,,,,,,,,,,,,,,,,,,,,,,,,,,,,,,,,,,,,,,,,,,,,,,,,,,,,,,,,,,,,,,,,,,,,,,,,,,,,,,,,
Pavin,Smith,Pavin Smith,1B,,2026-09-18T00:00:00,All Day,ARI,NYY,1900-01-08T00:00:00,,L,+1.5,8,3.9,2400,8.7,6.5,5.0,8.04,3.35,,,,,,,,,,,,,,,,,,,,,,,,,,,,,,,,,,,,,,,,,,,,,,,,,,,,,,,,,,,,,,,,,,,,,,,,,,,,,,,,,,,,,,,,,,,,,,,,,,,,,,,,,,,,,,,,,,,,,,
Jake,Cronenworth,Jake Cronenworth,1B,,2026-09-18T00:00:00,All Day,SD,MIA,1900-01-08T00:00:00,,L,-1.5,7.5,4.4,2600,9.9,8.4,7.1,8.04,3.09,,,,,,,,,,,,,,,,,,,,,,,,,,,,,,,,,,,,,,,,,,,,,,,,,,,,,,,,,,,,,,,,,,,,,,,,,,,,,,,,,,,,,,,,,,,,,,,,,,,,,,,,,,,,,,,,,,,,,,
Walker,Jenkins,Walker Jenkins,OF,,2026-09-18T00:00:00,All Day,MIN,LAA,1900-01-08T00:00:00,,L,-1.5,8,4,2800,6.9,5.7,7.4,8.04,2.87,,,,,,,,,,,,,,,,,,,,,,,,,,,,,,,,,,,,,,,,,,,,,,,,,,,,,,,,,,,,,,,,,,,,,,,,,,,,,,,,,,,,,,,,,,,,,,,,,,,,,,,,,,,,,,,,,,,,,,
Carlos,Jorge,Carlos Jorge,OF,,2026-09-18T00:00:00,All Day,CIN,CHC,1900-01-01T00:00:00,,L,+1.5,8.5,3.9,2100,0.6,1.7,1.7,8.00,3.81,,,,,,,,,,,,,,,,,,,,,,,,,,,,,,,,,,,,,,,,,,,,,,,,,,,,,,,,,,,,,,,,,,,,,,,,,,,,,,,,,,,,,,,,,,,,,,,,,,,,,,,,,,,,,,,,,,,,,,
Luis,Torrens,Luis Torrens,C,,2026-09-18T00:00:00,All Day,NYM,PHI,1900-01-09T00:00:00,,R,-1.5,8.5,4.3,2600,14.1,9.9,7.5,7.96,3.06,,,,,,,,,,,,,,,,,,,,,,,,,,,,,,,,,,,,,,,,,,,,,,,,,,,,,,,,,,,,,,,,,,,,,,,,,,,,,,,,,,,,,,,,,,,,,,,,,,,,,,,,,,,,,,,,,,,,,,
Yohandy,Morales,Yohandy Morales,3B,,2026-09-18T00:00:00,All Day,WAS,STL,1900-01-07T00:00:00,,R,-1.5,7.5,3.8,2400,11.3,9.6,9.6,7.96,3.32,,,,,,,,,,,,,,,,,,,,,,,,,,,,,,,,,,,,,,,,,,,,,,,,,,,,,,,,,,,,,,,,,,,,,,,,,,,,,,,,,,,,,,,,,,,,,,,,,,,,,,,,,,,,,,,,,,,,,,
Tyler,Stephenson,Tyler Stephenson,C,,2026-09-18T00:00:00,All Day,CIN,CHC,1900-01-04T00:00:00,,R,+1.5,8.5,3.9,2700,4.3,4.0,7.8,7.93,2.94,,,,,,,,,,,,,,,,,,,,,,,,,,,,,,,,,,,,,,,,,,,,,,,,,,,,,,,,,,,,,,,,,,,,,,,,,,,,,,,,,,,,,,,,,,,,,,,,,,,,,,,,,,,,,,,,,,,,,,
Xavier,Edwards,Xavier Edwards,SS,,2026-09-18T00:00:00,All Day,MIA,SD,1900-01-07T00:00:00,,S,+1.5,7.5,3.1,2900,6.8,7.8,9.3,7.93,2.73,,,,,,,,,,,,,,,,,,,,,,,,,,,,,,,,,,,,,,,,,,,,,,,,,,,,,,,,,,,,,,,,,,,,,,,,,,,,,,,,,,,,,,,,,,,,,,,,,,,,,,,,,,,,,,,,,,,,,,
Jonah,Heim,Jonah Heim,C,,2026-09-18T00:00:00,All Day,OAK,CLE,1900-01-07T00:00:00,,S,+1.5,8.5,3.5,2500,1.2,4.0,7.2,7.93,3.17,,,,,,,,,,,,,,,,,,,,,,,,,,,,,,,,,,,,,,,,,,,,,,,,,,,,,,,,,,,,,,,,,,,,,,,,,,,,,,,,,,,,,,,,,,,,,,,,,,,,,,,,,,,,,,,,,,,,,,
Coby,Mayo,Coby Mayo,3B,,2026-09-18T00:00:00,All Day,BAL,MIL,1900-01-04T00:00:00,,R,+1.5,8.5,3.9,3100,10.6,15.0,9.0,7.93,2.56,,,,,,,,,,,,,,,,,,,,,,,,,,,,,,,,,,,,,,,,,,,,,,,,,,,,,,,,,,,,,,,,,,,,,,,,,,,,,,,,,,,,,,,,,,,,,,,,,,,,,,,,,,,,,,,,,,,,,,
Nick,Sogard,Nick Sogard,1B,,2026-09-18T00:00:00,All Day,BOS,TB,1900-01-02T00:00:00,,S,+1.5,7,3.3,2900,10.0,7.5,8.8,7.93,2.73,,,,,,,,,,,,,,,,,,,,,,,,,,,,,,,,,,,,,,,,,,,,,,,,,,,,,,,,,,,,,,,,,,,,,,,,,,,,,,,,,,,,,,,,,,,,,,,,,,,,,,,,,,,,,,,,,,,,,,
Carson,Kelly,Carson Kelly,C,,2026-09-18T00:00:00,All Day,CHC,CIN,1900-01-09T00:00:00,,R,-1.5,8.5,4.6,2600,5.0,7.0,8.4,7.89,3.04,,,,,,,,,,,,,,,,,,,,,,,,,,,,,,,,,,,,,,,,,,,,,,,,,,,,,,,,,,,,,,,,,,,,,,,,,,,,,,,,,,,,,,,,,,,,,,,,,,,,,,,,,,,,,,,,,,,,,,
Ryan,McMahon,Ryan McMahon,3B,,2026-09-18T00:00:00,All Day,NYY,ARI,1900-01-07T00:00:00,,L,-1.5,8,4.1,2300,4.4,3.4,5.9,7.86,3.42,,,,,,,,,,,,,,,,,,,,,,,,,,,,,,,,,,,,,,,,,,,,,,,,,,,,,,,,,,,,,,,,,,,,,,,,,,,,,,,,,,,,,,,,,,,,,,,,,,,,,,,,,,,,,,,,,,,,,,
Masyn,Winn,Masyn Winn,SS,,2026-09-18T00:00:00,All Day,STL,WAS,1900-01-08T00:00:00,,R,+1.5,7.5,3.8,2700,7.6,8.1,8.0,7.81,2.89,,,,,,,,,,,,,,,,,,,,,,,,,,,,,,,,,,,,,,,,,,,,,,,,,,,,,,,,,,,,,,,,,,,,,,,,,,,,,,,,,,,,,,,,,,,,,,,,,,,,,,,,,,,,,,,,,,,,,,
Jorbit,Vivas,Jorbit Vivas,2B,,2026-09-18T00:00:00,All Day,WAS,STL,1900-01-06T00:00:00,,L,-1.5,7.5,3.8,2300,7.6,6.6,5.6,7.81,3.39,,,,,,,,,,,,,,,,,,,,,,,,,,,,,,,,,,,,,,,,,,,,,,,,,,,,,,,,,,,,,,,,,,,,,,,,,,,,,,,,,,,,,,,,,,,,,,,,,,,,,,,,,,,,,,,,,,,,,,
Matt,McLain,Matt McLain,SS,,2026-09-18T00:00:00,All Day,CIN,CHC,1900-01-09T00:00:00,,R,+1.5,8.5,3.9,2600,3.7,8.1,8.2,7.81,3.00,,,,,,,,,,,,,,,,,,,,,,,,,,,,,,,,,,,,,,,,,,,,,,,,,,,,,,,,,,,,,,,,,,,,,,,,,,,,,,,,,,,,,,,,,,,,,,,,,,,,,,,,,,,,,,,,,,,,,,
Ryan,Vilade,Ryan Vilade,1B,,2026-09-18T00:00:00,All Day,TB,BOS,1900-01-04T00:00:00,,R,-1.5,7,3.7,2500,4.3,5.0,7.3,7.78,3.11,,,,,,,,,,,,,,,,,,,,,,,,,,,,,,,,,,,,,,,,,,,,,,,,,,,,,,,,,,,,,,,,,,,,,,,,,,,,,,,,,,,,,,,,,,,,,,,,,,,,,,,,,,,,,,,,,,,,,,
Travis,d'Arnaud,Travis d'Arnaud,C,,2026-09-18T00:00:00,All Day,LAA,MIN,1900-01-09T00:00:00,,R,+1.5,8,4,2100,4.3,2.7,3.8,7.76,3.69,,,,,,,,,,,,,,,,,,,,,,,,,,,,,,,,,,,,,,,,,,,,,,,,,,,,,,,,,,,,,,,,,,,,,,,,,,,,,,,,,,,,,,,,,,,,,,,,,,,,,,,,,,,,,,,,,,,,,,
Grant,McCray,Grant McCray,OF,,2026-09-18T00:00:00,All Day,SF,LAD,1900-01-08T00:00:00,,L,+1.5,8,2.9,2200,8.0,7.7,6.3,7.73,3.52,,,,,,,,,,,,,,,,,,,,,,,,,,,,,,,,,,,,,,,,,,,,,,,,,,,,,,,,,,,,,,,,,,,,,,,,,,,,,,,,,,,,,,,,,,,,,,,,,,,,,,,,,,,,,,,,,,,,,,
Patrick,Bailey,Patrick Bailey,C,,2026-09-18T00:00:00,All Day,CLE,OAK,1900-01-07T00:00:00,,S,-1.5,8.5,5,2400,6.8,4.9,6.1,7.67,3.20,,,,,,,,,,,,,,,,,,,,,,,,,,,,,,,,,,,,,,,,,,,,,,,,,,,,,,,,,,,,,,,,,,,,,,,,,,,,,,,,,,,,,,,,,,,,,,,,,,,,,,,,,,,,,,,,,,,,,,
Harry,Ford,Harry Ford,C,,2026-09-18T00:00:00,All Day,WAS,STL,1900-01-08T00:00:00,,R,-1.5,7.5,3.8,2600,8.8,8.4,7.8,7.66,2.95,,,,,,,,,,,,,,,,,,,,,,,,,,,,,,,,,,,,,,,,,,,,,,,,,,,,,,,,,,,,,,,,,,,,,,,,,,,,,,,,,,,,,,,,,,,,,,,,,,,,,,,,,,,,,,,,,,,,,,
Hector,Rodriguez,Hector Rodriguez,OF,,2026-09-18T00:00:00,All Day,CIN,CHC,1900-01-07T00:00:00,,L,+1.5,8.5,3.9,2800,2.4,4.0,7.4,7.61,2.72,,,,,,,,,,,,,,,,,,,,,,,,,,,,,,,,,,,,,,,,,,,,,,,,,,,,,,,,,,,,,,,,,,,,,,,,,,,,,,,,,,,,,,,,,,,,,,,,,,,,,,,,,,,,,,,,,,,,,,
Chase,Burns,Chase Burns,P,,2026-09-18T00:00:00,All Day,CIN,CHC,,YES,R,+1.5,8.5,3.9,8900,24.8,31.3,35.4,7.60,0.85,,,,,,,,,,,,,,,,,,,,,,,,,,,,,,,,,,,,,,,,,,,,,,,,,,,,,,,,,,,,,,,,,,,,,,,,,,,,,,,,,,,,,,,,,,,,,,,,,,,,,,,,,,,,,,,,,,,,,,
Turner,Hill,Turner Hill,OF,,2026-09-18T00:00:00,All Day,SF,LAD,1900-01-05T00:00:00,,L,+1.5,8,2.9,2800,8.1,6.2,8.4,7.60,2.72,,,,,,,,,,,,,,,,,,,,,,,,,,,,,,,,,,,,,,,,,,,,,,,,,,,,,,,,,,,,,,,,,,,,,,,,,,,,,,,,,,,,,,,,,,,,,,,,,,,,,,,,,,,,,,,,,,,,,,
Sean,Murphy,Sean Murphy,C,,2026-09-18T00:00:00,All Day,ATL,HOU,1900-01-09T00:00:00,,R,-1.5,8,4.1,2300,5.1,7.9,6.9,7.51,3.27,,,,,,,,,,,,,,,,,,,,,,,,,,,,,,,,,,,,,,,,,,,,,,,,,,,,,,,,,,,,,,,,,,,,,,,,,,,,,,,,,,,,,,,,,,,,,,,,,,,,,,,,,,,,,,,,,,,,,,
Nate,Eaton,Nate Eaton,OF,,2026-09-18T00:00:00,All Day,BOS,TB,1900-01-08T00:00:00,,R,+1.5,7,3.3,2400,2.5,2.2,5.5,7.48,3.12,,,,,,,,,,,,,,,,,,,,,,,,,,,,,,,,,,,,,,,,,,,,,,,,,,,,,,,,,,,,,,,,,,,,,,,,,,,,,,,,,,,,,,,,,,,,,,,,,,,,,,,,,,,,,,,,,,,,,,
Jordan,Lawlar,Jordan Lawlar,2B,,2026-09-18T00:00:00,All Day,ARI,NYY,1900-01-09T00:00:00,,R,+1.5,8,3.9,2700,12.4,7.4,8.5,7.47,2.77,,,,,,,,,,,,,,,,,,,,,,,,,,,,,,,,,,,,,,,,,,,,,,,,,,,,,,,,,,,,,,,,,,,,,,,,,,,,,,,,,,,,,,,,,,,,,,,,,,,,,,,,,,,,,,,,,,,,,,
Petey,Halpin,Petey Halpin,OF,,2026-09-18T00:00:00,All Day,CLE,OAK,1900-01-08T00:00:00,,L,-1.5,8.5,5,2300,11.4,6.3,5.8,7.43,3.23,,,,,,,,,,,,,,,,,,,,,,,,,,,,,,,,,,,,,,,,,,,,,,,,,,,,,,,,,,,,,,,,,,,,,,,,,,,,,,,,,,,,,,,,,,,,,,,,,,,,,,,,,,,,,,,,,,,,,,
Ezequiel,Tovar,Ezequiel Tovar,SS,,2026-09-18T00:00:00,All Day,COL,SEA,1900-01-09T00:00:00,,R,+1.5,10.5,4.5,2800,8.1,7.4,6.6,7.42,2.65,,,,,,,,,,,,,,,,,,,,,,,,,,,,,,,,,,,,,,,,,,,,,,,,,,,,,,,,,,,,,,,,,,,,,,,,,,,,,,,,,,,,,,,,,,,,,,,,,,,,,,,,,,,,,,,,,,,,,,
Tommy,White,Tommy White,3B,,2026-09-18T00:00:00,All Day,OAK,CLE,1900-01-06T00:00:00,,R,+1.5,8.5,3.5,2500,5.5,4.3,5.9,7.40,2.96,,,,,,,,,,,,,,,,,,,,,,,,,,,,,,,,,,,,,,,,,,,,,,,,,,,,,,,,,,,,,,,,,,,,,,,,,,,,,,,,,,,,,,,,,,,,,,,,,,,,,,,,,,,,,,,,,,,,,,
Austin,Wells,Austin Wells,C,,2026-09-18T00:00:00,All Day,NYY,ARI,1900-01-08T00:00:00,,L,-1.5,8,4.1,2300,7.5,6.8,5.8,7.38,3.21,,,,,,,,,,,,,,,,,,,,,,,,,,,,,,,,,,,,,,,,,,,,,,,,,,,,,,,,,,,,,,,,,,,,,,,,,,,,,,,,,,,,,,,,,,,,,,,,,,,,,,,,,,,,,,,,,,,,,,
Joe,Mack,Joe Mack,C,,2026-09-18T00:00:00,All Day,MIA,SD,1900-01-08T00:00:00,,L,+1.5,7.5,3.1,2500,3.8,7.7,7.2,7.38,2.95,,,,,,,,,,,,,,,,,,,,,,,,,,,,,,,,,,,,,,,,,,,,,,,,,,,,,,,,,,,,,,,,,,,,,,,,,,,,,,,,,,,,,,,,,,,,,,,,,,,,,,,,,,,,,,,,,,,,,,
Colton,Cowser,Colton Cowser,OF,,2026-09-18T00:00:00,All Day,BAL,MIL,1900-01-07T00:00:00,,L,+1.5,8.5,3.9,2500,4.2,5.8,6.3,7.35,2.94,,,,,,,,,,,,,,,,,,,,,,,,,,,,,,,,,,,,,,,,,,,,,,,,,,,,,,,,,,,,,,,,,,,,,,,,,,,,,,,,,,,,,,,,,,,,,,,,,,,,,,,,,,,,,,,,,,,,,,
Leody,Taveras,Leody Taveras,OF,,2026-09-18T00:00:00,All Day,BAL,MIL,1900-01-09T00:00:00,,S,+1.5,8.5,3.9,2700,3.8,3.5,7.7,7.33,2.71,,,,,,,,,,,,,,,,,,,,,,,,,,,,,,,,,,,,,,,,,,,,,,,,,,,,,,,,,,,,,,,,,,,,,,,,,,,,,,,,,,,,,,,,,,,,,,,,,,,,,,,,,,,,,,,,,,,,,,
Oswald,Peraza,Oswald Peraza,SS,,2026-09-18T00:00:00,All Day,LAA,MIN,1900-01-06T00:00:00,,R,+1.5,8,4,2500,6.2,5.2,6.3,7.30,2.92,,,,,,,,,,,,,,,,,,,,,,,,,,,,,,,,,,,,,,,,,,,,,,,,,,,,,,,,,,,,,,,,,,,,,,,,,,,,,,,,,,,,,,,,,,,,,,,,,,,,,,,,,,,,,,,,,,,,,,
Salvador,Perez,Salvador Perez,C,,2026-09-18T00:00:00,All Day,KC,PIT,1900-01-06T00:00:00,,R,+1.5,8.5,3.7,2700,1.8,7.2,8.0,7.28,2.70,,,,,,,,,,,,,,,,,,,,,,,,,,,,,,,,,,,,,,,,,,,,,,,,,,,,,,,,,,,,,,,,,,,,,,,,,,,,,,,,,,,,,,,,,,,,,,,,,,,,,,,,,,,,,,,,,,,,,,
Drew,Cavanaugh,Drew Cavanaugh,C,,2026-09-18T00:00:00,All Day,SF,LAD,1900-01-07T00:00:00,,L,+1.5,8,2.9,2300,6.2,4.3,4.5,7.25,3.15,,,,,,,,,,,,,,,,,,,,,,,,,,,,,,,,,,,,,,,,,,,,,,,,,,,,,,,,,,,,,,,,,,,,,,,,,,,,,,,,,,,,,,,,,,,,,,,,,,,,,,,,,,,,,,,,,,,,,,
Evan,Carter,Evan Carter,OF,,2026-09-18T00:00:00,All Day,TEX,TOR,1900-01-09T00:00:00,,L,+1.5,7.5,3.5,2700,1.9,6.2,6.8,7.22,2.68,,,,,,,,,,,,,,,,,,,,,,,,,,,,,,,,,,,,,,,,,,,,,,,,,,,,,,,,,,,,,,,,,,,,,,,,,,,,,,,,,,,,,,,,,,,,,,,,,,,,,,,,,,,,,,,,,,,,,,
Jose,Siri,Jose Siri,OF,,2026-09-18T00:00:00,All Day,LAA,MIN,1900-01-03T00:00:00,,R,+1.5,8,4,2600,6.9,7.5,6.1,7.21,2.77,,,,,,,,,,,,,,,,,,,,,,,,,,,,,,,,,,,,,,,,,,,,,,,,,,,,,,,,,,,,,,,,,,,,,,,,,,,,,,,,,,,,,,,,,,,,,,,,,,,,,,,,,,,,,,,,,,,,,,
Eduardo,Valencia,Eduardo Valencia,C,,2026-09-18T00:00:00,All Day,DET,CWS,1900-01-08T00:00:00,,R,+1.5,8.5,4.1,2800,8.0,6.4,9.6,7.20,2.57,,,,,,,,,,,,,,,,,,,,,,,,,,,,,,,,,,,,,,,,,,,,,,,,,,,,,,,,,,,,,,,,,,,,,,,,,,,,,,,,,,,,,,,,,,,,,,,,,,,,,,,,,,,,,,,,,,,,,,
Jeremiah,Jackson,Jeremiah Jackson,2B,,2026-09-18T00:00:00,All Day,BAL,MIL,1900-01-08T00:00:00,,R,+1.5,8.5,3.9,2400,11.3,6.0,6.8,7.17,2.99,,,,,,,,,,,,,,,,,,,,,,,,,,,,,,,,,,,,,,,,,,,,,,,,,,,,,,,,,,,,,,,,,,,,,,,,,,,,,,,,,,,,,,,,,,,,,,,,,,,,,,,,,,,,,,,,,,,,,,
John,Rave,John Rave,OF,,2026-09-18T00:00:00,All Day,KC,PIT,1900-01-07T00:00:00,,L,+1.5,8.5,3.7,2700,8.1,10.8,8.5,7.17,2.66,,,,,,,,,,,,,,,,,,,,,,,,,,,,,,,,,,,,,,,,,,,,,,,,,,,,,,,,,,,,,,,,,,,,,,,,,,,,,,,,,,,,,,,,,,,,,,,,,,,,,,,,,,,,,,,,,,,,,,
Hao-Yu,Lee,Hao-Yu Lee,2B,,2026-09-18T00:00:00,All Day,DET,CWS,1900-01-09T00:00:00,,R,+1.5,8.5,4.1,2700,13.8,10.0,7.1,7.17,2.65,,,,,,,,,,,,,,,,,,,,,,,,,,,,,,,,,,,,,,,,,,,,,,,,,,,,,,,,,,,,,,,,,,,,,,,,,,,,,,,,,,,,,,,,,,,,,,,,,,,,,,,,,,,,,,,,,,,,,,
Nathan,Church,Nathan Church,OF,,2026-09-18T00:00:00,All Day,STL,WAS,1900-01-09T00:00:00,,L,+1.5,7.5,3.8,2500,7.3,7.7,7.5,7.15,2.86,,,,,,,,,,,,,,,,,,,,,,,,,,,,,,,,,,,,,,,,,,,,,,,,,,,,,,,,,,,,,,,,,,,,,,,,,,,,,,,,,,,,,,,,,,,,,,,,,,,,,,,,,,,,,,,,,,,,,,
Nick,Fortes,Nick Fortes,C,,2026-09-18T00:00:00,All Day,TB,BOS,1900-01-07T00:00:00,,R,-1.5,7,3.7,2400,10.1,6.9,6.3,7.02,2.93,,,,,,,,,,,,,,,,,,,,,,,,,,,,,,,,,,,,,,,,,,,,,,,,,,,,,,,,,,,,,,,,,,,,,,,,,,,,,,,,,,,,,,,,,,,,,,,,,,,,,,,,,,,,,,,,,,,,,,
Shay,Whitcomb,Shay Whitcomb,3B,,2026-09-18T00:00:00,All Day,SF,LAD,1900-01-06T00:00:00,,R,+1.5,8,2.9,2300,8.0,6.5,4.7,7.02,3.05,,,,,,,,,,,,,,,,,,,,,,,,,,,,,,,,,,,,,,,,,,,,,,,,,,,,,,,,,,,,,,,,,,,,,,,,,,,,,,,,,,,,,,,,,,,,,,,,,,,,,,,,,,,,,,,,,,,,,,
Henry,Davis,Henry Davis,C,,2026-09-18T00:00:00,All Day,PIT,KC,1900-01-09T00:00:00,,R,-1.5,8.5,4.8,2300,10.6,7.8,6.9,7.02,3.05,,,,,,,,,,,,,,,,,,,,,,,,,,,,,,,,,,,,,,,,,,,,,,,,,,,,,,,,,,,,,,,,,,,,,,,,,,,,,,,,,,,,,,,,,,,,,,,,,,,,,,,,,,,,,,,,,,,,,,
Isiah,Kiner-Falefa,Isiah Kiner-Falefa,SS,,2026-09-18T00:00:00,All Day,BOS,TB,1900-01-07T00:00:00,,R,+1.5,7,3.3,2400,1.8,6.9,7.0,6.98,2.91,,,,,,,,,,,,,,,,,,,,,,,,,,,,,,,,,,,,,,,,,,,,,,,,,,,,,,,,,,,,,,,,,,,,,,,,,,,,,,,,,,,,,,,,,,,,,,,,,,,,,,,,,,,,,,,,,,,,,,
Tristan,Peters,Tristan Peters,OF,,2026-09-18T00:00:00,All Day,CWS,DET,1900-01-09T00:00:00,,L,-1.5,8.5,4.5,2700,7.4,7.4,8.0,6.97,2.58,,,,,,,,,,,,,,,,,,,,,,,,,,,,,,,,,,,,,,,,,,,,,,,,,,,,,,,,,,,,,,,,,,,,,,,,,,,,,,,,,,,,,,,,,,,,,,,,,,,,,,,,,,,,,,,,,,,,,,
Jose,Trevino,Jose Trevino,C,,2026-09-18T00:00:00,All Day,CIN,CHC,1900-01-08T00:00:00,,R,+1.5,8.5,3.9,2300,0.6,3.8,5.1,6.93,3.01,,,,,,,,,,,,,,,,,,,,,,,,,,,,,,,,,,,,,,,,,,,,,,,,,,,,,,,,,,,,,,,,,,,,,,,,,,,,,,,,,,,,,,,,,,,,,,,,,,,,,,,,,,,,,,,,,,,,,,
Taylor,Walls,Taylor Walls,SS,,2026-09-18T00:00:00,All Day,TB,BOS,1900-01-09T00:00:00,,S,-1.5,7,3.7,2500,8.2,9.0,7.6,6.91,2.76,,,,,,,,,,,,,,,,,,,,,,,,,,,,,,,,,,,,,,,,,,,,,,,,,,,,,,,,,,,,,,,,,,,,,,,,,,,,,,,,,,,,,,,,,,,,,,,,,,,,,,,,,,,,,,,,,,,,,,
Bryan,Torres,Bryan Torres,2B,,2026-09-18T00:00:00,All Day,STL,WAS,1900-01-07T00:00:00,,L,+1.5,7.5,3.8,2300,4.3,4.3,5.6,6.91,3.01,,,,,,,,,,,,,,,,,,,,,,,,,,,,,,,,,,,,,,,,,,,,,,,,,,,,,,,,,,,,,,,,,,,,,,,,,,,,,,,,,,,,,,,,,,,,,,,,,,,,,,,,,,,,,,,,,,,,,,
Christian,Koss,Christian Koss,SS,,2026-09-18T00:00:00,All Day,SF,LAD,1900-01-09T00:00:00,,R,+1.5,8,2.9,2400,10.6,10.5,6.2,6.90,2.87,,,,,,,,,,,,,,,,,,,,,,,,,,,,,,,,,,,,,,,,,,,,,,,,,,,,,,,,,,,,,,,,,,,,,,,,,,,,,,,,,,,,,,,,,,,,,,,,,,,,,,,,,,,,,,,,,,,,,,
Elias,Diaz,Elias Diaz,C,,2026-09-18T00:00:00,All Day,TEX,TOR,1900-01-08T00:00:00,,R,+1.5,7.5,3.5,2400,7.0,8.0,6.3,6.89,2.87,,,,,,,,,,,,,,,,,,,,,,,,,,,,,,,,,,,,,,,,,,,,,,,,,,,,,,,,,,,,,,,,,,,,,,,,,,,,,,,,,,,,,,,,,,,,,,,,,,,,,,,,,,,,,,,,,,,,,,
Christian,Moore,Christian Moore,2B,,2026-09-18T00:00:00,All Day,LAA,MIN,1900-01-05T00:00:00,,R,+1.5,8,4,2300,1.3,4.1,5.1,6.89,3.00,,,,,,,,,,,,,,,,,,,,,,,,,,,,,,,,,,,,,,,,,,,,,,,,,,,,,,,,,,,,,,,,,,,,,,,,,,,,,,,,,,,,,,,,,,,,,,,,,,,,,,,,,,,,,,,,,,,,,,
Connor,Wong,Connor Wong,C,,2026-09-18T00:00:00,All Day,BOS,TB,1900-01-09T00:00:00,,R,+1.5,7,3.3,2300,3.8,4.7,6.7,6.79,2.95,,,,,,,,,,,,,,,,,,,,,,,,,,,,,,,,,,,,,,,,,,,,,,,,,,,,,,,,,,,,,,,,,,,,,,,,,,,,,,,,,,,,,,,,,,,,,,,,,,,,,,,,,,,,,,,,,,,,,,
Josh,Smith,Josh Smith,SS,,2026-09-18T00:00:00,All Day,TOR,TEX,1900-01-08T00:00:00,,L,-1.5,7.5,4,2500,4.3,6.8,6.1,6.63,2.65,,,,,,,,,,,,,,,,,,,,,,,,,,,,,,,,,,,,,,,,,,,,,,,,,,,,,,,,,,,,,,,,,,,,,,,,,,,,,,,,,,,,,,,,,,,,,,,,,,,,,,,,,,,,,,,,,,,,,,
Kyle,Isbel,Kyle Isbel,OF,,2026-09-18T00:00:00,All Day,KC,PIT,1900-01-09T00:00:00,,L,+1.5,8.5,3.7,2300,0.6,1.8,5.9,6.58,2.86,,,,,,,,,,,,,,,,,,,,,,,,,,,,,,,,,,,,,,,,,,,,,,,,,,,,,,,,,,,,,,,,,,,,,,,,,,,,,,,,,,,,,,,,,,,,,,,,,,,,,,,,,,,,,,,,,,,,,,
Michael,Massey,Michael Massey,2B,,2026-09-18T00:00:00,All Day,KC,PIT,1900-01-05T00:00:00,,L,+1.5,8.5,3.7,2700,6.8,5.8,7.5,6.40,2.37,,,,,,,,,,,,,,,,,,,,,,,,,,,,,,,,,,,,,,,,,,,,,,,,,,,,,,,,,,,,,,,,,,,,,,,,,,,,,,,,,,,,,,,,,,,,,,,,,,,,,,,,,,,,,,,,,,,,,,
LaMonte,Wade Jr.,LaMonte Wade Jr,1B,,2026-09-18T00:00:00,All Day,HOU,ATL,1900-01-08T00:00:00,,L,+1.5,8,3.9,2300,6.2,6.0,6.1,6.21,2.70,,,,,,,,,,,,,,,,,,,,,,,,,,,,,,,,,,,,,,,,,,,,,,,,,,,,,,,,,,,,,,,,,,,,,,,,,,,,,,,,,,,,,,,,,,,,,,,,,,,,,,,,,,,,,,,,,,,,,,
Michael,Stefanic,Michael Stefanic,2B,,2026-09-18T00:00:00,All Day,OAK,CLE,1900-01-08T00:00:00,,R,+1.5,8.5,3.5,2100,1.8,4.7,4.7,6.21,2.96,,,,,,,,,,,,,,,,,,,,,,,,,,,,,,,,,,,,,,,,,,,,,,,,,,,,,,,,,,,,,,,,,,,,,,,,,,,,,,,,,,,,,,,,,,,,,,,,,,,,,,,,,,,,,,,,,,,,,,
Jacob,Young,Jacob Young,OF,,2026-09-18T00:00:00,All Day,WAS,STL,1900-01-09T00:00:00,,R,-1.5,7.5,3.8,2400,6.9,6.3,8.3,6.19,2.58,,,,,,,,,,,,,,,,,,,,,,,,,,,,,,,,,,,,,,,,,,,,,,,,,,,,,,,,,,,,,,,,,,,,,,,,,,,,,,,,,,,,,,,,,,,,,,,,,,,,,,,,,,,,,,,,,,,,,,
Nick,Loftin,Nick Loftin,3B,,2026-09-18T00:00:00,All Day,KC,PIT,1900-01-08T00:00:00,,R,+1.5,8.5,3.7,2300,1.2,3.4,7.3,6.18,2.68,,,,,,,,,,,,,,,,,,,,,,,,,,,,,,,,,,,,,,,,,,,,,,,,,,,,,,,,,,,,,,,,,,,,,,,,,,,,,,,,,,,,,,,,,,,,,,,,,,,,,,,,,,,,,,,,,,,,,,
Alika,Williams,Alika Williams,SS,,2026-09-18T00:00:00,All Day,OAK,CLE,1900-01-09T00:00:00,,R,+1.5,8.5,3.5,2300,5.4,6.7,5.8,6.14,2.67,,,,,,,,,,,,,,,,,,,,,,,,,,,,,,,,,,,,,,,,,,,,,,,,,,,,,,,,,,,,,,,,,,,,,,,,,,,,,,,,,,,,,,,,,,,,,,,,,,,,,,,,,,,,,,,,,,,,,,
Nicky,Lopez,Nicky Lopez,2B,,2026-09-18T00:00:00,All Day,TEX,TOR,1900-01-07T00:00:00,,L,+1.5,7.5,3.5,2300,3.1,4.0,5.0,6.12,2.66,,,,,,,,,,,,,,,,,,,,,,,,,,,,,,,,,,,,,,,,,,,,,,,,,,,,,,,,,,,,,,,,,,,,,,,,,,,,,,,,,,,,,,,,,,,,,,,,,,,,,,,,,,,,,,,,,,,,,,
Christian,Vazquez,Christian Vazquez,C,,2026-09-18T00:00:00,All Day,HOU,ATL,1900-01-09T00:00:00,,R,+1.5,8,3.9,2100,2.4,3.7,5.5,5.93,2.82,,,,,,,,,,,,,,,,,,,,,,,,,,,,,,,,,,,,,,,,,,,,,,,,,,,,,,,,,,,,,,,,,,,,,,,,,,,,,,,,,,,,,,,,,,,,,,,,,,,,,,,,,,,,,,,,,,,,,,
Tim,Mayza,Tim Mayza,P,,2026-09-18T00:00:00,All Day,PHI,NYM,,YES,L,+1.5,8.5,4.3,5700,6.8,6.7,6.0,5.65,0.99,,,,,,,,,,,,,,,,,,,,,,,,,,,,,,,,,,,,,,,,,,,,,,,,,,,,,,,,,,,,,,,,,,,,,,,,,,,,,,,,,,,,,,,,,,,,,,,,,,,,,,,,,,,,,,,,,,,,,,
Amed,Rosario,Amed Rosario,2B,,2026-09-18T00:00:00,All Day,NYY,ARI,,,R,-1.5,8,4.1,2500,5.0,6.3,6.3,5.57,2.23,,,,,,,,,,,,,,,,,,,,,,,,,,,,,,,,,,,,,,,,,,,,,,,,,,,,,,,,,,,,,,,,,,,,,,,,,,,,,,,,,,,,,,,,,,,,,,,,,,,,,,,,,,,,,,,,,,,,,,
Max,Muncy,Max Muncy,3B,,2026-09-18T00:00:00,All Day,LAD,SF,,,L,-1.5,8,5.1,3100,5.6,11.2,10.0,1.97,0.63,,,,,,,,,,,,,,,,,,,,,,,,,,,,,,,,,,,,,,,,,,,,,,,,,,,,,,,,,,,,,,,,,,,,,,,,,,,,,,,,,,,,,,,,,,,,,,,,,,,,,,,,,,,,,,,,,,,,,,
Taylor,Ward,Taylor Ward,OF,,2026-09-18T00:00:00,All Day,SEA,COL,,,R,-1.5,10.5,6,3300,1.8,2.2,8.2,1.97,0.60,,,,,,,,,,,,,,,,,,,,,,,,,,,,,,,,,,,,,,,,,,,,,,,,,,,,,,,,,,,,,,,,,,,,,,,,,,,,,,,,,,,,,,,,,,,,,,,,,,,,,,,,,,,,,,,,,,,,,,
Paul,Goldschmidt,Paul Goldschmidt,1B,,2026-09-18T00:00:00,All Day,NYY,ARI,,,R,-1.5,8,4.1,2800,5.6,9.1,8.6,1.95,0.70,,,,,,,,,,,,,,,,,,,,,,,,,,,,,,,,,,,,,,,,,,,,,,,,,,,,,,,,,,,,,,,,,,,,,,,,,,,,,,,,,,,,,,,,,,,,,,,,,,,,,,,,,,,,,,,,,,,,,,
Jake,Bauers,Jake Bauers,1B,,2026-09-18T00:00:00,All Day,MIL,BAL,,,L,-1.5,8.5,4.6,3400,18.1,14.7,11.7,1.95,0.57,,,,,,,,,,,,,,,,,,,,,,,,,,,,,,,,,,,,,,,,,,,,,,,,,,,,,,,,,,,,,,,,,,,,,,,,,,,,,,,,,,,,,,,,,,,,,,,,,,,,,,,,,,,,,,,,,,,,,,
Ethan,Salas,Ethan Salas,C,,2026-09-18T00:00:00,All Day,SD,MIA,,,L,-1.5,7.5,4.4,2600,10.6,5.9,5.9,1.95,0.75,,,,,,,,,,,,,,,,,,,,,,,,,,,,,,,,,,,,,,,,,,,,,,,,,,,,,,,,,,,,,,,,,,,,,,,,,,,,,,,,,,,,,,,,,,,,,,,,,,,,,,,,,,,,,,,,,,,,,,
Heliot,Ramos,Heliot Ramos,OF,,2026-09-18T00:00:00,All Day,NYY,ARI,,,R,-1.5,8,4.1,2700,10.7,10.0,8.2,1.94,0.72,,,,,,,,,,,,,,,,,,,,,,,,,,,,,,,,,,,,,,,,,,,,,,,,,,,,,,,,,,,,,,,,,,,,,,,,,,,,,,,,,,,,,,,,,,,,,,,,,,,,,,,,,,,,,,,,,,,,,,
Jesus,Sanchez,Jesus Sanchez,OF,,2026-09-18T00:00:00,All Day,ARI,NYY,,,L,+1.5,8,3.9,2400,2.5,2.8,6.3,1.94,0.81,,,,,,,,,,,,,,,,,,,,,,,,,,,,,,,,,,,,,,,,,,,,,,,,,,,,,,,,,,,,,,,,,,,,,,,,,,,,,,,,,,,,,,,,,,,,,,,,,,,,,,,,,,,,,,,,,,,,,,
Josue,De Paula,Josue De Paula,OF,,2026-09-18T00:00:00,All Day,LAD,SF,,,L,-1.5,8,5.1,2700,11.2,9.8,9.8,1.94,0.72,,,,,,,,,,,,,,,,,,,,,,,,,,,,,,,,,,,,,,,,,,,,,,,,,,,,,,,,,,,,,,,,,,,,,,,,,,,,,,,,,,,,,,,,,,,,,,,,,,,,,,,,,,,,,,,,,,,,,,
Scott,Bandura,Scott Bandura,OF,,2026-09-18T00:00:00,All Day,SF,LAD,,,L,+1.5,8,2.9,2100,3.8,3.8,3.8,1.94,0.92,,,,,,,,,,,,,,,,,,,,,,,,,,,,,,,,,,,,,,,,,,,,,,,,,,,,,,,,,,,,,,,,,,,,,,,,,,,,,,,,,,,,,,,,,,,,,,,,,,,,,,,,,,,,,,,,,,,,,,
Ben,Ross,Ben Ross,SS,,2026-09-18T00:00:00,All Day,MIN,LAA,,,R,-1.5,8,4,2100,3.7,3.7,3.7,1.92,0.91,,,,,,,,,,,,,,,,,,,,,,,,,,,,,,,,,,,,,,,,,,,,,,,,,,,,,,,,,,,,,,,,,,,,,,,,,,,,,,,,,,,,,,,,,,,,,,,,,,,,,,,,,,,,,,,,,,,,,,
Jurickson,Profar,Jurickson Profar,OF,O,2026-09-18T00:00:00,All Day,ATL,HOU,,,S,-1.5,8,4.1,2000,3.6,6.2,,0.00,0.00,,,,,,,,,,,,,,,,,,,,,,,,,,,,,,,,,,,,,,,,,,,,,,,,,,,,,,,,,,,,,,,,,,,,,,,,,,,,,,,,,,,,,,,,,,,,,,,,,,,,,,,,,,,,,,,,,,,,,,
